time_s,motor,sg,threshold,window_avg,window_n,vel_mms,pos_x,pos_y,pos_z,state
55.99,stepper_x,,20,,0,0.0,0.0,0.0,0.0,V
55.99,stepper_y,,20,,0,0.0,0.0,0.0,0.0,V
55.99,stepper_y1,,20,,0,0.0,0.0,0.0,0.0,V
56.01,stepper_x,,20,,0,0.0,0.0,0.0,0.0,V
56.01,stepper_y,,20,,0,0.0,0.0,0.0,0.0,V
56.01,stepper_y1,,20,,0,0.0,0.0,0.0,0.0,V
56.031,stepper_x,,20,,0,0.0,0.0,0.0,0.0,V
56.031,stepper_y,,20,,0,0.0,0.0,0.0,0.0,V
56.031,stepper_y1,,20,,0,0.0,0.0,0.0,0.0,V
56.051,stepper_x,,20,,0,0.0,0.0,0.0,0.0,V
56.051,stepper_y,,20,,0,0.0,0.0,0.0,0.0,V
56.051,stepper_y1,,20,,0,0.0,0.0,0.0,0.0,V
56.074,stepper_x,,20,,0,0.0,0.0,0.0,0.0,V
56.074,stepper_y,,20,,0,0.0,0.0,0.0,0.0,V
56.074,stepper_y1,,20,,0,0.0,0.0,0.0,0.0,V
56.094,stepper_x,,20,,0,0.0,0.0,0.0,0.0,V
56.094,stepper_y,,20,,0,0.0,0.0,0.0,0.0,V
56.094,stepper_y1,,20,,0,0.0,0.0,0.0,0.0,V
56.114,stepper_x,,20,,0,0.0,0.0,0.0,0.0,V
56.114,stepper_y,,20,,0,0.0,0.0,0.0,0.0,V
56.114,stepper_y1,,20,,0,0.0,0.0,0.0,0.0,V
56.135,stepper_x,,20,,0,0.0,0.0,0.0,0.0,V
56.135,stepper_y,,20,,0,0.0,0.0,0.0,0.0,V
56.135,stepper_y1,,20,,0,0.0,0.0,0.0,0.0,V
56.155,stepper_x,,20,,0,0.0,0.0,0.0,0.0,V
56.155,stepper_y,,20,,0,0.0,0.0,0.0,0.0,V
56.155,stepper_y1,,20,,0,0.0,0.0,0.0,0.0,V
56.175,stepper_x,,20,,0,0.0,0.0,0.0,0.0,V
56.175,stepper_y,,20,,0,0.0,0.0,0.0,0.0,V
56.175,stepper_y1,,20,,0,0.0,0.0,0.0,0.0,V
56.195,stepper_x,,20,,0,0.0,0.0,0.0,0.0,V
56.195,stepper_y,,20,,0,0.0,0.0,0.0,0.0,V
56.195,stepper_y1,,20,,0,0.0,0.0,0.0,0.0,V
56.215,stepper_x,,20,,0,0.0,0.0,0.0,0.0,V
56.215,stepper_y,,20,,0,0.0,0.0,0.0,0.0,V
56.215,stepper_y1,,20,,0,0.0,0.0,0.0,0.0,V
56.236,stepper_x,,20,,0,0.0,0.0,0.0,0.0,V
56.236,stepper_y,,20,,0,0.0,0.0,0.0,0.0,V
56.236,stepper_y1,,20,,0,0.0,0.0,0.0,0.0,V
56.256,stepper_x,,20,,0,0.0,0.0,0.0,0.0,V
56.256,stepper_y,,20,,0,0.0,0.0,0.0,0.0,V
56.256,stepper_y1,,20,,0,0.0,0.0,0.0,0.0,V
56.276,stepper_x,,20,,0,0.0,0.0,0.0,0.0,V
56.276,stepper_y,,20,,0,0.0,0.0,0.0,0.0,V
56.276,stepper_y1,,20,,0,0.0,0.0,0.0,0.0,V
56.296,stepper_x,,20,,0,0.0,0.0,0.0,0.0,V
56.296,stepper_y,,20,,0,0.0,0.0,0.0,0.0,V
56.296,stepper_y1,,20,,0,0.0,0.0,0.0,0.0,V
56.316,stepper_x,,20,,0,0.0,0.0,0.0,0.0,V
56.316,stepper_y,,20,,0,0.0,0.0,0.0,0.0,V
56.316,stepper_y1,,20,,0,0.0,0.0,0.0,0.0,V
56.337,stepper_x,,20,,0,0.0,0.0,0.0,0.0,V
56.337,stepper_y,,20,,0,0.0,0.0,0.0,0.0,V
56.337,stepper_y1,,20,,0,0.0,0.0,0.0,0.0,V
56.357,stepper_x,,20,,0,0.0,0.0,0.0,0.0,V
56.357,stepper_y,,20,,0,0.0,0.0,0.0,0.0,V
56.357,stepper_y1,,20,,0,0.0,0.0,0.0,0.0,V
56.377,stepper_x,,20,,0,0.0,0.0,0.0,0.0,V
56.377,stepper_y,,20,,0,0.0,0.0,0.0,0.0,V
56.377,stepper_y1,,20,,0,0.0,0.0,0.0,0.0,V
56.397,stepper_x,,20,,0,0.0,0.0,0.0,0.0,V
56.397,stepper_y,,20,,0,0.0,0.0,0.0,0.0,V
56.397,stepper_y1,,20,,0,0.0,0.0,0.0,0.0,V
56.417,stepper_x,,20,,0,0.0,0.0,0.0,0.0,V
56.417,stepper_y,,20,,0,0.0,0.0,0.0,0.0,V
56.417,stepper_y1,,20,,0,0.0,0.0,0.0,0.0,V
56.438,stepper_x,,20,,0,0.0,0.0,0.0,0.0,V
56.438,stepper_y,,20,,0,0.0,0.0,0.0,0.0,V
56.438,stepper_y1,,20,,0,0.0,0.0,0.0,0.0,V
56.458,stepper_x,,20,,0,0.0,0.0,0.0,0.0,V
56.458,stepper_y,,20,,0,0.0,0.0,0.0,0.0,V
56.458,stepper_y1,,20,,0,0.0,0.0,0.0,0.0,V
56.479,stepper_x,,20,,0,0.0,0.0,0.0,0.0,V
56.479,stepper_y,,20,,0,0.0,0.0,0.0,0.0,V
56.479,stepper_y1,,20,,0,0.0,0.0,0.0,0.0,V
56.499,stepper_x,,20,,0,0.0,0.0,0.0,0.0,V
56.499,stepper_y,,20,,0,0.0,0.0,0.0,0.0,V
56.499,stepper_y1,,20,,0,0.0,0.0,0.0,0.0,V
56.52,stepper_x,,20,,0,0.0,0.0,0.0,0.0,V
56.52,stepper_y,,20,,0,0.0,0.0,0.0,0.0,V
56.52,stepper_y1,,20,,0,0.0,0.0,0.0,0.0,V
56.54,stepper_x,,20,,0,0.0,0.0,0.0,0.0,V
56.54,stepper_y,,20,,0,0.0,0.0,0.0,0.0,V
56.54,stepper_y1,,20,,0,0.0,0.0,0.0,0.0,V
56.56,stepper_x,,20,,0,0.0,0.0,0.0,0.0,V
56.56,stepper_y,,20,,0,0.0,0.0,0.0,0.0,V
56.56,stepper_y1,,20,,0,0.0,0.0,0.0,0.0,V
56.58,stepper_x,,20,,0,0.0,0.0,0.0,0.0,V
56.58,stepper_y,,20,,0,0.0,0.0,0.0,0.0,V
56.58,stepper_y1,,20,,0,0.0,0.0,0.0,0.0,V
56.6,stepper_x,,20,,0,0.0,0.0,0.0,0.0,V
56.6,stepper_y,,20,,0,0.0,0.0,0.0,0.0,V
56.6,stepper_y1,,20,,0,0.0,0.0,0.0,0.0,V
56.621,stepper_x,,20,,0,0.0,0.0,0.0,0.0,V
56.621,stepper_y,,20,,0,0.0,0.0,0.0,0.0,V
56.621,stepper_y1,,20,,0,0.0,0.0,0.0,0.0,V
56.641,stepper_x,,20,,0,0.0,0.0,0.0,0.0,V
56.641,stepper_y,,20,,0,0.0,0.0,0.0,0.0,V
56.641,stepper_y1,,20,,0,0.0,0.0,0.0,0.0,V
56.661,stepper_x,,20,,0,0.0,0.0,0.0,0.0,V
56.661,stepper_y,,20,,0,0.0,0.0,0.0,0.0,V
56.661,stepper_y1,,20,,0,0.0,0.0,0.0,0.0,V
56.681,stepper_x,,20,,0,0.0,0.0,0.0,0.0,V
56.681,stepper_y,,20,,0,0.0,0.0,0.0,0.0,V
56.681,stepper_y1,,20,,0,0.0,0.0,0.0,0.0,V
56.703,stepper_x,,20,,0,0.0,0.0,0.0,0.0,V
56.703,stepper_y,,20,,0,0.0,0.0,0.0,0.0,V
56.703,stepper_y1,,20,,0,0.0,0.0,0.0,0.0,V
56.723,stepper_x,,20,,0,0.0,0.0,0.0,0.0,V
56.723,stepper_y,,20,,0,0.0,0.0,0.0,0.0,V
56.723,stepper_y1,,20,,0,0.0,0.0,0.0,0.0,V
56.744,stepper_x,,20,,0,0.0,0.0,0.0,0.0,V
56.744,stepper_y,,20,,0,0.0,0.0,0.0,0.0,V
56.744,stepper_y1,,20,,0,0.0,0.0,0.0,0.0,V
56.764,stepper_x,,20,,0,0.0,0.0,0.0,0.0,V
56.764,stepper_y,,20,,0,0.0,0.0,0.0,0.0,V
56.764,stepper_y1,,20,,0,0.0,0.0,0.0,0.0,V
56.784,stepper_x,,20,,0,0.0,0.0,0.0,0.0,V
56.784,stepper_y,,20,,0,0.0,0.0,0.0,0.0,V
56.784,stepper_y1,,20,,0,0.0,0.0,0.0,0.0,V
56.804,stepper_x,,20,,0,0.0,0.0,0.0,0.0,V
56.804,stepper_y,,20,,0,0.0,0.0,0.0,0.0,V
56.804,stepper_y1,,20,,0,0.0,0.0,0.0,0.0,V
56.825,stepper_x,,20,,0,0.0,0.0,0.0,0.0,V
56.825,stepper_y,,20,,0,0.0,0.0,0.0,0.0,V
56.825,stepper_y1,,20,,0,0.0,0.0,0.0,0.0,V
56.845,stepper_x,,20,,0,0.0,0.0,0.0,0.0,V
56.845,stepper_y,,20,,0,0.0,0.0,0.0,0.0,V
56.845,stepper_y1,,20,,0,0.0,0.0,0.0,0.0,V
56.865,stepper_x,,20,,0,0.0,0.0,0.0,0.0,V
56.865,stepper_y,,20,,0,0.0,0.0,0.0,0.0,V
56.865,stepper_y1,,20,,0,0.0,0.0,0.0,0.0,V
56.885,stepper_x,,20,,0,0.0,0.0,0.0,0.0,V
56.885,stepper_y,,20,,0,0.0,0.0,0.0,0.0,V
56.885,stepper_y1,,20,,0,0.0,0.0,0.0,0.0,V
56.905,stepper_x,,20,,0,0.0,0.0,0.0,0.0,V
56.905,stepper_y,,20,,0,0.0,0.0,0.0,0.0,V
56.905,stepper_y1,,20,,0,0.0,0.0,0.0,0.0,V
56.926,stepper_x,,20,,0,0.0,0.0,0.0,0.0,V
56.926,stepper_y,,20,,0,0.0,0.0,0.0,0.0,V
56.926,stepper_y1,,20,,0,0.0,0.0,0.0,0.0,V
56.946,stepper_x,,20,,0,0.0,0.0,0.0,0.0,V
56.946,stepper_y,,20,,0,0.0,0.0,0.0,0.0,V
56.946,stepper_y1,,20,,0,0.0,0.0,0.0,0.0,V
56.966,stepper_x,,20,,0,0.0,0.0,0.0,0.0,V
56.966,stepper_y,,20,,0,0.0,0.0,0.0,0.0,V
56.966,stepper_y1,,20,,0,0.0,0.0,0.0,0.0,V
56.986,stepper_x,,20,,0,0.0,0.0,0.0,0.0,V
56.986,stepper_y,,20,,0,0.0,0.0,0.0,0.0,V
56.986,stepper_y1,,20,,0,0.0,0.0,0.0,0.0,V
57.006,stepper_x,,20,,0,0.0,0.0,0.0,0.0,V
57.006,stepper_y,,20,,0,0.0,0.0,0.0,0.0,V
57.006,stepper_y1,,20,,0,0.0,0.0,0.0,0.0,V
57.027,stepper_x,,20,,0,0.0,0.0,0.0,0.0,V
57.027,stepper_y,,20,,0,0.0,0.0,0.0,0.0,V
57.027,stepper_y1,,20,,0,0.0,0.0,0.0,0.0,V
57.047,stepper_x,,20,,0,0.0,0.0,0.0,0.0,V
57.047,stepper_y,,20,,0,0.0,0.0,0.0,0.0,V
57.047,stepper_y1,,20,,0,0.0,0.0,0.0,0.0,V
57.068,stepper_x,,20,,0,0.0,0.0,0.0,0.0,V
57.068,stepper_y,,20,,0,0.0,0.0,0.0,0.0,V
57.068,stepper_y1,,20,,0,0.0,0.0,0.0,0.0,V
57.088,stepper_x,,20,,0,0.0,0.0,0.0,0.0,V
57.088,stepper_y,,20,,0,0.0,0.0,0.0,0.0,V
57.088,stepper_y1,,20,,0,0.0,0.0,0.0,0.0,V
57.109,stepper_x,,20,,0,0.0,0.0,0.0,0.0,V
57.109,stepper_y,,20,,0,0.0,0.0,0.0,0.0,V
57.109,stepper_y1,,20,,0,0.0,0.0,0.0,0.0,V
57.129,stepper_x,,20,,0,0.0,0.0,0.0,0.0,V
57.129,stepper_y,,20,,0,0.0,0.0,0.0,0.0,V
57.129,stepper_y1,,20,,0,0.0,0.0,0.0,0.0,V
57.149,stepper_x,,20,,0,0.0,0.0,0.0,0.0,V
57.149,stepper_y,,20,,0,0.0,0.0,0.0,0.0,V
57.149,stepper_y1,,20,,0,0.0,0.0,0.0,0.0,V
57.169,stepper_x,,20,,0,0.0,0.0,0.0,0.0,V
57.169,stepper_y,,20,,0,0.0,0.0,0.0,0.0,V
57.169,stepper_y1,,20,,0,0.0,0.0,0.0,0.0,V
57.189,stepper_x,,20,,0,0.0,0.0,0.0,0.0,V
57.189,stepper_y,,20,,0,0.0,0.0,0.0,0.0,V
57.189,stepper_y1,,20,,0,0.0,0.0,0.0,0.0,V
57.21,stepper_x,,20,,0,0.0,0.0,0.0,0.0,V
57.21,stepper_y,,20,,0,0.0,0.0,0.0,0.0,V
57.21,stepper_y1,,20,,0,0.0,0.0,0.0,0.0,V
57.23,stepper_x,,20,,0,0.0,0.0,0.0,0.0,V
57.23,stepper_y,,20,,0,0.0,0.0,0.0,0.0,V
57.23,stepper_y1,,20,,0,0.0,0.0,0.0,0.0,V
57.251,stepper_x,,20,,0,0.0,0.0,0.0,0.0,V
57.251,stepper_y,,20,,0,0.0,0.0,0.0,0.0,V
57.251,stepper_y1,,20,,0,0.0,0.0,0.0,0.0,V
57.271,stepper_x,,20,,0,0.0,0.0,0.0,0.0,V
57.271,stepper_y,,20,,0,0.0,0.0,0.0,0.0,V
57.271,stepper_y1,,20,,0,0.0,0.0,0.0,0.0,V
57.291,stepper_x,,20,,0,0.0,0.0,0.0,0.0,V
57.291,stepper_y,,20,,0,0.0,0.0,0.0,0.0,V
57.291,stepper_y1,,20,,0,0.0,0.0,0.0,0.0,V
57.312,stepper_x,,20,,0,0.0,0.0,0.0,0.0,V
57.312,stepper_y,,20,,0,0.0,0.0,0.0,0.0,V
57.312,stepper_y1,,20,,0,0.0,0.0,0.0,0.0,V
57.332,stepper_x,,20,,0,0.0,0.0,0.0,0.0,V
57.332,stepper_y,,20,,0,0.0,0.0,0.0,0.0,V
57.332,stepper_y1,,20,,0,0.0,0.0,0.0,0.0,V
57.352,stepper_x,,20,,0,0.0,0.0,0.0,0.0,V
57.352,stepper_y,,20,,0,0.0,0.0,0.0,0.0,V
57.352,stepper_y1,,20,,0,0.0,0.0,0.0,0.0,V
57.372,stepper_x,,20,,0,0.0,0.0,0.0,0.0,V
57.372,stepper_y,,20,,0,0.0,0.0,0.0,0.0,V
57.372,stepper_y1,,20,,0,0.0,0.0,0.0,0.0,V
57.392,stepper_x,,20,,0,0.0,0.0,0.0,0.0,V
57.392,stepper_y,,20,,0,0.0,0.0,0.0,0.0,V
57.392,stepper_y1,,20,,0,0.0,0.0,0.0,0.0,V
57.413,stepper_x,,20,,0,0.0,0.0,0.0,0.0,V
57.413,stepper_y,,20,,0,0.0,0.0,0.0,0.0,V
57.413,stepper_y1,,20,,0,0.0,0.0,0.0,0.0,V
57.433,stepper_x,,20,,0,0.0,0.0,0.0,0.0,V
57.433,stepper_y,,20,,0,0.0,0.0,0.0,0.0,V
57.433,stepper_y1,,20,,0,0.0,0.0,0.0,0.0,V
57.454,stepper_x,,20,,0,0.0,0.0,0.0,0.0,V
57.454,stepper_y,,20,,0,0.0,0.0,0.0,0.0,V
57.454,stepper_y1,,20,,0,0.0,0.0,0.0,0.0,V
57.474,stepper_x,,20,,0,0.0,0.0,0.0,0.0,V
57.474,stepper_y,,20,,0,0.0,0.0,0.0,0.0,V
57.474,stepper_y1,,20,,0,0.0,0.0,0.0,0.0,V
57.494,stepper_x,,20,,0,0.0,0.0,0.0,0.0,V
57.494,stepper_y,,20,,0,0.0,0.0,0.0,0.0,V
57.494,stepper_y1,,20,,0,0.0,0.0,0.0,0.0,V
57.515,stepper_x,,20,,0,0.0,0.0,0.0,0.0,V
57.515,stepper_y,,20,,0,0.0,0.0,0.0,0.0,V
57.515,stepper_y1,,20,,0,0.0,0.0,0.0,0.0,V
57.535,stepper_x,,20,,0,0.0,0.0,0.0,0.0,V
57.535,stepper_y,,20,,0,0.0,0.0,0.0,0.0,V
57.535,stepper_y1,,20,,0,0.0,0.0,0.0,0.0,V
57.555,stepper_x,,20,,0,0.0,0.0,0.0,0.0,V
57.555,stepper_y,,20,,0,0.0,0.0,0.0,0.0,V
57.555,stepper_y1,,20,,0,0.0,0.0,0.0,0.0,V
57.575,stepper_x,,20,,0,0.0,0.0,0.0,0.0,V
57.575,stepper_y,,20,,0,0.0,0.0,0.0,0.0,V
57.575,stepper_y1,,20,,0,0.0,0.0,0.0,0.0,V
57.595,stepper_x,,20,,0,0.0,0.0,0.0,0.0,V
57.595,stepper_y,,20,,0,0.0,0.0,0.0,0.0,V
57.595,stepper_y1,,20,,0,0.0,0.0,0.0,0.0,V
57.616,stepper_x,,20,,0,0.0,0.0,0.0,0.0,V
57.616,stepper_y,,20,,0,0.0,0.0,0.0,0.0,V
57.616,stepper_y1,,20,,0,0.0,0.0,0.0,0.0,V
57.636,stepper_x,,20,,0,0.0,0.0,0.0,0.0,V
57.636,stepper_y,,20,,0,0.0,0.0,0.0,0.0,V
57.636,stepper_y1,,20,,0,0.0,0.0,0.0,0.0,V
57.656,stepper_x,,20,,0,0.0,0.0,0.0,0.0,V
57.656,stepper_y,,20,,0,0.0,0.0,0.0,0.0,V
57.656,stepper_y1,,20,,0,0.0,0.0,0.0,0.0,V
57.676,stepper_x,,20,,0,0.0,0.0,0.0,0.0,V
57.676,stepper_y,,20,,0,0.0,0.0,0.0,0.0,V
57.676,stepper_y1,,20,,0,0.0,0.0,0.0,0.0,V
57.696,stepper_x,,20,,0,0.0,0.0,0.0,0.0,V
57.696,stepper_y,,20,,0,0.0,0.0,0.0,0.0,V
57.696,stepper_y1,,20,,0,0.0,0.0,0.0,0.0,V
57.717,stepper_x,,20,,0,0.0,0.0,0.0,0.0,V
57.717,stepper_y,,20,,0,0.0,0.0,0.0,0.0,V
57.717,stepper_y1,,20,,0,0.0,0.0,0.0,0.0,V
57.737,stepper_x,,20,,0,0.0,0.0,0.0,0.0,V
57.737,stepper_y,,20,,0,0.0,0.0,0.0,0.0,V
57.737,stepper_y1,,20,,0,0.0,0.0,0.0,0.0,V
57.757,stepper_x,,20,,0,0.0,0.0,0.0,0.0,V
57.757,stepper_y,,20,,0,0.0,0.0,0.0,0.0,V
57.757,stepper_y1,,20,,0,0.0,0.0,0.0,0.0,V
57.777,stepper_x,,20,,0,0.0,0.0,0.0,0.0,V
57.777,stepper_y,,20,,0,0.0,0.0,0.0,0.0,V
57.777,stepper_y1,,20,,0,0.0,0.0,0.0,0.0,V
57.797,stepper_x,,20,,0,0.0,0.0,0.0,0.0,V
57.797,stepper_y,,20,,0,0.0,0.0,0.0,0.0,V
57.797,stepper_y1,,20,,0,0.0,0.0,0.0,0.0,V
57.818,stepper_x,,20,,0,0.0,0.0,0.0,0.0,V
57.818,stepper_y,,20,,0,0.0,0.0,0.0,0.0,V
57.818,stepper_y1,,20,,0,0.0,0.0,0.0,0.0,V
57.838,stepper_x,,20,,0,0.0,0.0,0.0,0.0,V
57.838,stepper_y,,20,,0,0.0,0.0,0.0,0.0,V
57.838,stepper_y1,,20,,0,0.0,0.0,0.0,0.0,V
57.858,stepper_x,,20,,0,0.0,0.0,0.0,0.0,V
57.858,stepper_y,,20,,0,0.0,0.0,0.0,0.0,V
57.858,stepper_y1,,20,,0,0.0,0.0,0.0,0.0,V
57.878,stepper_x,,20,,0,0.0,0.0,0.0,0.0,V
57.878,stepper_y,,20,,0,0.0,0.0,0.0,0.0,V
57.878,stepper_y1,,20,,0,0.0,0.0,0.0,0.0,V
57.898,stepper_x,,20,,0,0.0,0.0,0.0,0.0,V
57.898,stepper_y,,20,,0,0.0,0.0,0.0,0.0,V
57.898,stepper_y1,,20,,0,0.0,0.0,0.0,0.0,V
57.919,stepper_x,,20,,0,0.0,0.0,0.0,0.0,V
57.919,stepper_y,,20,,0,0.0,0.0,0.0,0.0,V
57.919,stepper_y1,,20,,0,0.0,0.0,0.0,0.0,V
57.939,stepper_x,,20,,0,0.0,0.0,0.0,0.0,V
57.939,stepper_y,,20,,0,0.0,0.0,0.0,0.0,V
57.939,stepper_y1,,20,,0,0.0,0.0,0.0,0.0,V
57.96,stepper_x,,20,,0,0.0,0.0,0.0,0.0,V
57.96,stepper_y,,20,,0,0.0,0.0,0.0,0.0,V
57.96,stepper_y1,,20,,0,0.0,0.0,0.0,0.0,V
57.98,stepper_x,,20,,0,0.0,0.0,0.0,0.0,V
57.98,stepper_y,,20,,0,0.0,0.0,0.0,0.0,V
57.98,stepper_y1,,20,,0,0.0,0.0,0.0,0.0,V
58.0,stepper_x,,20,,0,0.0,0.0,0.0,0.0,V
58.0,stepper_y,,20,,0,0.0,0.0,0.0,0.0,V
58.0,stepper_y1,,20,,0,0.0,0.0,0.0,0.0,V
58.021,stepper_x,,20,,0,0.0,0.0,0.0,0.0,V
58.021,stepper_y,,20,,0,0.0,0.0,0.0,0.0,V
58.021,stepper_y1,,20,,0,0.0,0.0,0.0,0.0,V
58.041,stepper_x,,20,,0,0.0,0.0,0.0,0.0,V
58.041,stepper_y,,20,,0,0.0,0.0,0.0,0.0,V
58.041,stepper_y1,,20,,0,0.0,0.0,0.0,0.0,V
58.061,stepper_x,,20,,0,0.0,0.0,0.0,0.0,V
58.061,stepper_y,,20,,0,0.0,0.0,0.0,0.0,V
58.061,stepper_y1,,20,,0,0.0,0.0,0.0,0.0,V
58.081,stepper_x,,20,,0,0.0,0.0,0.0,0.0,V
58.081,stepper_y,,20,,0,0.0,0.0,0.0,0.0,V
58.081,stepper_y1,,20,,0,0.0,0.0,0.0,0.0,V
58.101,stepper_x,,20,,0,0.0,0.0,0.0,0.0,V
58.101,stepper_y,,20,,0,0.0,0.0,0.0,0.0,V
58.101,stepper_y1,,20,,0,0.0,0.0,0.0,0.0,V
58.122,stepper_x,,20,,0,0.0,0.0,0.0,0.0,V
58.122,stepper_y,,20,,0,0.0,0.0,0.0,0.0,V
58.122,stepper_y1,,20,,0,0.0,0.0,0.0,0.0,V
58.142,stepper_x,,20,,0,0.0,0.0,0.0,0.0,V
58.142,stepper_y,,20,,0,0.0,0.0,0.0,0.0,V
58.142,stepper_y1,,20,,0,0.0,0.0,0.0,0.0,V
58.162,stepper_x,,20,,0,0.0,0.0,0.0,0.0,V
58.162,stepper_y,,20,,0,0.0,0.0,0.0,0.0,V
58.162,stepper_y1,,20,,0,0.0,0.0,0.0,0.0,V
58.182,stepper_x,,20,,0,0.0,0.0,0.0,0.0,V
58.182,stepper_y,,20,,0,0.0,0.0,0.0,0.0,V
58.182,stepper_y1,,20,,0,0.0,0.0,0.0,0.0,V
58.202,stepper_x,,20,,0,0.0,0.0,0.0,0.0,V
58.202,stepper_y,,20,,0,0.0,0.0,0.0,0.0,V
58.202,stepper_y1,,20,,0,0.0,0.0,0.0,0.0,V
58.223,stepper_x,,20,,0,0.0,0.0,0.0,0.0,V
58.223,stepper_y,,20,,0,0.0,0.0,0.0,0.0,V
58.223,stepper_y1,,20,,0,0.0,0.0,0.0,0.0,V
58.243,stepper_x,,20,,0,0.0,0.0,0.0,0.0,V
58.243,stepper_y,,20,,0,0.0,0.0,0.0,0.0,V
58.243,stepper_y1,,20,,0,0.0,0.0,0.0,0.0,V
58.263,stepper_x,,20,,0,0.0,0.0,0.0,0.0,V
58.263,stepper_y,,20,,0,0.0,0.0,0.0,0.0,V
58.263,stepper_y1,,20,,0,0.0,0.0,0.0,0.0,V
58.283,stepper_x,,20,,0,0.0,0.0,0.0,0.0,V
58.283,stepper_y,,20,,0,0.0,0.0,0.0,0.0,V
58.283,stepper_y1,,20,,0,0.0,0.0,0.0,0.0,V
58.303,stepper_x,,20,,0,0.0,0.0,0.0,0.0,V
58.303,stepper_y,,20,,0,0.0,0.0,0.0,0.0,V
58.303,stepper_y1,,20,,0,0.0,0.0,0.0,0.0,V
58.324,stepper_x,,20,,0,0.0,0.0,0.0,0.0,V
58.324,stepper_y,,20,,0,0.0,0.0,0.0,0.0,V
58.324,stepper_y1,,20,,0,0.0,0.0,0.0,0.0,V
58.344,stepper_x,,20,,0,0.0,0.0,0.0,0.0,V
58.344,stepper_y,,20,,0,0.0,0.0,0.0,0.0,V
58.344,stepper_y1,,20,,0,0.0,0.0,0.0,0.0,V
58.364,stepper_x,,20,,0,0.0,0.0,0.0,0.0,V
58.364,stepper_y,,20,,0,0.0,0.0,0.0,0.0,V
58.364,stepper_y1,,20,,0,0.0,0.0,0.0,0.0,V
58.384,stepper_x,,20,,0,0.0,0.0,0.0,0.0,V
58.384,stepper_y,,20,,0,0.0,0.0,0.0,0.0,V
58.384,stepper_y1,,20,,0,0.0,0.0,0.0,0.0,V
58.404,stepper_x,,20,,0,0.0,0.0,0.0,0.0,V
58.404,stepper_y,,20,,0,0.0,0.0,0.0,0.0,V
58.404,stepper_y1,,20,,0,0.0,0.0,0.0,0.0,V
58.425,stepper_x,,20,,0,0.0,0.0,0.0,0.0,V
58.425,stepper_y,,20,,0,0.0,0.0,0.0,0.0,V
58.425,stepper_y1,,20,,0,0.0,0.0,0.0,0.0,V
58.445,stepper_x,,20,,0,0.0,0.0,0.0,0.0,V
58.445,stepper_y,,20,,0,0.0,0.0,0.0,0.0,V
58.445,stepper_y1,,20,,0,0.0,0.0,0.0,0.0,V
58.466,stepper_x,,20,,0,0.0,0.0,0.0,0.0,V
58.466,stepper_y,,20,,0,0.0,0.0,0.0,0.0,V
58.466,stepper_y1,,20,,0,0.0,0.0,0.0,0.0,V
58.486,stepper_x,,20,,0,0.0,0.0,0.0,0.0,V
58.486,stepper_y,,20,,0,0.0,0.0,0.0,0.0,V
58.486,stepper_y1,,20,,0,0.0,0.0,0.0,0.0,V
58.506,stepper_x,,20,,0,0.0,0.0,0.0,0.0,V
58.506,stepper_y,,20,,0,0.0,0.0,0.0,0.0,V
58.506,stepper_y1,,20,,0,0.0,0.0,0.0,0.0,V
58.527,stepper_x,,20,,0,0.0,0.0,0.0,0.0,V
58.527,stepper_y,,20,,0,0.0,0.0,0.0,0.0,V
58.527,stepper_y1,,20,,0,0.0,0.0,0.0,0.0,V
58.547,stepper_x,,20,,0,0.0,0.0,0.0,0.0,V
58.547,stepper_y,,20,,0,0.0,0.0,0.0,0.0,V
58.547,stepper_y1,,20,,0,0.0,0.0,0.0,0.0,V
58.567,stepper_x,,20,,0,0.0,0.0,0.0,0.0,V
58.567,stepper_y,,20,,0,0.0,0.0,0.0,0.0,V
58.567,stepper_y1,,20,,0,0.0,0.0,0.0,0.0,V
58.587,stepper_x,,20,,0,0.0,0.0,0.0,0.0,V
58.587,stepper_y,,20,,0,0.0,0.0,0.0,0.0,V
58.587,stepper_y1,,20,,0,0.0,0.0,0.0,0.0,V
58.608,stepper_x,,20,,0,0.0,0.0,0.0,0.0,V
58.608,stepper_y,,20,,0,0.0,0.0,0.0,0.0,V
58.608,stepper_y1,,20,,0,0.0,0.0,0.0,0.0,V
58.628,stepper_x,,20,,0,0.0,0.0,0.0,0.0,V
58.628,stepper_y,,20,,0,0.0,0.0,0.0,0.0,V
58.628,stepper_y1,,20,,0,0.0,0.0,0.0,0.0,V
58.648,stepper_x,,20,,0,0.0,0.0,0.0,0.0,V
58.648,stepper_y,,20,,0,0.0,0.0,0.0,0.0,V
58.648,stepper_y1,,20,,0,0.0,0.0,0.0,0.0,V
58.668,stepper_x,,20,,0,0.0,0.0,0.0,0.0,V
58.668,stepper_y,,20,,0,0.0,0.0,0.0,0.0,V
58.668,stepper_y1,,20,,0,0.0,0.0,0.0,0.0,V
58.688,stepper_x,,20,,0,0.0,0.0,0.0,0.0,V
58.688,stepper_y,,20,,0,0.0,0.0,0.0,0.0,V
58.688,stepper_y1,,20,,0,0.0,0.0,0.0,0.0,V
58.709,stepper_x,,20,,0,0.0,0.0,0.0,0.0,V
58.709,stepper_y,,20,,0,0.0,0.0,0.0,0.0,V
58.709,stepper_y1,,20,,0,0.0,0.0,0.0,0.0,V
58.729,stepper_x,,20,,0,0.0,0.0,0.0,0.0,V
58.729,stepper_y,,20,,0,0.0,0.0,0.0,0.0,V
58.729,stepper_y1,,20,,0,0.0,0.0,0.0,0.0,V
58.749,stepper_x,,20,,0,0.0,0.0,0.0,0.0,V
58.749,stepper_y,,20,,0,0.0,0.0,0.0,0.0,V
58.749,stepper_y1,,20,,0,0.0,0.0,0.0,0.0,V
58.769,stepper_x,,20,,0,0.0,0.0,0.0,0.0,V
58.769,stepper_y,,20,,0,0.0,0.0,0.0,0.0,V
58.769,stepper_y1,,20,,0,0.0,0.0,0.0,0.0,V
58.789,stepper_x,,20,,0,0.0,0.0,0.0,0.0,V
58.789,stepper_y,,20,,0,0.0,0.0,0.0,0.0,V
58.789,stepper_y1,,20,,0,0.0,0.0,0.0,0.0,V
58.81,stepper_x,,20,,0,0.0,0.0,0.0,0.0,V
58.81,stepper_y,,20,,0,0.0,0.0,0.0,0.0,V
58.81,stepper_y1,,20,,0,0.0,0.0,0.0,0.0,V
58.83,stepper_x,,20,,0,0.0,0.0,0.0,0.0,V
58.83,stepper_y,,20,,0,0.0,0.0,0.0,0.0,V
58.83,stepper_y1,,20,,0,0.0,0.0,0.0,0.0,V
58.85,stepper_x,,20,,0,0.0,0.0,0.0,0.0,V
58.85,stepper_y,,20,,0,0.0,0.0,0.0,0.0,V
58.85,stepper_y1,,20,,0,0.0,0.0,0.0,0.0,V
58.87,stepper_x,,20,,0,0.0,0.0,0.0,0.0,V
58.87,stepper_y,,20,,0,0.0,0.0,0.0,0.0,V
58.87,stepper_y1,,20,,0,0.0,0.0,0.0,0.0,V
58.89,stepper_x,,20,,0,0.0,0.0,0.0,0.0,V
58.89,stepper_y,,20,,0,0.0,0.0,0.0,0.0,V
58.89,stepper_y1,,20,,0,0.0,0.0,0.0,0.0,V
58.911,stepper_x,,20,,0,0.0,0.0,0.0,0.0,V
58.911,stepper_y,,20,,0,0.0,0.0,0.0,0.0,V
58.911,stepper_y1,,20,,0,0.0,0.0,0.0,0.0,V
58.931,stepper_x,,20,,0,0.0,0.0,0.0,0.0,V
58.931,stepper_y,,20,,0,0.0,0.0,0.0,0.0,V
58.931,stepper_y1,,20,,0,0.0,0.0,0.0,0.0,V
58.951,stepper_x,,20,,0,0.0,0.0,0.0,0.0,V
58.951,stepper_y,,20,,0,0.0,0.0,0.0,0.0,V
58.951,stepper_y1,,20,,0,0.0,0.0,0.0,0.0,V
58.972,stepper_x,,20,,0,0.0,0.0,0.0,0.0,V
58.972,stepper_y,,20,,0,0.0,0.0,0.0,0.0,V
58.972,stepper_y1,,20,,0,0.0,0.0,0.0,0.0,V
58.993,stepper_x,,20,,0,0.0,0.0,0.0,0.0,V
58.993,stepper_y,,20,,0,0.0,0.0,0.0,0.0,V
58.993,stepper_y1,,20,,0,0.0,0.0,0.0,0.0,V
59.013,stepper_x,,20,,0,0.0,0.0,0.0,0.0,V
59.013,stepper_y,,20,,0,0.0,0.0,0.0,0.0,V
59.013,stepper_y1,,20,,0,0.0,0.0,0.0,0.0,V
59.033,stepper_x,,20,,0,0.0,0.0,0.0,0.0,V
59.033,stepper_y,,20,,0,0.0,0.0,0.0,0.0,V
59.033,stepper_y1,,20,,0,0.0,0.0,0.0,0.0,V
59.053,stepper_x,,20,,0,0.0,0.0,0.0,0.0,V
59.053,stepper_y,,20,,0,0.0,0.0,0.0,0.0,V
59.053,stepper_y1,,20,,0,0.0,0.0,0.0,0.0,V
59.073,stepper_x,,20,,0,0.0,0.0,0.0,0.0,V
59.073,stepper_y,,20,,0,0.0,0.0,0.0,0.0,V
59.073,stepper_y1,,20,,0,0.0,0.0,0.0,0.0,V
59.093,stepper_x,,20,,0,0.0,0.0,0.0,0.0,V
59.093,stepper_y,,20,,0,0.0,0.0,0.0,0.0,V
59.093,stepper_y1,,20,,0,0.0,0.0,0.0,0.0,V
59.114,stepper_x,,20,,0,0.0,0.0,0.0,0.0,V
59.114,stepper_y,,20,,0,0.0,0.0,0.0,0.0,V
59.114,stepper_y1,,20,,0,0.0,0.0,0.0,0.0,V
59.134,stepper_x,,20,,0,0.0,0.0,0.0,0.0,V
59.134,stepper_y,,20,,0,0.0,0.0,0.0,0.0,V
59.134,stepper_y1,,20,,0,0.0,0.0,0.0,0.0,V
59.154,stepper_x,,20,,0,0.0,0.0,0.0,0.0,V
59.154,stepper_y,,20,,0,0.0,0.0,0.0,0.0,V
59.154,stepper_y1,,20,,0,0.0,0.0,0.0,0.0,V
59.174,stepper_x,,20,,0,0.0,0.0,0.0,0.0,V
59.174,stepper_y,,20,,0,0.0,0.0,0.0,0.0,V
59.174,stepper_y1,,20,,0,0.0,0.0,0.0,0.0,V
59.195,stepper_x,,20,,0,0.0,0.0,0.0,0.0,V
59.195,stepper_y,,20,,0,0.0,0.0,0.0,0.0,V
59.195,stepper_y1,,20,,0,0.0,0.0,0.0,0.0,V
59.215,stepper_x,,20,,0,0.0,0.0,0.0,0.0,V
59.215,stepper_y,,20,,0,0.0,0.0,0.0,0.0,V
59.215,stepper_y1,,20,,0,0.0,0.0,0.0,0.0,V
59.235,stepper_x,,20,,0,0.0,0.0,0.0,0.0,V
59.235,stepper_y,,20,,0,0.0,0.0,0.0,0.0,V
59.235,stepper_y1,,20,,0,0.0,0.0,0.0,0.0,V
59.255,stepper_x,,20,,0,0.0,0.0,0.0,0.0,V
59.255,stepper_y,,20,,0,0.0,0.0,0.0,0.0,V
59.255,stepper_y1,,20,,0,0.0,0.0,0.0,0.0,V
59.276,stepper_x,,20,,0,0.0,0.0,0.0,0.0,V
59.276,stepper_y,,20,,0,0.0,0.0,0.0,0.0,V
59.276,stepper_y1,,20,,0,0.0,0.0,0.0,0.0,V
59.296,stepper_x,,20,,0,0.0,0.0,0.0,0.0,V
59.296,stepper_y,,20,,0,0.0,0.0,0.0,0.0,V
59.296,stepper_y1,,20,,0,0.0,0.0,0.0,0.0,V
59.316,stepper_x,,20,,0,0.0,0.0,0.0,0.0,V
59.316,stepper_y,,20,,0,0.0,0.0,0.0,0.0,V
59.316,stepper_y1,,20,,0,0.0,0.0,0.0,0.0,V
59.336,stepper_x,,20,,0,0.0,0.0,0.0,0.0,V
59.336,stepper_y,,20,,0,0.0,0.0,0.0,0.0,V
59.336,stepper_y1,,20,,0,0.0,0.0,0.0,0.0,V
59.356,stepper_x,,20,,0,0.0,0.0,0.0,0.0,V
59.356,stepper_y,,20,,0,0.0,0.0,0.0,0.0,V
59.356,stepper_y1,,20,,0,0.0,0.0,0.0,0.0,V
59.377,stepper_x,,20,,0,0.0,0.0,0.0,0.0,V
59.377,stepper_y,,20,,0,0.0,0.0,0.0,0.0,V
59.377,stepper_y1,,20,,0,0.0,0.0,0.0,0.0,V
59.397,stepper_x,,20,,0,0.0,0.0,0.0,0.0,V
59.397,stepper_y,,20,,0,0.0,0.0,0.0,0.0,V
59.397,stepper_y1,,20,,0,0.0,0.0,0.0,0.0,V
59.417,stepper_x,,20,,0,0.0,0.0,0.0,0.0,V
59.417,stepper_y,,20,,0,0.0,0.0,0.0,0.0,V
59.417,stepper_y1,,20,,0,0.0,0.0,0.0,0.0,V
59.437,stepper_x,,20,,0,0.0,0.0,0.0,0.0,V
59.437,stepper_y,,20,,0,0.0,0.0,0.0,0.0,V
59.437,stepper_y1,,20,,0,0.0,0.0,0.0,0.0,V
59.458,stepper_x,,20,,0,0.0,0.0,0.0,0.0,V
59.458,stepper_y,,20,,0,0.0,0.0,0.0,0.0,V
59.458,stepper_y1,,20,,0,0.0,0.0,0.0,0.0,V
59.478,stepper_x,,20,,0,0.0,0.0,0.0,0.0,V
59.478,stepper_y,,20,,0,0.0,0.0,0.0,0.0,V
59.478,stepper_y1,,20,,0,0.0,0.0,0.0,0.0,V
59.498,stepper_x,,20,,0,0.0,0.0,0.0,0.0,V
59.498,stepper_y,,20,,0,0.0,0.0,0.0,0.0,V
59.498,stepper_y1,,20,,0,0.0,0.0,0.0,0.0,V
59.519,stepper_x,,20,,0,0.0,0.0,0.0,0.0,V
59.519,stepper_y,,20,,0,0.0,0.0,0.0,0.0,V
59.519,stepper_y1,,20,,0,0.0,0.0,0.0,0.0,V
59.539,stepper_x,,20,,0,0.0,0.0,0.0,0.0,V
59.539,stepper_y,,20,,0,0.0,0.0,0.0,0.0,V
59.539,stepper_y1,,20,,0,0.0,0.0,0.0,0.0,V
59.559,stepper_x,,20,,0,0.0,0.0,0.0,0.0,V
59.559,stepper_y,,20,,0,0.0,0.0,0.0,0.0,V
59.559,stepper_y1,,20,,0,0.0,0.0,0.0,0.0,V
59.58,stepper_x,,20,,0,0.0,0.0,0.0,0.0,V
59.58,stepper_y,,20,,0,0.0,0.0,0.0,0.0,V
59.58,stepper_y1,,20,,0,0.0,0.0,0.0,0.0,V
59.6,stepper_x,,20,,0,0.0,0.0,0.0,0.0,V
59.6,stepper_y,,20,,0,0.0,0.0,0.0,0.0,V
59.6,stepper_y1,,20,,0,0.0,0.0,0.0,0.0,V
59.62,stepper_x,,20,,0,0.0,0.0,0.0,0.0,V
59.62,stepper_y,,20,,0,0.0,0.0,0.0,0.0,V
59.62,stepper_y1,,20,,0,0.0,0.0,0.0,0.0,V
59.64,stepper_x,,20,,0,0.0,0.0,0.0,0.0,V
59.64,stepper_y,,20,,0,0.0,0.0,0.0,0.0,V
59.64,stepper_y1,,20,,0,0.0,0.0,0.0,0.0,V
59.661,stepper_x,,20,,0,0.0,0.0,0.0,0.0,V
59.661,stepper_y,,20,,0,0.0,0.0,0.0,0.0,V
59.661,stepper_y1,,20,,0,0.0,0.0,0.0,0.0,V
59.681,stepper_x,,20,,0,0.0,0.0,0.0,0.0,V
59.681,stepper_y,,20,,0,0.0,0.0,0.0,0.0,V
59.681,stepper_y1,,20,,0,0.0,0.0,0.0,0.0,V
59.701,stepper_x,,20,,0,0.0,0.0,0.0,0.0,V
59.701,stepper_y,,20,,0,0.0,0.0,0.0,0.0,V
59.701,stepper_y1,,20,,0,0.0,0.0,0.0,0.0,V
59.721,stepper_x,,20,,0,0.0,0.0,0.0,0.0,V
59.721,stepper_y,,20,,0,0.0,0.0,0.0,0.0,V
59.721,stepper_y1,,20,,0,0.0,0.0,0.0,0.0,V
59.741,stepper_x,,20,,0,0.0,0.0,0.0,0.0,V
59.741,stepper_y,,20,,0,0.0,0.0,0.0,0.0,V
59.741,stepper_y1,,20,,0,0.0,0.0,0.0,0.0,V
59.762,stepper_x,,20,,0,0.0,0.0,0.0,0.0,V
59.762,stepper_y,,20,,0,0.0,0.0,0.0,0.0,V
59.762,stepper_y1,,20,,0,0.0,0.0,0.0,0.0,V
59.782,stepper_x,,20,,0,0.0,0.0,0.0,0.0,V
59.782,stepper_y,,20,,0,0.0,0.0,0.0,0.0,V
59.782,stepper_y1,,20,,0,0.0,0.0,0.0,0.0,V
59.802,stepper_x,,20,,0,0.0,0.0,0.0,0.0,V
59.802,stepper_y,,20,,0,0.0,0.0,0.0,0.0,V
59.802,stepper_y1,,20,,0,0.0,0.0,0.0,0.0,V
59.822,stepper_x,,20,,0,0.0,0.0,0.0,0.0,V
59.822,stepper_y,,20,,0,0.0,0.0,0.0,0.0,V
59.822,stepper_y1,,20,,0,0.0,0.0,0.0,0.0,V
59.843,stepper_x,,20,,0,0.0,0.0,0.0,0.0,V
59.843,stepper_y,,20,,0,0.0,0.0,0.0,0.0,V
59.843,stepper_y1,,20,,0,0.0,0.0,0.0,0.0,V
59.863,stepper_x,,20,,0,0.0,0.0,0.0,0.0,V
59.863,stepper_y,,20,,0,0.0,0.0,0.0,0.0,V
59.863,stepper_y1,,20,,0,0.0,0.0,0.0,0.0,V
59.883,stepper_x,,20,,0,0.0,0.0,0.0,0.0,V
59.883,stepper_y,,20,,0,0.0,0.0,0.0,0.0,V
59.883,stepper_y1,,20,,0,0.0,0.0,0.0,0.0,V
59.903,stepper_x,,20,,0,0.0,0.0,0.0,0.0,V
59.903,stepper_y,,20,,0,0.0,0.0,0.0,0.0,V
59.903,stepper_y1,,20,,0,0.0,0.0,0.0,0.0,V
59.923,stepper_x,,20,,0,0.0,0.0,0.0,0.0,V
59.923,stepper_y,,20,,0,0.0,0.0,0.0,0.0,V
59.923,stepper_y1,,20,,0,0.0,0.0,0.0,0.0,V
59.944,stepper_x,,20,,0,0.0,0.0,0.0,0.0,V
59.944,stepper_y,,20,,0,0.0,0.0,0.0,0.0,V
59.944,stepper_y1,,20,,0,0.0,0.0,0.0,0.0,V
59.964,stepper_x,,20,,0,0.0,0.0,0.0,0.0,V
59.964,stepper_y,,20,,0,0.0,0.0,0.0,0.0,V
59.964,stepper_y1,,20,,0,0.0,0.0,0.0,0.0,V
59.984,stepper_x,,20,,0,0.0,0.0,0.0,0.0,V
59.984,stepper_y,,20,,0,0.0,0.0,0.0,0.0,V
59.984,stepper_y1,,20,,0,0.0,0.0,0.0,0.0,V
60.005,stepper_x,,20,,0,0.0,0.0,0.0,0.0,V
60.005,stepper_y,,20,,0,0.0,0.0,0.0,0.0,V
60.005,stepper_y1,,20,,0,0.0,0.0,0.0,0.0,V
60.025,stepper_x,,20,,0,0.0,0.0,0.0,0.0,V
60.025,stepper_y,,20,,0,0.0,0.0,0.0,0.0,V
60.025,stepper_y1,,20,,0,0.0,0.0,0.0,0.0,V
60.046,stepper_x,,20,,0,0.0,0.0,0.0,0.0,V
60.046,stepper_y,,20,,0,0.0,0.0,0.0,0.0,V
60.046,stepper_y1,,20,,0,0.0,0.0,0.0,0.0,V
60.066,stepper_x,,20,,0,0.0,0.0,0.0,0.0,V
60.066,stepper_y,,20,,0,0.0,0.0,0.0,0.0,V
60.066,stepper_y1,,20,,0,0.0,0.0,0.0,0.0,V
60.086,stepper_x,,20,,0,0.0,0.0,0.0,0.0,V
60.086,stepper_y,,20,,0,0.0,0.0,0.0,0.0,V
60.086,stepper_y1,,20,,0,0.0,0.0,0.0,0.0,V
60.106,stepper_x,,20,,0,0.0,0.0,0.0,0.0,V
60.106,stepper_y,,20,,0,0.0,0.0,0.0,0.0,V
60.106,stepper_y1,,20,,0,0.0,0.0,0.0,0.0,V
60.126,stepper_x,,20,,0,0.0,0.0,0.0,0.0,V
60.126,stepper_y,,20,,0,0.0,0.0,0.0,0.0,V
60.126,stepper_y1,,20,,0,0.0,0.0,0.0,0.0,V
60.147,stepper_x,,20,,0,0.0,0.0,0.0,0.0,V
60.147,stepper_y,,20,,0,0.0,0.0,0.0,0.0,V
60.147,stepper_y1,,20,,0,0.0,0.0,0.0,0.0,V
60.167,stepper_x,,20,,0,0.0,0.0,0.0,0.0,V
60.167,stepper_y,,20,,0,0.0,0.0,0.0,0.0,V
60.167,stepper_y1,,20,,0,0.0,0.0,0.0,0.0,V
60.187,stepper_x,,20,,0,0.0,0.0,0.0,0.0,V
60.187,stepper_y,,20,,0,0.0,0.0,0.0,0.0,V
60.187,stepper_y1,,20,,0,0.0,0.0,0.0,0.0,V
60.207,stepper_x,,20,,0,0.0,0.0,0.0,0.0,V
60.207,stepper_y,,20,,0,0.0,0.0,0.0,0.0,V
60.207,stepper_y1,,20,,0,0.0,0.0,0.0,0.0,V
60.227,stepper_x,,20,,0,0.0,0.0,0.0,0.0,V
60.227,stepper_y,,20,,0,0.0,0.0,0.0,0.0,V
60.227,stepper_y1,,20,,0,0.0,0.0,0.0,0.0,V
60.247,stepper_x,,20,,0,0.0,0.0,0.0,0.0,V
60.247,stepper_y,,20,,0,0.0,0.0,0.0,0.0,V
60.247,stepper_y1,,20,,0,0.0,0.0,0.0,0.0,V
60.268,stepper_x,,20,,0,0.0,0.0,0.0,0.0,V
60.268,stepper_y,,20,,0,0.0,0.0,0.0,0.0,V
60.268,stepper_y1,,20,,0,0.0,0.0,0.0,0.0,V
60.288,stepper_x,,20,,0,0.0,0.0,0.0,0.0,V
60.288,stepper_y,,20,,0,0.0,0.0,0.0,0.0,V
60.288,stepper_y1,,20,,0,0.0,0.0,0.0,0.0,V
60.309,stepper_x,,20,,0,0.0,0.0,0.0,0.0,V
60.309,stepper_y,,20,,0,0.0,0.0,0.0,0.0,V
60.309,stepper_y1,,20,,0,0.0,0.0,0.0,0.0,V
60.329,stepper_x,,20,,0,0.0,0.0,0.0,0.0,V
60.329,stepper_y,,20,,0,0.0,0.0,0.0,0.0,V
60.329,stepper_y1,,20,,0,0.0,0.0,0.0,0.0,V
60.349,stepper_x,,20,,0,0.0,0.0,0.0,0.0,V
60.349,stepper_y,,20,,0,0.0,0.0,0.0,0.0,V
60.349,stepper_y1,,20,,0,0.0,0.0,0.0,0.0,V
60.369,stepper_x,,20,,0,0.0,0.0,0.0,0.0,V
60.369,stepper_y,,20,,0,0.0,0.0,0.0,0.0,V
60.369,stepper_y1,,20,,0,0.0,0.0,0.0,0.0,V
60.389,stepper_x,,20,,0,0.0,0.0,0.0,0.0,V
60.389,stepper_y,,20,,0,0.0,0.0,0.0,0.0,V
60.389,stepper_y1,,20,,0,0.0,0.0,0.0,0.0,V
60.41,stepper_x,,20,,0,0.0,0.0,0.0,0.0,V
60.41,stepper_y,,20,,0,0.0,0.0,0.0,0.0,V
60.41,stepper_y1,,20,,0,0.0,0.0,0.0,0.0,V
60.43,stepper_x,,20,,0,0.0,0.0,0.0,0.0,V
60.43,stepper_y,,20,,0,0.0,0.0,0.0,0.0,V
60.43,stepper_y1,,20,,0,0.0,0.0,0.0,0.0,V
60.45,stepper_x,,20,,0,0.0,0.0,0.0,0.0,V
60.45,stepper_y,,20,,0,0.0,0.0,0.0,0.0,V
60.45,stepper_y1,,20,,0,0.0,0.0,0.0,0.0,V
60.47,stepper_x,,20,,0,0.0,0.0,0.0,0.0,V
60.47,stepper_y,,20,,0,0.0,0.0,0.0,0.0,V
60.47,stepper_y1,,20,,0,0.0,0.0,0.0,0.0,V
60.49,stepper_x,,20,,0,0.0,0.0,0.0,0.0,V
60.49,stepper_y,,20,,0,0.0,0.0,0.0,0.0,V
60.49,stepper_y1,,20,,0,0.0,0.0,0.0,0.0,V
60.511,stepper_x,,20,,0,0.0,0.0,0.0,0.0,V
60.511,stepper_y,,20,,0,0.0,0.0,0.0,0.0,V
60.511,stepper_y1,,20,,0,0.0,0.0,0.0,0.0,V
60.531,stepper_x,,20,,0,0.0,0.0,0.0,0.0,V
60.531,stepper_y,,20,,0,0.0,0.0,0.0,0.0,V
60.531,stepper_y1,,20,,0,0.0,0.0,0.0,0.0,V
60.551,stepper_x,,20,,0,0.0,0.0,0.0,0.0,V
60.551,stepper_y,,20,,0,0.0,0.0,0.0,0.0,V
60.551,stepper_y1,,20,,0,0.0,0.0,0.0,0.0,V
60.571,stepper_x,,20,,0,0.0,0.0,0.0,0.0,V
60.571,stepper_y,,20,,0,0.0,0.0,0.0,0.0,V
60.571,stepper_y1,,20,,0,0.0,0.0,0.0,0.0,V
60.591,stepper_x,,20,,0,0.0,0.0,0.0,0.0,V
60.591,stepper_y,,20,,0,0.0,0.0,0.0,0.0,V
60.591,stepper_y1,,20,,0,0.0,0.0,0.0,0.0,V
60.612,stepper_x,,20,,0,0.0,0.0,0.0,0.0,V
60.612,stepper_y,,20,,0,0.0,0.0,0.0,0.0,V
60.612,stepper_y1,,20,,0,0.0,0.0,0.0,0.0,V
60.632,stepper_x,,20,,0,0.0,0.0,0.0,0.0,V
60.632,stepper_y,,20,,0,0.0,0.0,0.0,0.0,V
60.632,stepper_y1,,20,,0,0.0,0.0,0.0,0.0,V
60.652,stepper_x,,20,,0,0.0,0.0,0.0,0.0,V
60.652,stepper_y,,20,,0,0.0,0.0,0.0,0.0,V
60.652,stepper_y1,,20,,0,0.0,0.0,0.0,0.0,V
60.672,stepper_x,,20,,0,0.0,0.0,0.0,0.0,V
60.672,stepper_y,,20,,0,0.0,0.0,0.0,0.0,V
60.672,stepper_y1,,20,,0,0.0,0.0,0.0,0.0,V
60.692,stepper_x,,20,,0,0.0,0.0,0.0,0.0,V
60.692,stepper_y,,20,,0,0.0,0.0,0.0,0.0,V
60.692,stepper_y1,,20,,0,0.0,0.0,0.0,0.0,V
60.713,stepper_x,,20,,0,0.0,0.0,0.0,0.0,V
60.713,stepper_y,,20,,0,0.0,0.0,0.0,0.0,V
60.713,stepper_y1,,20,,0,0.0,0.0,0.0,0.0,V
60.733,stepper_x,,20,,0,0.0,0.0,0.0,0.0,V
60.733,stepper_y,,20,,0,0.0,0.0,0.0,0.0,V
60.733,stepper_y1,,20,,0,0.0,0.0,0.0,0.0,V
60.753,stepper_x,,20,,0,0.0,0.0,0.0,0.0,V
60.753,stepper_y,,20,,0,0.0,0.0,0.0,0.0,V
60.753,stepper_y1,,20,,0,0.0,0.0,0.0,0.0,V
60.773,stepper_x,,20,,0,0.0,0.0,0.0,0.0,V
60.773,stepper_y,,20,,0,0.0,0.0,0.0,0.0,V
60.773,stepper_y1,,20,,0,0.0,0.0,0.0,0.0,V
60.793,stepper_x,,20,,0,0.0,0.0,0.0,0.0,V
60.793,stepper_y,,20,,0,0.0,0.0,0.0,0.0,V
60.793,stepper_y1,,20,,0,0.0,0.0,0.0,0.0,V
60.814,stepper_x,,20,,0,0.0,0.0,0.0,0.0,V
60.814,stepper_y,,20,,0,0.0,0.0,0.0,0.0,V
60.814,stepper_y1,,20,,0,0.0,0.0,0.0,0.0,V
60.834,stepper_x,,20,,0,0.0,0.0,0.0,0.0,V
60.834,stepper_y,,20,,0,0.0,0.0,0.0,0.0,V
60.834,stepper_y1,,20,,0,0.0,0.0,0.0,0.0,V
60.854,stepper_x,,20,,0,0.0,0.0,0.0,0.0,V
60.854,stepper_y,,20,,0,0.0,0.0,0.0,0.0,V
60.854,stepper_y1,,20,,0,0.0,0.0,0.0,0.0,V
60.874,stepper_x,,20,,0,0.0,0.0,0.0,0.0,V
60.874,stepper_y,,20,,0,0.0,0.0,0.0,0.0,V
60.874,stepper_y1,,20,,0,0.0,0.0,0.0,0.0,V
60.894,stepper_x,,20,,0,0.0,0.0,0.0,0.0,V
60.894,stepper_y,,20,,0,0.0,0.0,0.0,0.0,V
60.894,stepper_y1,,20,,0,0.0,0.0,0.0,0.0,V
60.915,stepper_x,,20,,0,0.0,0.0,0.0,0.0,V
60.915,stepper_y,,20,,0,0.0,0.0,0.0,0.0,V
60.915,stepper_y1,,20,,0,0.0,0.0,0.0,0.0,V
60.935,stepper_x,,20,,0,0.0,0.0,0.0,0.0,V
60.935,stepper_y,,20,,0,0.0,0.0,0.0,0.0,V
60.935,stepper_y1,,20,,0,0.0,0.0,0.0,0.0,V
60.955,stepper_x,,20,,0,0.0,0.0,0.0,0.0,V
60.955,stepper_y,,20,,0,0.0,0.0,0.0,0.0,V
60.955,stepper_y1,,20,,0,0.0,0.0,0.0,0.0,V
60.975,stepper_x,,20,,0,0.0,0.0,0.0,0.0,V
60.975,stepper_y,,20,,0,0.0,0.0,0.0,0.0,V
60.975,stepper_y1,,20,,0,0.0,0.0,0.0,0.0,V
60.996,stepper_x,,20,,0,0.0,0.0,0.0,0.0,V
60.996,stepper_y,,20,,0,0.0,0.0,0.0,0.0,V
60.996,stepper_y1,,20,,0,0.0,0.0,0.0,0.0,V
61.017,stepper_x,,20,,0,0.0,0.0,0.0,0.0,V
61.017,stepper_y,,20,,0,0.0,0.0,0.0,0.0,V
61.017,stepper_y1,,20,,0,0.0,0.0,0.0,0.0,V
61.037,stepper_x,,20,,0,0.0,0.0,0.0,0.0,V
61.037,stepper_y,,20,,0,0.0,0.0,0.0,0.0,V
61.037,stepper_y1,,20,,0,0.0,0.0,0.0,0.0,V
61.057,stepper_x,,20,,0,0.0,0.0,0.0,0.0,V
61.057,stepper_y,,20,,0,0.0,0.0,0.0,0.0,V
61.057,stepper_y1,,20,,0,0.0,0.0,0.0,0.0,V
61.077,stepper_x,,20,,0,0.0,0.0,0.0,0.0,V
61.077,stepper_y,,20,,0,0.0,0.0,0.0,0.0,V
61.077,stepper_y1,,20,,0,0.0,0.0,0.0,0.0,V
61.097,stepper_x,,20,,0,0.0,0.0,0.0,0.0,V
61.097,stepper_y,,20,,0,0.0,0.0,0.0,0.0,V
61.097,stepper_y1,,20,,0,0.0,0.0,0.0,0.0,V
61.118,stepper_x,,20,,0,0.0,0.0,0.0,0.0,V
61.118,stepper_y,,20,,0,0.0,0.0,0.0,0.0,V
61.118,stepper_y1,,20,,0,0.0,0.0,0.0,0.0,V
61.138,stepper_x,,20,,0,0.0,0.0,0.0,0.0,V
61.138,stepper_y,,20,,0,0.0,0.0,0.0,0.0,V
61.138,stepper_y1,,20,,0,0.0,0.0,0.0,0.0,V
61.158,stepper_x,,20,,0,0.0,0.0,0.0,0.0,V
61.158,stepper_y,,20,,0,0.0,0.0,0.0,0.0,V
61.158,stepper_y1,,20,,0,0.0,0.0,0.0,0.0,V
61.178,stepper_x,,20,,0,0.0,0.0,0.0,0.0,V
61.178,stepper_y,,20,,0,0.0,0.0,0.0,0.0,V
61.178,stepper_y1,,20,,0,0.0,0.0,0.0,0.0,V
61.198,stepper_x,,20,,0,0.0,0.0,0.0,0.0,V
61.198,stepper_y,,20,,0,0.0,0.0,0.0,0.0,V
61.198,stepper_y1,,20,,0,0.0,0.0,0.0,0.0,V
61.219,stepper_x,,20,,0,0.0,0.0,0.0,0.0,V
61.219,stepper_y,,20,,0,0.0,0.0,0.0,0.0,V
61.219,stepper_y1,,20,,0,0.0,0.0,0.0,0.0,V
61.239,stepper_x,,20,,0,0.0,0.0,0.0,0.0,V
61.239,stepper_y,,20,,0,0.0,0.0,0.0,0.0,V
61.239,stepper_y1,,20,,0,0.0,0.0,0.0,0.0,V
61.259,stepper_x,,20,,0,0.0,0.0,0.0,0.0,V
61.259,stepper_y,,20,,0,0.0,0.0,0.0,0.0,V
61.259,stepper_y1,,20,,0,0.0,0.0,0.0,0.0,V
61.279,stepper_x,,20,,0,0.0,0.0,0.0,0.0,V
61.279,stepper_y,,20,,0,0.0,0.0,0.0,0.0,V
61.279,stepper_y1,,20,,0,0.0,0.0,0.0,0.0,V
61.299,stepper_x,,20,,0,0.0,0.0,0.0,0.0,V
61.299,stepper_y,,20,,0,0.0,0.0,0.0,0.0,V
61.299,stepper_y1,,20,,0,0.0,0.0,0.0,0.0,V
61.32,stepper_x,,20,,0,0.0,0.0,0.0,0.0,V
61.32,stepper_y,,20,,0,0.0,0.0,0.0,0.0,V
61.32,stepper_y1,,20,,0,0.0,0.0,0.0,0.0,V
61.34,stepper_x,,20,,0,0.0,0.0,0.0,0.0,V
61.34,stepper_y,,20,,0,0.0,0.0,0.0,0.0,V
61.34,stepper_y1,,20,,0,0.0,0.0,0.0,0.0,V
61.36,stepper_x,,20,,0,0.0,0.0,0.0,0.0,V
61.36,stepper_y,,20,,0,0.0,0.0,0.0,0.0,V
61.36,stepper_y1,,20,,0,0.0,0.0,0.0,0.0,V
61.38,stepper_x,,20,,0,0.0,0.0,0.0,0.0,V
61.38,stepper_y,,20,,0,0.0,0.0,0.0,0.0,V
61.38,stepper_y1,,20,,0,0.0,0.0,0.0,0.0,V
61.4,stepper_x,,20,,0,0.0,0.0,0.0,0.0,V
61.4,stepper_y,,20,,0,0.0,0.0,0.0,0.0,V
61.4,stepper_y1,,20,,0,0.0,0.0,0.0,0.0,V
61.421,stepper_x,,20,,0,0.0,0.0,0.0,0.0,V
61.421,stepper_y,,20,,0,0.0,0.0,0.0,0.0,V
61.421,stepper_y1,,20,,0,0.0,0.0,0.0,0.0,V
61.441,stepper_x,,20,,0,0.0,0.0,0.0,0.0,V
61.441,stepper_y,,20,,0,0.0,0.0,0.0,0.0,V
61.441,stepper_y1,,20,,0,0.0,0.0,0.0,0.0,V
61.461,stepper_x,,20,,0,0.0,0.0,0.0,0.0,V
61.461,stepper_y,,20,,0,0.0,0.0,0.0,0.0,V
61.461,stepper_y1,,20,,0,0.0,0.0,0.0,0.0,V
61.482,stepper_x,,20,,0,0.0,0.0,0.0,0.0,V
61.482,stepper_y,,20,,0,0.0,0.0,0.0,0.0,V
61.482,stepper_y1,,20,,0,0.0,0.0,0.0,0.0,V
61.502,stepper_x,,20,,0,0.0,0.0,0.0,0.0,V
61.502,stepper_y,,20,,0,0.0,0.0,0.0,0.0,V
61.502,stepper_y1,,20,,0,0.0,0.0,0.0,0.0,V
61.523,stepper_x,,20,,0,0.0,0.0,0.0,0.0,V
61.523,stepper_y,,20,,0,0.0,0.0,0.0,0.0,V
61.523,stepper_y1,,20,,0,0.0,0.0,0.0,0.0,V
61.543,stepper_x,,20,,0,0.0,0.0,0.0,0.0,V
61.543,stepper_y,,20,,0,0.0,0.0,0.0,0.0,V
61.543,stepper_y1,,20,,0,0.0,0.0,0.0,0.0,V
61.563,stepper_x,,20,,0,0.0,0.0,0.0,0.0,V
61.563,stepper_y,,20,,0,0.0,0.0,0.0,0.0,V
61.563,stepper_y1,,20,,0,0.0,0.0,0.0,0.0,V
61.583,stepper_x,,20,,0,0.0,0.0,0.0,0.0,V
61.583,stepper_y,,20,,0,0.0,0.0,0.0,0.0,V
61.583,stepper_y1,,20,,0,0.0,0.0,0.0,0.0,V
61.603,stepper_x,,20,,0,0.0,0.0,0.0,0.0,V
61.603,stepper_y,,20,,0,0.0,0.0,0.0,0.0,V
61.603,stepper_y1,,20,,0,0.0,0.0,0.0,0.0,V
61.624,stepper_x,,20,,0,0.0,0.0,0.0,0.0,V
61.624,stepper_y,,20,,0,0.0,0.0,0.0,0.0,V
61.624,stepper_y1,,20,,0,0.0,0.0,0.0,0.0,V
61.644,stepper_x,,20,,0,0.0,0.0,0.0,0.0,V
61.644,stepper_y,,20,,0,0.0,0.0,0.0,0.0,V
61.644,stepper_y1,,20,,0,0.0,0.0,0.0,0.0,V
61.664,stepper_x,,20,,0,0.0,0.0,0.0,0.0,V
61.664,stepper_y,,20,,0,0.0,0.0,0.0,0.0,V
61.664,stepper_y1,,20,,0,0.0,0.0,0.0,0.0,V
61.684,stepper_x,,20,,0,0.0,0.0,0.0,0.0,V
61.684,stepper_y,,20,,0,0.0,0.0,0.0,0.0,V
61.684,stepper_y1,,20,,0,0.0,0.0,0.0,0.0,V
61.704,stepper_x,,20,,0,0.0,0.0,0.0,0.0,V
61.704,stepper_y,,20,,0,0.0,0.0,0.0,0.0,V
61.704,stepper_y1,,20,,0,0.0,0.0,0.0,0.0,V
61.725,stepper_x,,20,,0,0.0,0.0,0.0,0.0,V
61.725,stepper_y,,20,,0,0.0,0.0,0.0,0.0,V
61.725,stepper_y1,,20,,0,0.0,0.0,0.0,0.0,V
61.745,stepper_x,,20,,0,0.0,0.0,0.0,0.0,V
61.745,stepper_y,,20,,0,0.0,0.0,0.0,0.0,V
61.745,stepper_y1,,20,,0,0.0,0.0,0.0,0.0,V
61.765,stepper_x,,20,,0,0.0,0.0,0.0,0.0,V
61.765,stepper_y,,20,,0,0.0,0.0,0.0,0.0,V
61.765,stepper_y1,,20,,0,0.0,0.0,0.0,0.0,V
61.785,stepper_x,,20,,0,0.0,0.0,0.0,0.0,V
61.785,stepper_y,,20,,0,0.0,0.0,0.0,0.0,V
61.785,stepper_y1,,20,,0,0.0,0.0,0.0,0.0,V
61.806,stepper_x,,20,,0,0.0,0.0,0.0,0.0,V
61.806,stepper_y,,20,,0,0.0,0.0,0.0,0.0,V
61.806,stepper_y1,,20,,0,0.0,0.0,0.0,0.0,V
61.826,stepper_x,,20,,0,0.0,0.0,0.0,0.0,V
61.826,stepper_y,,20,,0,0.0,0.0,0.0,0.0,V
61.826,stepper_y1,,20,,0,0.0,0.0,0.0,0.0,V
61.846,stepper_x,,20,,0,0.0,0.0,0.0,0.0,V
61.846,stepper_y,,20,,0,0.0,0.0,0.0,0.0,V
61.846,stepper_y1,,20,,0,0.0,0.0,0.0,0.0,V
61.866,stepper_x,,20,,0,0.0,0.0,0.0,0.0,V
61.866,stepper_y,,20,,0,0.0,0.0,0.0,0.0,V
61.866,stepper_y1,,20,,0,0.0,0.0,0.0,0.0,V
61.886,stepper_x,,20,,0,0.0,0.0,0.0,0.0,V
61.886,stepper_y,,20,,0,0.0,0.0,0.0,0.0,V
61.886,stepper_y1,,20,,0,0.0,0.0,0.0,0.0,V
61.906,stepper_x,,20,,0,0.0,0.0,0.0,0.0,V
61.906,stepper_y,,20,,0,0.0,0.0,0.0,0.0,V
61.906,stepper_y1,,20,,0,0.0,0.0,0.0,0.0,V
61.927,stepper_x,,20,,0,0.0,0.0,0.0,0.0,V
61.927,stepper_y,,20,,0,0.0,0.0,0.0,0.0,V
61.927,stepper_y1,,20,,0,0.0,0.0,0.0,0.0,V
61.947,stepper_x,,20,,0,0.0,0.0,0.0,0.0,V
61.947,stepper_y,,20,,0,0.0,0.0,0.0,0.0,V
61.947,stepper_y1,,20,,0,0.0,0.0,0.0,0.0,V
61.967,stepper_x,,20,,0,0.0,0.0,0.0,0.0,V
61.967,stepper_y,,20,,0,0.0,0.0,0.0,0.0,V
61.967,stepper_y1,,20,,0,0.0,0.0,0.0,0.0,V
61.987,stepper_x,,20,,0,0.0,0.0,0.0,0.0,V
61.987,stepper_y,,20,,0,0.0,0.0,0.0,0.0,V
61.987,stepper_y1,,20,,0,0.0,0.0,0.0,0.0,V
62.008,stepper_x,,20,,0,0.0,0.0,0.0,0.0,V
62.008,stepper_y,,20,,0,0.0,0.0,0.0,0.0,V
62.008,stepper_y1,,20,,0,0.0,0.0,0.0,0.0,V
62.028,stepper_x,,20,,0,0.0,0.0,0.0,0.0,V
62.028,stepper_y,,20,,0,0.0,0.0,0.0,0.0,V
62.028,stepper_y1,,20,,0,0.0,0.0,0.0,0.0,V
62.048,stepper_x,,20,,0,0.0,0.0,0.0,0.0,V
62.048,stepper_y,,20,,0,0.0,0.0,0.0,0.0,V
62.048,stepper_y1,,20,,0,0.0,0.0,0.0,0.0,V
62.068,stepper_x,,20,,0,0.0,0.0,0.0,0.0,V
62.068,stepper_y,,20,,0,0.0,0.0,0.0,0.0,V
62.068,stepper_y1,,20,,0,0.0,0.0,0.0,0.0,V
62.089,stepper_x,,20,,0,0.0,0.0,0.0,0.0,V
62.089,stepper_y,,20,,0,0.0,0.0,0.0,0.0,V
62.089,stepper_y1,,20,,0,0.0,0.0,0.0,0.0,V
62.109,stepper_x,,20,,0,0.0,0.0,0.0,0.0,V
62.109,stepper_y,,20,,0,0.0,0.0,0.0,0.0,V
62.109,stepper_y1,,20,,0,0.0,0.0,0.0,0.0,V
62.129,stepper_x,,20,,0,0.0,0.0,0.0,0.0,V
62.129,stepper_y,,20,,0,0.0,0.0,0.0,0.0,V
62.129,stepper_y1,,20,,0,0.0,0.0,0.0,0.0,V
62.149,stepper_x,,20,,0,0.0,0.0,0.0,0.0,V
62.149,stepper_y,,20,,0,0.0,0.0,0.0,0.0,V
62.149,stepper_y1,,20,,0,0.0,0.0,0.0,0.0,V
62.169,stepper_x,,20,,0,0.0,0.0,0.0,0.0,V
62.169,stepper_y,,20,,0,0.0,0.0,0.0,0.0,V
62.169,stepper_y1,,20,,0,0.0,0.0,0.0,0.0,V
62.19,stepper_x,,20,,0,0.0,0.0,0.0,0.0,V
62.19,stepper_y,,20,,0,0.0,0.0,0.0,0.0,V
62.19,stepper_y1,,20,,0,0.0,0.0,0.0,0.0,V
62.21,stepper_x,,20,,0,0.0,0.0,0.0,0.0,V
62.21,stepper_y,,20,,0,0.0,0.0,0.0,0.0,V
62.21,stepper_y1,,20,,0,0.0,0.0,0.0,0.0,V
62.231,stepper_x,,20,,0,0.0,0.0,0.0,0.0,V
62.231,stepper_y,,20,,0,0.0,0.0,0.0,0.0,V
62.231,stepper_y1,,20,,0,0.0,0.0,0.0,0.0,V
62.251,stepper_x,,20,,0,0.0,0.0,0.0,0.0,V
62.251,stepper_y,,20,,0,0.0,0.0,0.0,0.0,V
62.251,stepper_y1,,20,,0,0.0,0.0,0.0,0.0,V
62.271,stepper_x,,20,,0,0.0,0.0,0.0,0.0,V
62.271,stepper_y,,20,,0,0.0,0.0,0.0,0.0,V
62.271,stepper_y1,,20,,0,0.0,0.0,0.0,0.0,V
62.291,stepper_x,,20,,0,0.0,0.0,0.0,0.0,V
62.291,stepper_y,,20,,0,0.0,0.0,0.0,0.0,V
62.291,stepper_y1,,20,,0,0.0,0.0,0.0,0.0,V
62.312,stepper_x,,20,,0,0.0,0.0,0.0,0.0,V
62.312,stepper_y,,20,,0,0.0,0.0,0.0,0.0,V
62.312,stepper_y1,,20,,0,0.0,0.0,0.0,0.0,V
62.332,stepper_x,,20,,0,0.0,0.0,0.0,0.0,V
62.332,stepper_y,,20,,0,0.0,0.0,0.0,0.0,V
62.332,stepper_y1,,20,,0,0.0,0.0,0.0,0.0,V
62.352,stepper_x,,20,,0,0.0,0.0,0.0,0.0,V
62.352,stepper_y,,20,,0,0.0,0.0,0.0,0.0,V
62.352,stepper_y1,,20,,0,0.0,0.0,0.0,0.0,V
62.372,stepper_x,,20,,0,0.0,0.0,0.0,0.0,V
62.372,stepper_y,,20,,0,0.0,0.0,0.0,0.0,V
62.372,stepper_y1,,20,,0,0.0,0.0,0.0,0.0,V
62.393,stepper_x,,20,,0,0.0,0.0,0.0,0.0,V
62.393,stepper_y,,20,,0,0.0,0.0,0.0,0.0,V
62.393,stepper_y1,,20,,0,0.0,0.0,0.0,0.0,V
62.413,stepper_x,,20,,0,0.0,0.0,0.0,0.0,V
62.413,stepper_y,,20,,0,0.0,0.0,0.0,0.0,V
62.413,stepper_y1,,20,,0,0.0,0.0,0.0,0.0,V
62.433,stepper_x,,20,,0,0.0,0.0,0.0,0.0,V
62.433,stepper_y,,20,,0,0.0,0.0,0.0,0.0,V
62.433,stepper_y1,,20,,0,0.0,0.0,0.0,0.0,V
62.453,stepper_x,,20,,0,0.0,0.0,0.0,0.0,V
62.453,stepper_y,,20,,0,0.0,0.0,0.0,0.0,V
62.453,stepper_y1,,20,,0,0.0,0.0,0.0,0.0,V
62.474,stepper_x,,20,,0,0.0,0.0,0.0,0.0,V
62.474,stepper_y,,20,,0,0.0,0.0,0.0,0.0,V
62.474,stepper_y1,,20,,0,0.0,0.0,0.0,0.0,V
62.495,stepper_x,,20,,0,0.0,0.0,0.0,0.0,V
62.495,stepper_y,,20,,0,0.0,0.0,0.0,0.0,V
62.495,stepper_y1,,20,,0,0.0,0.0,0.0,0.0,V
62.515,stepper_x,,20,,0,0.0,0.0,0.0,0.0,V
62.515,stepper_y,,20,,0,0.0,0.0,0.0,0.0,V
62.515,stepper_y1,,20,,0,0.0,0.0,0.0,0.0,V
62.535,stepper_x,,20,,0,0.0,0.0,0.0,0.0,V
62.535,stepper_y,,20,,0,0.0,0.0,0.0,0.0,V
62.535,stepper_y1,,20,,0,0.0,0.0,0.0,0.0,V
62.555,stepper_x,,20,,0,0.0,0.0,0.0,0.0,V
62.555,stepper_y,,20,,0,0.0,0.0,0.0,0.0,V
62.555,stepper_y1,,20,,0,0.0,0.0,0.0,0.0,V
62.576,stepper_x,,20,,0,0.0,0.0,0.0,0.0,V
62.576,stepper_y,,20,,0,0.0,0.0,0.0,0.0,V
62.576,stepper_y1,,20,,0,0.0,0.0,0.0,0.0,V
62.596,stepper_x,,20,,0,0.0,0.0,0.0,0.0,V
62.596,stepper_y,,20,,0,0.0,0.0,0.0,0.0,V
62.596,stepper_y1,,20,,0,0.0,0.0,0.0,0.0,V
62.617,stepper_x,,20,,0,0.0,0.0,0.0,0.0,V
62.617,stepper_y,,20,,0,0.0,0.0,0.0,0.0,V
62.617,stepper_y1,,20,,0,0.0,0.0,0.0,0.0,V
62.637,stepper_x,,20,,0,0.0,0.0,0.0,0.0,V
62.637,stepper_y,,20,,0,0.0,0.0,0.0,0.0,V
62.637,stepper_y1,,20,,0,0.0,0.0,0.0,0.0,V
62.657,stepper_x,,20,,0,0.0,0.0,0.0,0.0,V
62.657,stepper_y,,20,,0,0.0,0.0,0.0,0.0,V
62.657,stepper_y1,,20,,0,0.0,0.0,0.0,0.0,V
62.677,stepper_x,,20,,0,0.0,0.0,0.0,0.0,V
62.677,stepper_y,,20,,0,0.0,0.0,0.0,0.0,V
62.677,stepper_y1,,20,,0,0.0,0.0,0.0,0.0,V
62.698,stepper_x,,20,,0,0.0,0.0,0.0,0.0,V
62.698,stepper_y,,20,,0,0.0,0.0,0.0,0.0,V
62.698,stepper_y1,,20,,0,0.0,0.0,0.0,0.0,V
62.718,stepper_x,,20,,0,0.0,0.0,0.0,0.0,V
62.718,stepper_y,,20,,0,0.0,0.0,0.0,0.0,V
62.718,stepper_y1,,20,,0,0.0,0.0,0.0,0.0,V
62.738,stepper_x,,20,,0,0.0,0.0,0.0,0.0,V
62.738,stepper_y,,20,,0,0.0,0.0,0.0,0.0,V
62.738,stepper_y1,,20,,0,0.0,0.0,0.0,0.0,V
62.759,stepper_x,,20,,0,0.0,0.0,0.0,0.0,V
62.759,stepper_y,,20,,0,0.0,0.0,0.0,0.0,V
62.759,stepper_y1,,20,,0,0.0,0.0,0.0,0.0,V
62.779,stepper_x,,20,,0,0.0,0.0,0.0,0.0,V
62.779,stepper_y,,20,,0,0.0,0.0,0.0,0.0,V
62.779,stepper_y1,,20,,0,0.0,0.0,0.0,0.0,V
62.799,stepper_x,,20,,0,0.0,0.0,0.0,0.0,V
62.799,stepper_y,,20,,0,0.0,0.0,0.0,0.0,V
62.799,stepper_y1,,20,,0,0.0,0.0,0.0,0.0,V
62.819,stepper_x,,20,,0,0.0,0.0,0.0,0.0,V
62.819,stepper_y,,20,,0,0.0,0.0,0.0,0.0,V
62.819,stepper_y1,,20,,0,0.0,0.0,0.0,0.0,V
62.839,stepper_x,,20,,0,0.0,0.0,0.0,0.0,V
62.839,stepper_y,,20,,0,0.0,0.0,0.0,0.0,V
62.839,stepper_y1,,20,,0,0.0,0.0,0.0,0.0,V
62.86,stepper_x,,20,,0,0.0,0.0,0.0,0.0,V
62.86,stepper_y,,20,,0,0.0,0.0,0.0,0.0,V
62.86,stepper_y1,,20,,0,0.0,0.0,0.0,0.0,V
62.88,stepper_x,,20,,0,0.0,0.0,0.0,0.0,V
62.88,stepper_y,,20,,0,0.0,0.0,0.0,0.0,V
62.88,stepper_y1,,20,,0,0.0,0.0,0.0,0.0,V
62.9,stepper_x,,20,,0,0.0,0.0,0.0,0.0,V
62.9,stepper_y,,20,,0,0.0,0.0,0.0,0.0,V
62.9,stepper_y1,,20,,0,0.0,0.0,0.0,0.0,V
62.92,stepper_x,,20,,0,0.0,0.0,0.0,0.0,V
62.92,stepper_y,,20,,0,0.0,0.0,0.0,0.0,V
62.92,stepper_y1,,20,,0,0.0,0.0,0.0,0.0,V
62.94,stepper_x,,20,,0,0.0,0.0,0.0,0.0,V
62.94,stepper_y,,20,,0,0.0,0.0,0.0,0.0,V
62.94,stepper_y1,,20,,0,0.0,0.0,0.0,0.0,V
62.961,stepper_x,,20,,0,0.0,0.0,0.0,0.0,V
62.961,stepper_y,,20,,0,0.0,0.0,0.0,0.0,V
62.961,stepper_y1,,20,,0,0.0,0.0,0.0,0.0,V
62.982,stepper_x,,20,,0,0.0,0.0,0.0,0.0,V
62.982,stepper_y,,20,,0,0.0,0.0,0.0,0.0,V
62.982,stepper_y1,,20,,0,0.0,0.0,0.0,0.0,V
63.002,stepper_x,,20,,0,0.0,0.0,0.0,0.0,V
63.002,stepper_y,,20,,0,0.0,0.0,0.0,0.0,V
63.002,stepper_y1,,20,,0,0.0,0.0,0.0,0.0,V
63.023,stepper_x,,20,,0,0.0,0.0,0.0,0.0,V
63.023,stepper_y,,20,,0,0.0,0.0,0.0,0.0,V
63.023,stepper_y1,,20,,0,0.0,0.0,0.0,0.0,V
63.043,stepper_x,,20,,0,0.0,0.0,0.0,0.0,V
63.043,stepper_y,,20,,0,0.0,0.0,0.0,0.0,V
63.043,stepper_y1,,20,,0,0.0,0.0,0.0,0.0,V
63.064,stepper_x,,20,,0,0.0,0.0,0.0,0.0,V
63.064,stepper_y,,20,,0,0.0,0.0,0.0,0.0,V
63.064,stepper_y1,,20,,0,0.0,0.0,0.0,0.0,V
63.084,stepper_x,,20,,0,0.0,0.0,0.0,0.0,V
63.084,stepper_y,,20,,0,0.0,0.0,0.0,0.0,V
63.084,stepper_y1,,20,,0,0.0,0.0,0.0,0.0,V
63.104,stepper_x,,20,,0,0.0,0.0,0.0,0.0,V
63.104,stepper_y,,20,,0,0.0,0.0,0.0,0.0,V
63.104,stepper_y1,,20,,0,0.0,0.0,0.0,0.0,V
63.124,stepper_x,,20,,0,0.0,0.0,0.0,0.0,V
63.124,stepper_y,,20,,0,0.0,0.0,0.0,0.0,V
63.124,stepper_y1,,20,,0,0.0,0.0,0.0,0.0,V
63.145,stepper_x,,20,,0,0.0,0.0,0.0,0.0,V
63.145,stepper_y,,20,,0,0.0,0.0,0.0,0.0,V
63.145,stepper_y1,,20,,0,0.0,0.0,0.0,0.0,V
63.165,stepper_x,,20,,0,0.0,0.0,0.0,0.0,V
63.165,stepper_y,,20,,0,0.0,0.0,0.0,0.0,V
63.165,stepper_y1,,20,,0,0.0,0.0,0.0,0.0,V
63.185,stepper_x,,20,,0,0.0,0.0,0.0,0.0,V
63.185,stepper_y,,20,,0,0.0,0.0,0.0,0.0,V
63.185,stepper_y1,,20,,0,0.0,0.0,0.0,0.0,V
63.205,stepper_x,,20,,0,0.0,0.0,0.0,0.0,V
63.205,stepper_y,,20,,0,0.0,0.0,0.0,0.0,V
63.205,stepper_y1,,20,,0,0.0,0.0,0.0,0.0,V
63.225,stepper_x,,20,,0,0.0,0.0,0.0,0.0,V
63.225,stepper_y,,20,,0,0.0,0.0,0.0,0.0,V
63.225,stepper_y1,,20,,0,0.0,0.0,0.0,0.0,V
63.245,stepper_x,,20,,0,0.0,0.0,0.0,0.0,V
63.245,stepper_y,,20,,0,0.0,0.0,0.0,0.0,V
63.245,stepper_y1,,20,,0,0.0,0.0,0.0,0.0,V
63.266,stepper_x,,20,,0,0.0,0.0,0.0,0.0,V
63.266,stepper_y,,20,,0,0.0,0.0,0.0,0.0,V
63.266,stepper_y1,,20,,0,0.0,0.0,0.0,0.0,V
63.286,stepper_x,,20,,0,0.0,0.0,0.0,0.0,V
63.286,stepper_y,,20,,0,0.0,0.0,0.0,0.0,V
63.286,stepper_y1,,20,,0,0.0,0.0,0.0,0.0,V
63.306,stepper_x,,20,,0,0.0,0.0,0.0,0.0,V
63.306,stepper_y,,20,,0,0.0,0.0,0.0,0.0,V
63.306,stepper_y1,,20,,0,0.0,0.0,0.0,0.0,V
63.326,stepper_x,,20,,0,0.0,0.0,0.0,0.0,V
63.326,stepper_y,,20,,0,0.0,0.0,0.0,0.0,V
63.326,stepper_y1,,20,,0,0.0,0.0,0.0,0.0,V
63.347,stepper_x,,20,,0,0.0,0.0,0.0,0.0,V
63.347,stepper_y,,20,,0,0.0,0.0,0.0,0.0,V
63.347,stepper_y1,,20,,0,0.0,0.0,0.0,0.0,V
63.367,stepper_x,,20,,0,0.0,0.0,0.0,0.0,V
63.367,stepper_y,,20,,0,0.0,0.0,0.0,0.0,V
63.367,stepper_y1,,20,,0,0.0,0.0,0.0,0.0,V
63.387,stepper_x,,20,,0,0.0,0.0,0.0,0.0,V
63.387,stepper_y,,20,,0,0.0,0.0,0.0,0.0,V
63.387,stepper_y1,,20,,0,0.0,0.0,0.0,0.0,V
63.407,stepper_x,,20,,0,0.0,0.0,0.0,0.0,V
63.407,stepper_y,,20,,0,0.0,0.0,0.0,0.0,V
63.407,stepper_y1,,20,,0,0.0,0.0,0.0,0.0,V
63.427,stepper_x,,20,,0,0.0,0.0,0.0,0.0,V
63.427,stepper_y,,20,,0,0.0,0.0,0.0,0.0,V
63.427,stepper_y1,,20,,0,0.0,0.0,0.0,0.0,V
63.448,stepper_x,,20,,0,0.0,0.0,0.0,0.0,V
63.448,stepper_y,,20,,0,0.0,0.0,0.0,0.0,V
63.448,stepper_y1,,20,,0,0.0,0.0,0.0,0.0,V
63.469,stepper_x,,20,,0,0.0,0.0,0.0,0.0,V
63.469,stepper_y,,20,,0,0.0,0.0,0.0,0.0,V
63.469,stepper_y1,,20,,0,0.0,0.0,0.0,0.0,V
63.489,stepper_x,,20,,0,0.0,0.0,0.0,0.0,V
63.489,stepper_y,,20,,0,0.0,0.0,0.0,0.0,V
63.489,stepper_y1,,20,,0,0.0,0.0,0.0,0.0,V
63.509,stepper_x,,20,,0,0.0,0.0,0.0,0.0,V
63.509,stepper_y,,20,,0,0.0,0.0,0.0,0.0,V
63.509,stepper_y1,,20,,0,0.0,0.0,0.0,0.0,V
63.53,stepper_x,,20,,0,0.0,0.0,0.0,0.0,V
63.53,stepper_y,,20,,0,0.0,0.0,0.0,0.0,V
63.53,stepper_y1,,20,,0,0.0,0.0,0.0,0.0,V
63.55,stepper_x,,20,,0,0.0,0.0,0.0,0.0,V
63.55,stepper_y,,20,,0,0.0,0.0,0.0,0.0,V
63.55,stepper_y1,,20,,0,0.0,0.0,0.0,0.0,V
63.57,stepper_x,,20,,0,0.0,0.0,0.0,0.0,V
63.57,stepper_y,,20,,0,0.0,0.0,0.0,0.0,V
63.57,stepper_y1,,20,,0,0.0,0.0,0.0,0.0,V
63.59,stepper_x,,20,,0,0.0,0.0,0.0,0.0,V
63.59,stepper_y,,20,,0,0.0,0.0,0.0,0.0,V
63.59,stepper_y1,,20,,0,0.0,0.0,0.0,0.0,V
63.61,stepper_x,,20,,0,0.0,0.0,0.0,0.0,V
63.61,stepper_y,,20,,0,0.0,0.0,0.0,0.0,V
63.61,stepper_y1,,20,,0,0.0,0.0,0.0,0.0,V
63.631,stepper_x,,20,,0,0.0,0.0,0.0,0.0,V
63.631,stepper_y,,20,,0,0.0,0.0,0.0,0.0,V
63.631,stepper_y1,,20,,0,0.0,0.0,0.0,0.0,V
63.651,stepper_x,,20,,0,0.0,0.0,0.0,0.0,V
63.651,stepper_y,,20,,0,0.0,0.0,0.0,0.0,V
63.651,stepper_y1,,20,,0,0.0,0.0,0.0,0.0,V
63.671,stepper_x,,20,,0,0.0,0.0,0.0,0.0,V
63.671,stepper_y,,20,,0,0.0,0.0,0.0,0.0,V
63.671,stepper_y1,,20,,0,0.0,0.0,0.0,0.0,V
63.691,stepper_x,,20,,0,0.0,0.0,0.0,0.0,V
63.691,stepper_y,,20,,0,0.0,0.0,0.0,0.0,V
63.691,stepper_y1,,20,,0,0.0,0.0,0.0,0.0,V
63.711,stepper_x,,20,,0,0.0,0.0,0.0,0.0,V
63.711,stepper_y,,20,,0,0.0,0.0,0.0,0.0,V
63.711,stepper_y1,,20,,0,0.0,0.0,0.0,0.0,V
63.732,stepper_x,,20,,0,0.0,0.0,0.0,0.0,V
63.732,stepper_y,,20,,0,0.0,0.0,0.0,0.0,V
63.732,stepper_y1,,20,,0,0.0,0.0,0.0,0.0,V
63.752,stepper_x,,20,,0,0.0,0.0,0.0,0.0,V
63.752,stepper_y,,20,,0,0.0,0.0,0.0,0.0,V
63.752,stepper_y1,,20,,0,0.0,0.0,0.0,0.0,V
63.772,stepper_x,,20,,0,0.0,0.0,0.0,0.0,V
63.772,stepper_y,,20,,0,0.0,0.0,0.0,0.0,V
63.772,stepper_y1,,20,,0,0.0,0.0,0.0,0.0,V
63.792,stepper_x,,20,,0,0.0,0.0,0.0,0.0,V
63.792,stepper_y,,20,,0,0.0,0.0,0.0,0.0,V
63.792,stepper_y1,,20,,0,0.0,0.0,0.0,0.0,V
63.813,stepper_x,,20,,0,0.0,0.0,0.0,0.0,V
63.813,stepper_y,,20,,0,0.0,0.0,0.0,0.0,V
63.813,stepper_y1,,20,,0,0.0,0.0,0.0,0.0,V
63.833,stepper_x,,20,,0,0.0,0.0,0.0,0.0,V
63.833,stepper_y,,20,,0,0.0,0.0,0.0,0.0,V
63.833,stepper_y1,,20,,0,0.0,0.0,0.0,0.0,V
63.853,stepper_x,,20,,0,0.0,0.0,0.0,0.0,V
63.853,stepper_y,,20,,0,0.0,0.0,0.0,0.0,V
63.853,stepper_y1,,20,,0,0.0,0.0,0.0,0.0,V
63.873,stepper_x,,20,,0,0.0,0.0,0.0,0.0,V
63.873,stepper_y,,20,,0,0.0,0.0,0.0,0.0,V
63.873,stepper_y1,,20,,0,0.0,0.0,0.0,0.0,V
63.893,stepper_x,,20,,0,0.0,0.0,0.0,0.0,V
63.893,stepper_y,,20,,0,0.0,0.0,0.0,0.0,V
63.893,stepper_y1,,20,,0,0.0,0.0,0.0,0.0,V
63.914,stepper_x,,20,,0,0.0,0.0,0.0,0.0,V
63.914,stepper_y,,20,,0,0.0,0.0,0.0,0.0,V
63.914,stepper_y1,,20,,0,0.0,0.0,0.0,0.0,V
63.934,stepper_x,,20,,0,0.0,0.0,0.0,0.0,V
63.934,stepper_y,,20,,0,0.0,0.0,0.0,0.0,V
63.934,stepper_y1,,20,,0,0.0,0.0,0.0,0.0,V
63.954,stepper_x,,20,,0,0.0,0.0,0.0,0.0,V
63.954,stepper_y,,20,,0,0.0,0.0,0.0,0.0,V
63.954,stepper_y1,,20,,0,0.0,0.0,0.0,0.0,V
63.974,stepper_x,,20,,0,0.0,0.0,0.0,0.0,V
63.974,stepper_y,,20,,0,0.0,0.0,0.0,0.0,V
63.974,stepper_y1,,20,,0,0.0,0.0,0.0,0.0,V
63.995,stepper_x,,20,,0,0.0,0.0,0.0,0.0,V
63.995,stepper_y,,20,,0,0.0,0.0,0.0,0.0,V
63.995,stepper_y1,,20,,0,0.0,0.0,0.0,0.0,V
64.016,stepper_x,,20,,0,0.0,0.0,0.0,0.0,V
64.016,stepper_y,,20,,0,0.0,0.0,0.0,0.0,V
64.016,stepper_y1,,20,,0,0.0,0.0,0.0,0.0,V
64.036,stepper_x,,20,,0,0.0,0.0,0.0,0.0,V
64.036,stepper_y,,20,,0,0.0,0.0,0.0,0.0,V
64.036,stepper_y1,,20,,0,0.0,0.0,0.0,0.0,V
64.056,stepper_x,,20,,0,0.0,0.0,0.0,0.0,V
64.056,stepper_y,,20,,0,0.0,0.0,0.0,0.0,V
64.056,stepper_y1,,20,,0,0.0,0.0,0.0,0.0,V
64.076,stepper_x,,20,,0,0.0,0.0,0.0,0.0,V
64.076,stepper_y,,20,,0,0.0,0.0,0.0,0.0,V
64.076,stepper_y1,,20,,0,0.0,0.0,0.0,0.0,V
64.096,stepper_x,,20,,0,0.0,0.0,0.0,0.0,V
64.096,stepper_y,,20,,0,0.0,0.0,0.0,0.0,V
64.096,stepper_y1,,20,,0,0.0,0.0,0.0,0.0,V
64.117,stepper_x,,20,,0,0.0,0.0,0.0,0.0,V
64.117,stepper_y,,20,,0,0.0,0.0,0.0,0.0,V
64.117,stepper_y1,,20,,0,0.0,0.0,0.0,0.0,V
64.137,stepper_x,,20,,0,0.0,0.0,0.0,0.0,V
64.137,stepper_y,,20,,0,0.0,0.0,0.0,0.0,V
64.137,stepper_y1,,20,,0,0.0,0.0,0.0,0.0,V
64.157,stepper_x,,20,,0,0.0,0.0,0.0,0.0,V
64.157,stepper_y,,20,,0,0.0,0.0,0.0,0.0,V
64.157,stepper_y1,,20,,0,0.0,0.0,0.0,0.0,V
64.177,stepper_x,,20,,0,0.0,0.0,0.0,0.0,V
64.177,stepper_y,,20,,0,0.0,0.0,0.0,0.0,V
64.177,stepper_y1,,20,,0,0.0,0.0,0.0,0.0,V
64.197,stepper_x,,20,,0,0.0,0.0,0.0,0.0,V
64.197,stepper_y,,20,,0,0.0,0.0,0.0,0.0,V
64.197,stepper_y1,,20,,0,0.0,0.0,0.0,0.0,V
64.218,stepper_x,,20,,0,0.0,0.0,0.0,0.0,V
64.218,stepper_y,,20,,0,0.0,0.0,0.0,0.0,V
64.218,stepper_y1,,20,,0,0.0,0.0,0.0,0.0,V
64.239,stepper_x,,20,,0,0.0,0.0,0.0,0.0,V
64.239,stepper_y,,20,,0,0.0,0.0,0.0,0.0,V
64.239,stepper_y1,,20,,0,0.0,0.0,0.0,0.0,V
64.259,stepper_x,,20,,0,0.0,0.0,0.0,0.0,V
64.259,stepper_y,,20,,0,0.0,0.0,0.0,0.0,V
64.259,stepper_y1,,20,,0,0.0,0.0,0.0,0.0,V
64.279,stepper_x,,20,,0,0.0,0.0,0.0,0.0,V
64.279,stepper_y,,20,,0,0.0,0.0,0.0,0.0,V
64.279,stepper_y1,,20,,0,0.0,0.0,0.0,0.0,V
64.299,stepper_x,,20,,0,0.0,0.0,0.0,0.0,V
64.299,stepper_y,,20,,0,0.0,0.0,0.0,0.0,V
64.299,stepper_y1,,20,,0,0.0,0.0,0.0,0.0,V
64.32,stepper_x,,20,,0,0.0,0.0,0.0,0.0,V
64.32,stepper_y,,20,,0,0.0,0.0,0.0,0.0,V
64.32,stepper_y1,,20,,0,0.0,0.0,0.0,0.0,V
64.34,stepper_x,,20,,0,0.0,0.0,0.0,0.0,V
64.34,stepper_y,,20,,0,0.0,0.0,0.0,0.0,V
64.34,stepper_y1,,20,,0,0.0,0.0,0.0,0.0,V
64.36,stepper_x,,20,,0,0.0,0.0,0.0,0.0,V
64.36,stepper_y,,20,,0,0.0,0.0,0.0,0.0,V
64.36,stepper_y1,,20,,0,0.0,0.0,0.0,0.0,V
64.38,stepper_x,,20,,0,0.0,0.0,0.0,0.0,V
64.38,stepper_y,,20,,0,0.0,0.0,0.0,0.0,V
64.38,stepper_y1,,20,,0,0.0,0.0,0.0,0.0,V
64.4,stepper_x,,20,,0,0.0,0.0,0.0,0.0,V
64.4,stepper_y,,20,,0,0.0,0.0,0.0,0.0,V
64.4,stepper_y1,,20,,0,0.0,0.0,0.0,0.0,V
64.421,stepper_x,,20,,0,0.0,0.0,0.0,0.0,V
64.421,stepper_y,,20,,0,0.0,0.0,0.0,0.0,V
64.421,stepper_y1,,20,,0,0.0,0.0,0.0,0.0,V
64.441,stepper_x,,20,,0,0.0,0.0,0.0,0.0,V
64.441,stepper_y,,20,,0,0.0,0.0,0.0,0.0,V
64.441,stepper_y1,,20,,0,0.0,0.0,0.0,0.0,V
64.462,stepper_x,,20,,0,0.0,0.0,0.0,0.0,V
64.462,stepper_y,,20,,0,0.0,0.0,0.0,0.0,V
64.462,stepper_y1,,20,,0,0.0,0.0,0.0,0.0,V
64.482,stepper_x,,20,,0,0.0,0.0,0.0,0.0,V
64.482,stepper_y,,20,,0,0.0,0.0,0.0,0.0,V
64.482,stepper_y1,,20,,0,0.0,0.0,0.0,0.0,V
64.502,stepper_x,,20,,0,0.0,0.0,0.0,0.0,V
64.502,stepper_y,,20,,0,0.0,0.0,0.0,0.0,V
64.502,stepper_y1,,20,,0,0.0,0.0,0.0,0.0,V
64.523,stepper_x,,20,,0,0.0,0.0,0.0,0.0,V
64.523,stepper_y,,20,,0,0.0,0.0,0.0,0.0,V
64.523,stepper_y1,,20,,0,0.0,0.0,0.0,0.0,V
64.543,stepper_x,,20,,0,0.0,0.0,0.0,0.0,V
64.543,stepper_y,,20,,0,0.0,0.0,0.0,0.0,V
64.543,stepper_y1,,20,,0,0.0,0.0,0.0,0.0,V
64.563,stepper_x,,20,,0,0.0,0.0,0.0,0.0,V
64.563,stepper_y,,20,,0,0.0,0.0,0.0,0.0,V
64.563,stepper_y1,,20,,0,0.0,0.0,0.0,0.0,V
64.583,stepper_x,,20,,0,0.0,0.0,0.0,0.0,V
64.583,stepper_y,,20,,0,0.0,0.0,0.0,0.0,V
64.583,stepper_y1,,20,,0,0.0,0.0,0.0,0.0,V
64.603,stepper_x,,20,,0,0.0,0.0,0.0,0.0,V
64.603,stepper_y,,20,,0,0.0,0.0,0.0,0.0,V
64.603,stepper_y1,,20,,0,0.0,0.0,0.0,0.0,V
64.624,stepper_x,,20,,0,0.0,0.0,0.0,0.0,V
64.624,stepper_y,,20,,0,0.0,0.0,0.0,0.0,V
64.624,stepper_y1,,20,,0,0.0,0.0,0.0,0.0,V
64.644,stepper_x,,20,,0,0.0,0.0,0.0,0.0,V
64.644,stepper_y,,20,,0,0.0,0.0,0.0,0.0,V
64.644,stepper_y1,,20,,0,0.0,0.0,0.0,0.0,V
64.664,stepper_x,,20,,0,0.0,0.0,0.0,0.0,V
64.664,stepper_y,,20,,0,0.0,0.0,0.0,0.0,V
64.664,stepper_y1,,20,,0,0.0,0.0,0.0,0.0,V
64.684,stepper_x,,20,,0,0.0,0.0,0.0,0.0,V
64.684,stepper_y,,20,,0,0.0,0.0,0.0,0.0,V
64.684,stepper_y1,,20,,0,0.0,0.0,0.0,0.0,V
64.704,stepper_x,,20,,0,0.0,0.0,0.0,0.0,V
64.704,stepper_y,,20,,0,0.0,0.0,0.0,0.0,V
64.704,stepper_y1,,20,,0,0.0,0.0,0.0,0.0,V
64.725,stepper_x,,20,,0,0.0,0.0,0.0,0.0,V
64.725,stepper_y,,20,,0,0.0,0.0,0.0,0.0,V
64.725,stepper_y1,,20,,0,0.0,0.0,0.0,0.0,V
64.745,stepper_x,,20,,0,0.0,0.0,0.0,0.0,V
64.745,stepper_y,,20,,0,0.0,0.0,0.0,0.0,V
64.745,stepper_y1,,20,,0,0.0,0.0,0.0,0.0,V
64.766,stepper_x,,20,,0,0.0,0.0,0.0,0.0,V
64.766,stepper_y,,20,,0,0.0,0.0,0.0,0.0,V
64.766,stepper_y1,,20,,0,0.0,0.0,0.0,0.0,V
64.786,stepper_x,,20,,0,0.0,0.0,0.0,0.0,V
64.786,stepper_y,,20,,0,0.0,0.0,0.0,0.0,V
64.786,stepper_y1,,20,,0,0.0,0.0,0.0,0.0,V
64.806,stepper_x,,20,,0,0.0,0.0,0.0,0.0,V
64.806,stepper_y,,20,,0,0.0,0.0,0.0,0.0,V
64.806,stepper_y1,,20,,0,0.0,0.0,0.0,0.0,V
64.827,stepper_x,,20,,0,0.0,0.0,0.0,0.0,V
64.827,stepper_y,,20,,0,0.0,0.0,0.0,0.0,V
64.827,stepper_y1,,20,,0,0.0,0.0,0.0,0.0,V
64.847,stepper_x,,20,,0,0.0,0.0,0.0,0.0,V
64.847,stepper_y,,20,,0,0.0,0.0,0.0,0.0,V
64.847,stepper_y1,,20,,0,0.0,0.0,0.0,0.0,V
64.867,stepper_x,,20,,0,0.0,0.0,0.0,0.0,V
64.867,stepper_y,,20,,0,0.0,0.0,0.0,0.0,V
64.867,stepper_y1,,20,,0,0.0,0.0,0.0,0.0,V
64.887,stepper_x,,20,,0,0.0,0.0,0.0,0.0,V
64.887,stepper_y,,20,,0,0.0,0.0,0.0,0.0,V
64.887,stepper_y1,,20,,0,0.0,0.0,0.0,0.0,V
64.907,stepper_x,,20,,0,0.0,0.0,0.0,0.0,V
64.907,stepper_y,,20,,0,0.0,0.0,0.0,0.0,V
64.907,stepper_y1,,20,,0,0.0,0.0,0.0,0.0,V
64.928,stepper_x,,20,,0,0.0,0.0,0.0,0.0,V
64.928,stepper_y,,20,,0,0.0,0.0,0.0,0.0,V
64.928,stepper_y1,,20,,0,0.0,0.0,0.0,0.0,V
64.948,stepper_x,,20,,0,0.0,0.0,0.0,0.0,V
64.948,stepper_y,,20,,0,0.0,0.0,0.0,0.0,V
64.948,stepper_y1,,20,,0,0.0,0.0,0.0,0.0,V
64.968,stepper_x,,20,,0,0.0,0.0,0.0,0.0,V
64.968,stepper_y,,20,,0,0.0,0.0,0.0,0.0,V
64.968,stepper_y1,,20,,0,0.0,0.0,0.0,0.0,V
64.988,stepper_x,,20,,0,0.0,0.0,0.0,0.0,V
64.988,stepper_y,,20,,0,0.0,0.0,0.0,0.0,V
64.988,stepper_y1,,20,,0,0.0,0.0,0.0,0.0,V
65.009,stepper_x,,20,,0,0.0,0.0,0.0,0.0,V
65.009,stepper_y,,20,,0,0.0,0.0,0.0,0.0,V
65.009,stepper_y1,,20,,0,0.0,0.0,0.0,0.0,V
65.029,stepper_x,,20,,0,0.0,0.0,0.0,0.0,V
65.029,stepper_y,,20,,0,0.0,0.0,0.0,0.0,V
65.029,stepper_y1,,20,,0,0.0,0.0,0.0,0.0,V
65.049,stepper_x,,20,,0,0.0,0.0,0.0,0.0,V
65.049,stepper_y,,20,,0,0.0,0.0,0.0,0.0,V
65.049,stepper_y1,,20,,0,0.0,0.0,0.0,0.0,V
65.069,stepper_x,,20,,0,0.0,0.0,0.0,0.0,V
65.069,stepper_y,,20,,0,0.0,0.0,0.0,0.0,V
65.069,stepper_y1,,20,,0,0.0,0.0,0.0,0.0,V
65.089,stepper_x,,20,,0,0.0,0.0,0.0,0.0,V
65.089,stepper_y,,20,,0,0.0,0.0,0.0,0.0,V
65.089,stepper_y1,,20,,0,0.0,0.0,0.0,0.0,V
65.11,stepper_x,,20,,0,0.0,0.0,0.0,0.0,V
65.11,stepper_y,,20,,0,0.0,0.0,0.0,0.0,V
65.11,stepper_y1,,20,,0,0.0,0.0,0.0,0.0,V
65.13,stepper_x,,20,,0,0.0,0.0,0.0,0.0,V
65.13,stepper_y,,20,,0,0.0,0.0,0.0,0.0,V
65.13,stepper_y1,,20,,0,0.0,0.0,0.0,0.0,V
65.15,stepper_x,,20,,0,0.0,0.0,0.0,0.0,V
65.15,stepper_y,,20,,0,0.0,0.0,0.0,0.0,V
65.15,stepper_y1,,20,,0,0.0,0.0,0.0,0.0,V
65.17,stepper_x,,20,,0,0.0,0.0,0.0,0.0,V
65.17,stepper_y,,20,,0,0.0,0.0,0.0,0.0,V
65.17,stepper_y1,,20,,0,0.0,0.0,0.0,0.0,V
65.19,stepper_x,,20,,0,0.0,0.0,0.0,0.0,V
65.19,stepper_y,,20,,0,0.0,0.0,0.0,0.0,V
65.19,stepper_y1,,20,,0,0.0,0.0,0.0,0.0,V
65.211,stepper_x,,20,,0,0.0,0.0,0.0,0.0,V
65.211,stepper_y,,20,,0,0.0,0.0,0.0,0.0,V
65.211,stepper_y1,,20,,0,0.0,0.0,0.0,0.0,V
65.231,stepper_x,,20,,0,0.0,0.0,0.0,0.0,V
65.231,stepper_y,,20,,0,0.0,0.0,0.0,0.0,V
65.231,stepper_y1,,20,,0,0.0,0.0,0.0,0.0,V
65.251,stepper_x,,20,,0,0.0,0.0,0.0,0.0,V
65.251,stepper_y,,20,,0,0.0,0.0,0.0,0.0,V
65.251,stepper_y1,,20,,0,0.0,0.0,0.0,0.0,V
65.272,stepper_x,,20,,0,0.0,0.0,0.0,0.0,V
65.272,stepper_y,,20,,0,0.0,0.0,0.0,0.0,V
65.272,stepper_y1,,20,,0,0.0,0.0,0.0,0.0,V
65.292,stepper_x,,20,,0,0.0,0.0,0.0,0.0,V
65.292,stepper_y,,20,,0,0.0,0.0,0.0,0.0,V
65.292,stepper_y1,,20,,0,0.0,0.0,0.0,0.0,V
65.312,stepper_x,,20,,0,0.0,0.0,0.0,0.0,V
65.312,stepper_y,,20,,0,0.0,0.0,0.0,0.0,V
65.312,stepper_y1,,20,,0,0.0,0.0,0.0,0.0,V
65.332,stepper_x,,20,,0,0.0,0.0,0.0,0.0,V
65.332,stepper_y,,20,,0,0.0,0.0,0.0,0.0,V
65.332,stepper_y1,,20,,0,0.0,0.0,0.0,0.0,V
65.352,stepper_x,,20,,0,0.0,0.0,0.0,0.0,V
65.352,stepper_y,,20,,0,0.0,0.0,0.0,0.0,V
65.352,stepper_y1,,20,,0,0.0,0.0,0.0,0.0,V
65.372,stepper_x,,20,,0,0.0,0.0,0.0,0.0,V
65.372,stepper_y,,20,,0,0.0,0.0,0.0,0.0,V
65.372,stepper_y1,,20,,0,0.0,0.0,0.0,0.0,V
65.392,stepper_x,,20,,0,0.0,0.0,0.0,0.0,V
65.392,stepper_y,,20,,0,0.0,0.0,0.0,0.0,V
65.392,stepper_y1,,20,,0,0.0,0.0,0.0,0.0,V
65.413,stepper_x,,20,,0,0.0,0.0,0.0,0.0,V
65.413,stepper_y,,20,,0,0.0,0.0,0.0,0.0,V
65.413,stepper_y1,,20,,0,0.0,0.0,0.0,0.0,V
65.433,stepper_x,,20,,0,0.0,0.0,0.0,0.0,V
65.433,stepper_y,,20,,0,0.0,0.0,0.0,0.0,V
65.433,stepper_y1,,20,,0,0.0,0.0,0.0,0.0,V
65.453,stepper_x,,20,,0,0.0,0.0,0.0,0.0,V
65.453,stepper_y,,20,,0,0.0,0.0,0.0,0.0,V
65.453,stepper_y1,,20,,0,0.0,0.0,0.0,0.0,V
65.473,stepper_x,,20,,0,0.0,0.0,0.0,0.0,V
65.473,stepper_y,,20,,0,0.0,0.0,0.0,0.0,V
65.473,stepper_y1,,20,,0,0.0,0.0,0.0,0.0,V
65.493,stepper_x,,20,,0,0.0,0.0,0.0,0.0,V
65.493,stepper_y,,20,,0,0.0,0.0,0.0,0.0,V
65.493,stepper_y1,,20,,0,0.0,0.0,0.0,0.0,V
65.514,stepper_x,,20,,0,0.0,0.0,0.0,0.0,V
65.514,stepper_y,,20,,0,0.0,0.0,0.0,0.0,V
65.514,stepper_y1,,20,,0,0.0,0.0,0.0,0.0,V
65.535,stepper_x,,20,,0,0.0,0.0,0.0,0.0,V
65.535,stepper_y,,20,,0,0.0,0.0,0.0,0.0,V
65.535,stepper_y1,,20,,0,0.0,0.0,0.0,0.0,V
65.555,stepper_x,,20,,0,0.0,0.0,0.0,0.0,V
65.555,stepper_y,,20,,0,0.0,0.0,0.0,0.0,V
65.555,stepper_y1,,20,,0,0.0,0.0,0.0,0.0,V
65.575,stepper_x,,20,,0,0.0,0.0,0.0,0.0,V
65.575,stepper_y,,20,,0,0.0,0.0,0.0,0.0,V
65.575,stepper_y1,,20,,0,0.0,0.0,0.0,0.0,V
65.595,stepper_x,,20,,0,0.0,0.0,0.0,0.0,V
65.595,stepper_y,,20,,0,0.0,0.0,0.0,0.0,V
65.595,stepper_y1,,20,,0,0.0,0.0,0.0,0.0,V
65.616,stepper_x,,20,,0,0.0,0.0,0.0,0.0,V
65.616,stepper_y,,20,,0,0.0,0.0,0.0,0.0,V
65.616,stepper_y1,,20,,0,0.0,0.0,0.0,0.0,V
65.636,stepper_x,,20,,0,0.0,0.0,0.0,0.0,V
65.636,stepper_y,,20,,0,0.0,0.0,0.0,0.0,V
65.636,stepper_y1,,20,,0,0.0,0.0,0.0,0.0,V
65.656,stepper_x,,20,,0,0.0,0.0,0.0,0.0,V
65.656,stepper_y,,20,,0,0.0,0.0,0.0,0.0,V
65.656,stepper_y1,,20,,0,0.0,0.0,0.0,0.0,V
65.676,stepper_x,,20,,0,0.0,0.0,0.0,0.0,V
65.676,stepper_y,,20,,0,0.0,0.0,0.0,0.0,V
65.676,stepper_y1,,20,,0,0.0,0.0,0.0,0.0,V
65.696,stepper_x,,20,,0,0.0,0.0,0.0,0.0,V
65.696,stepper_y,,20,,0,0.0,0.0,0.0,0.0,V
65.696,stepper_y1,,20,,0,0.0,0.0,0.0,0.0,V
65.717,stepper_x,,20,,0,0.0,0.0,0.0,0.0,V
65.717,stepper_y,,20,,0,0.0,0.0,0.0,0.0,V
65.717,stepper_y1,,20,,0,0.0,0.0,0.0,0.0,V
65.737,stepper_x,,20,,0,0.0,0.0,0.0,0.0,V
65.737,stepper_y,,20,,0,0.0,0.0,0.0,0.0,V
65.737,stepper_y1,,20,,0,0.0,0.0,0.0,0.0,V
65.757,stepper_x,,20,,0,0.0,0.0,0.0,0.0,V
65.757,stepper_y,,20,,0,0.0,0.0,0.0,0.0,V
65.757,stepper_y1,,20,,0,0.0,0.0,0.0,0.0,V
65.777,stepper_x,,20,,0,0.0,0.0,0.0,0.0,V
65.777,stepper_y,,20,,0,0.0,0.0,0.0,0.0,V
65.777,stepper_y1,,20,,0,0.0,0.0,0.0,0.0,V
65.797,stepper_x,,20,,0,0.0,0.0,0.0,0.0,V
65.797,stepper_y,,20,,0,0.0,0.0,0.0,0.0,V
65.797,stepper_y1,,20,,0,0.0,0.0,0.0,0.0,V
65.818,stepper_x,,20,,0,0.0,0.0,0.0,0.0,V
65.818,stepper_y,,20,,0,0.0,0.0,0.0,0.0,V
65.818,stepper_y1,,20,,0,0.0,0.0,0.0,0.0,V
65.838,stepper_x,,20,,0,0.0,0.0,0.0,0.0,V
65.838,stepper_y,,20,,0,0.0,0.0,0.0,0.0,V
65.838,stepper_y1,,20,,0,0.0,0.0,0.0,0.0,V
65.858,stepper_x,,20,,0,0.0,0.0,0.0,0.0,V
65.858,stepper_y,,20,,0,0.0,0.0,0.0,0.0,V
65.858,stepper_y1,,20,,0,0.0,0.0,0.0,0.0,V
65.878,stepper_x,,20,,0,0.0,0.0,0.0,0.0,V
65.878,stepper_y,,20,,0,0.0,0.0,0.0,0.0,V
65.878,stepper_y1,,20,,0,0.0,0.0,0.0,0.0,V
65.898,stepper_x,,20,,0,0.0,0.0,0.0,0.0,V
65.898,stepper_y,,20,,0,0.0,0.0,0.0,0.0,V
65.898,stepper_y1,,20,,0,0.0,0.0,0.0,0.0,V
65.919,stepper_x,,20,,0,0.0,0.0,0.0,0.0,V
65.919,stepper_y,,20,,0,0.0,0.0,0.0,0.0,V
65.919,stepper_y1,,20,,0,0.0,0.0,0.0,0.0,V
65.939,stepper_x,,20,,0,0.0,0.0,0.0,0.0,V
65.939,stepper_y,,20,,0,0.0,0.0,0.0,0.0,V
65.939,stepper_y1,,20,,0,0.0,0.0,0.0,0.0,V
65.959,stepper_x,,20,,0,0.0,0.0,0.0,0.0,V
65.959,stepper_y,,20,,0,0.0,0.0,0.0,0.0,V
65.959,stepper_y1,,20,,0,0.0,0.0,0.0,0.0,V
65.979,stepper_x,,20,,0,0.0,0.0,0.0,0.0,V
65.979,stepper_y,,20,,0,0.0,0.0,0.0,0.0,V
65.979,stepper_y1,,20,,0,0.0,0.0,0.0,0.0,V
66.0,stepper_x,,20,,0,0.0,0.0,0.0,0.0,V
66.0,stepper_y,,20,,0,0.0,0.0,0.0,0.0,V
66.0,stepper_y1,,20,,0,0.0,0.0,0.0,0.0,V
66.021,stepper_x,,20,,0,0.0,0.0,0.0,0.0,V
66.021,stepper_y,,20,,0,0.0,0.0,0.0,0.0,V
66.021,stepper_y1,,20,,0,0.0,0.0,0.0,0.0,V
66.041,stepper_x,,20,,0,0.0,0.0,0.0,0.0,V
66.041,stepper_y,,20,,0,0.0,0.0,0.0,0.0,V
66.041,stepper_y1,,20,,0,0.0,0.0,0.0,0.0,V
66.061,stepper_x,,20,,0,0.0,0.0,0.0,0.0,V
66.061,stepper_y,,20,,0,0.0,0.0,0.0,0.0,V
66.061,stepper_y1,,20,,0,0.0,0.0,0.0,0.0,V
66.082,stepper_x,,20,,0,0.0,0.0,0.0,0.0,V
66.082,stepper_y,,20,,0,0.0,0.0,0.0,0.0,V
66.082,stepper_y1,,20,,0,0.0,0.0,0.0,0.0,V
66.102,stepper_x,,20,,0,0.0,0.0,0.0,0.0,V
66.102,stepper_y,,20,,0,0.0,0.0,0.0,0.0,V
66.102,stepper_y1,,20,,0,0.0,0.0,0.0,0.0,V
66.122,stepper_x,,20,,0,0.0,0.0,0.0,0.0,V
66.122,stepper_y,,20,,0,0.0,0.0,0.0,0.0,V
66.122,stepper_y1,,20,,0,0.0,0.0,0.0,0.0,V
66.142,stepper_x,,20,,0,0.0,0.0,0.0,0.0,V
66.142,stepper_y,,20,,0,0.0,0.0,0.0,0.0,V
66.142,stepper_y1,,20,,0,0.0,0.0,0.0,0.0,V
66.162,stepper_x,,20,,0,0.0,0.0,0.0,0.0,V
66.162,stepper_y,,20,,0,0.0,0.0,0.0,0.0,V
66.162,stepper_y1,,20,,0,0.0,0.0,0.0,0.0,V
66.182,stepper_x,,20,,0,0.0,0.0,0.0,0.0,V
66.182,stepper_y,,20,,0,0.0,0.0,0.0,0.0,V
66.182,stepper_y1,,20,,0,0.0,0.0,0.0,0.0,V
66.202,stepper_x,,20,,0,0.0,0.0,0.0,0.0,V
66.202,stepper_y,,20,,0,0.0,0.0,0.0,0.0,V
66.202,stepper_y1,,20,,0,0.0,0.0,0.0,0.0,V
66.223,stepper_x,,20,,0,0.0,0.0,0.0,0.0,V
66.223,stepper_y,,20,,0,0.0,0.0,0.0,0.0,V
66.223,stepper_y1,,20,,0,0.0,0.0,0.0,0.0,V
66.243,stepper_x,,20,,0,0.0,0.0,0.0,0.0,V
66.243,stepper_y,,20,,0,0.0,0.0,0.0,0.0,V
66.243,stepper_y1,,20,,0,0.0,0.0,0.0,0.0,V
66.263,stepper_x,,20,,0,0.0,0.0,0.0,0.0,V
66.263,stepper_y,,20,,0,0.0,0.0,0.0,0.0,V
66.263,stepper_y1,,20,,0,0.0,0.0,0.0,0.0,V
66.283,stepper_x,,20,,0,0.0,0.0,0.0,0.0,V
66.283,stepper_y,,20,,0,0.0,0.0,0.0,0.0,V
66.283,stepper_y1,,20,,0,0.0,0.0,0.0,0.0,V
66.303,stepper_x,,20,,0,0.0,0.0,0.0,0.0,V
66.303,stepper_y,,20,,0,0.0,0.0,0.0,0.0,V
66.303,stepper_y1,,20,,0,0.0,0.0,0.0,0.0,V
66.324,stepper_x,,20,,0,0.0,0.0,0.0,0.0,V
66.324,stepper_y,,20,,0,0.0,0.0,0.0,0.0,V
66.324,stepper_y1,,20,,0,0.0,0.0,0.0,0.0,V
66.344,stepper_x,,20,,0,0.0,0.0,0.0,0.0,V
66.344,stepper_y,,20,,0,0.0,0.0,0.0,0.0,V
66.344,stepper_y1,,20,,0,0.0,0.0,0.0,0.0,V
66.364,stepper_x,,20,,0,0.0,0.0,0.0,0.0,V
66.364,stepper_y,,20,,0,0.0,0.0,0.0,0.0,V
66.364,stepper_y1,,20,,0,0.0,0.0,0.0,0.0,V
66.384,stepper_x,,20,,0,0.0,0.0,0.0,0.0,V
66.384,stepper_y,,20,,0,0.0,0.0,0.0,0.0,V
66.384,stepper_y1,,20,,0,0.0,0.0,0.0,0.0,V
66.405,stepper_x,,20,,0,0.0,0.0,0.0,0.0,V
66.405,stepper_y,,20,,0,0.0,0.0,0.0,0.0,V
66.405,stepper_y1,,20,,0,0.0,0.0,0.0,0.0,V
66.425,stepper_x,,20,,0,0.0,0.0,0.0,0.0,V
66.425,stepper_y,,20,,0,0.0,0.0,0.0,0.0,V
66.425,stepper_y1,,20,,0,0.0,0.0,0.0,0.0,V
66.445,stepper_x,,20,,0,0.0,0.0,0.0,0.0,V
66.445,stepper_y,,20,,0,0.0,0.0,0.0,0.0,V
66.445,stepper_y1,,20,,0,0.0,0.0,0.0,0.0,V
66.465,stepper_x,,20,,0,0.0,0.0,0.0,0.0,V
66.465,stepper_y,,20,,0,0.0,0.0,0.0,0.0,V
66.465,stepper_y1,,20,,0,0.0,0.0,0.0,0.0,V
66.486,stepper_x,,20,,0,0.0,0.0,0.0,0.0,V
66.486,stepper_y,,20,,0,0.0,0.0,0.0,0.0,V
66.486,stepper_y1,,20,,0,0.0,0.0,0.0,0.0,V
66.507,stepper_x,,20,,0,0.0,0.0,0.0,0.0,V
66.507,stepper_y,,20,,0,0.0,0.0,0.0,0.0,V
66.507,stepper_y1,,20,,0,0.0,0.0,0.0,0.0,V
66.527,stepper_x,,20,,0,0.0,0.0,0.0,0.0,V
66.527,stepper_y,,20,,0,0.0,0.0,0.0,0.0,V
66.527,stepper_y1,,20,,0,0.0,0.0,0.0,0.0,V
66.547,stepper_x,,20,,0,0.0,0.0,0.0,0.0,V
66.547,stepper_y,,20,,0,0.0,0.0,0.0,0.0,V
66.547,stepper_y1,,20,,0,0.0,0.0,0.0,0.0,V
66.567,stepper_x,,20,,0,0.0,0.0,0.0,0.0,V
66.567,stepper_y,,20,,0,0.0,0.0,0.0,0.0,V
66.567,stepper_y1,,20,,0,0.0,0.0,0.0,0.0,V
66.588,stepper_x,,20,,0,0.0,0.0,0.0,0.0,V
66.588,stepper_y,,20,,0,0.0,0.0,0.0,0.0,V
66.588,stepper_y1,,20,,0,0.0,0.0,0.0,0.0,V
66.608,stepper_x,,20,,0,0.0,0.0,0.0,0.0,V
66.608,stepper_y,,20,,0,0.0,0.0,0.0,0.0,V
66.608,stepper_y1,,20,,0,0.0,0.0,0.0,0.0,V
66.628,stepper_x,,20,,0,0.0,0.0,0.0,0.0,V
66.628,stepper_y,,20,,0,0.0,0.0,0.0,0.0,V
66.628,stepper_y1,,20,,0,0.0,0.0,0.0,0.0,V
66.648,stepper_x,,20,,0,0.0,0.0,0.0,0.0,V
66.648,stepper_y,,20,,0,0.0,0.0,0.0,0.0,V
66.648,stepper_y1,,20,,0,0.0,0.0,0.0,0.0,V
66.668,stepper_x,,20,,0,0.0,0.0,0.0,0.0,V
66.668,stepper_y,,20,,0,0.0,0.0,0.0,0.0,V
66.668,stepper_y1,,20,,0,0.0,0.0,0.0,0.0,V
66.689,stepper_x,,20,,0,0.0,0.0,0.0,0.0,V
66.689,stepper_y,,20,,0,0.0,0.0,0.0,0.0,V
66.689,stepper_y1,,20,,0,0.0,0.0,0.0,0.0,V
66.709,stepper_x,,20,,0,0.0,0.0,0.0,0.0,V
66.709,stepper_y,,20,,0,0.0,0.0,0.0,0.0,V
66.709,stepper_y1,,20,,0,0.0,0.0,0.0,0.0,V
66.729,stepper_x,,20,,0,0.0,0.0,0.0,0.0,V
66.729,stepper_y,,20,,0,0.0,0.0,0.0,0.0,V
66.729,stepper_y1,,20,,0,0.0,0.0,0.0,0.0,V
66.749,stepper_x,,20,,0,0.0,0.0,0.0,0.0,V
66.749,stepper_y,,20,,0,0.0,0.0,0.0,0.0,V
66.749,stepper_y1,,20,,0,0.0,0.0,0.0,0.0,V
66.769,stepper_x,,20,,0,0.0,0.0,0.0,0.0,V
66.769,stepper_y,,20,,0,0.0,0.0,0.0,0.0,V
66.769,stepper_y1,,20,,0,0.0,0.0,0.0,0.0,V
66.79,stepper_x,,20,,0,0.0,0.0,0.0,0.0,V
66.79,stepper_y,,20,,0,0.0,0.0,0.0,0.0,V
66.79,stepper_y1,,20,,0,0.0,0.0,0.0,0.0,V
66.81,stepper_x,,20,,0,0.0,0.0,0.0,0.0,V
66.81,stepper_y,,20,,0,0.0,0.0,0.0,0.0,V
66.81,stepper_y1,,20,,0,0.0,0.0,0.0,0.0,V
66.83,stepper_x,,20,,0,0.0,0.0,0.0,0.0,V
66.83,stepper_y,,20,,0,0.0,0.0,0.0,0.0,V
66.83,stepper_y1,,20,,0,0.0,0.0,0.0,0.0,V
66.85,stepper_x,,20,,0,0.0,0.0,0.0,0.0,V
66.85,stepper_y,,20,,0,0.0,0.0,0.0,0.0,V
66.85,stepper_y1,,20,,0,0.0,0.0,0.0,0.0,V
66.871,stepper_x,,20,,0,0.0,0.0,0.0,0.0,V
66.871,stepper_y,,20,,0,0.0,0.0,0.0,0.0,V
66.871,stepper_y1,,20,,0,0.0,0.0,0.0,0.0,V
66.891,stepper_x,,20,,0,0.0,0.0,0.0,0.0,V
66.891,stepper_y,,20,,0,0.0,0.0,0.0,0.0,V
66.891,stepper_y1,,20,,0,0.0,0.0,0.0,0.0,V
66.911,stepper_x,,20,,0,0.0,0.0,0.0,0.0,V
66.911,stepper_y,,20,,0,0.0,0.0,0.0,0.0,V
66.911,stepper_y1,,20,,0,0.0,0.0,0.0,0.0,V
66.931,stepper_x,,20,,0,0.0,0.0,0.0,0.0,V
66.931,stepper_y,,20,,0,0.0,0.0,0.0,0.0,V
66.931,stepper_y1,,20,,0,0.0,0.0,0.0,0.0,V
66.951,stepper_x,,20,,0,0.0,0.0,0.0,0.0,V
66.951,stepper_y,,20,,0,0.0,0.0,0.0,0.0,V
66.951,stepper_y1,,20,,0,0.0,0.0,0.0,0.0,V
66.972,stepper_x,,20,,0,0.0,0.0,0.0,0.0,V
66.972,stepper_y,,20,,0,0.0,0.0,0.0,0.0,V
66.972,stepper_y1,,20,,0,0.0,0.0,0.0,0.0,V
66.993,stepper_x,,20,,0,0.0,0.0,0.0,0.0,V
66.993,stepper_y,,20,,0,0.0,0.0,0.0,0.0,V
66.993,stepper_y1,,20,,0,0.0,0.0,0.0,0.0,V
67.013,stepper_x,,20,,0,0.0,0.0,0.0,0.0,V
67.013,stepper_y,,20,,0,0.0,0.0,0.0,0.0,V
67.013,stepper_y1,,20,,0,0.0,0.0,0.0,0.0,V
67.033,stepper_x,,20,,0,0.0,0.0,0.0,0.0,V
67.033,stepper_y,,20,,0,0.0,0.0,0.0,0.0,V
67.033,stepper_y1,,20,,0,0.0,0.0,0.0,0.0,V
67.054,stepper_x,,20,,0,0.0,0.0,0.0,0.0,V
67.054,stepper_y,,20,,0,0.0,0.0,0.0,0.0,V
67.054,stepper_y1,,20,,0,0.0,0.0,0.0,0.0,V
67.074,stepper_x,,20,,0,0.0,0.0,0.0,0.0,V
67.074,stepper_y,,20,,0,0.0,0.0,0.0,0.0,V
67.074,stepper_y1,,20,,0,0.0,0.0,0.0,0.0,V
67.094,stepper_x,,20,,0,0.0,0.0,0.0,0.0,V
67.094,stepper_y,,20,,0,0.0,0.0,0.0,0.0,V
67.094,stepper_y1,,20,,0,0.0,0.0,0.0,0.0,V
67.114,stepper_x,,20,,0,0.0,0.0,0.0,0.0,V
67.114,stepper_y,,20,,0,0.0,0.0,0.0,0.0,V
67.114,stepper_y1,,20,,0,0.0,0.0,0.0,0.0,V
67.134,stepper_x,,20,,0,0.0,0.0,0.0,0.0,V
67.134,stepper_y,,20,,0,0.0,0.0,0.0,0.0,V
67.134,stepper_y1,,20,,0,0.0,0.0,0.0,0.0,V
67.155,stepper_x,,20,,0,0.0,0.0,0.0,0.0,V
67.155,stepper_y,,20,,0,0.0,0.0,0.0,0.0,V
67.155,stepper_y1,,20,,0,0.0,0.0,0.0,0.0,V
67.175,stepper_x,,20,,0,0.0,0.0,0.0,0.0,V
67.175,stepper_y,,20,,0,0.0,0.0,0.0,0.0,V
67.175,stepper_y1,,20,,0,0.0,0.0,0.0,0.0,V
67.195,stepper_x,,20,,0,0.0,0.0,0.0,0.0,V
67.195,stepper_y,,20,,0,0.0,0.0,0.0,0.0,V
67.195,stepper_y1,,20,,0,0.0,0.0,0.0,0.0,V
67.215,stepper_x,,20,,0,0.0,0.0,0.0,0.0,V
67.215,stepper_y,,20,,0,0.0,0.0,0.0,0.0,V
67.215,stepper_y1,,20,,0,0.0,0.0,0.0,0.0,V
67.235,stepper_x,,20,,0,0.0,0.0,0.0,0.0,V
67.235,stepper_y,,20,,0,0.0,0.0,0.0,0.0,V
67.235,stepper_y1,,20,,0,0.0,0.0,0.0,0.0,V
67.256,stepper_x,,20,,0,0.0,0.0,0.0,0.0,V
67.256,stepper_y,,20,,0,0.0,0.0,0.0,0.0,V
67.256,stepper_y1,,20,,0,0.0,0.0,0.0,0.0,V
67.276,stepper_x,,20,,0,0.0,0.0,0.0,0.0,V
67.276,stepper_y,,20,,0,0.0,0.0,0.0,0.0,V
67.276,stepper_y1,,20,,0,0.0,0.0,0.0,0.0,V
67.296,stepper_x,,20,,0,0.0,0.0,0.0,0.0,V
67.296,stepper_y,,20,,0,0.0,0.0,0.0,0.0,V
67.296,stepper_y1,,20,,0,0.0,0.0,0.0,0.0,V
67.316,stepper_x,,20,,0,0.0,0.0,0.0,0.0,V
67.316,stepper_y,,20,,0,0.0,0.0,0.0,0.0,V
67.316,stepper_y1,,20,,0,0.0,0.0,0.0,0.0,V
67.336,stepper_x,,20,,0,0.0,0.0,0.0,0.0,V
67.336,stepper_y,,20,,0,0.0,0.0,0.0,0.0,V
67.336,stepper_y1,,20,,0,0.0,0.0,0.0,0.0,V
67.357,stepper_x,,20,,0,0.0,0.0,0.0,0.0,V
67.357,stepper_y,,20,,0,0.0,0.0,0.0,0.0,V
67.357,stepper_y1,,20,,0,0.0,0.0,0.0,0.0,V
67.377,stepper_x,,20,,0,0.0,0.0,0.0,0.0,V
67.377,stepper_y,,20,,0,0.0,0.0,0.0,0.0,V
67.377,stepper_y1,,20,,0,0.0,0.0,0.0,0.0,V
67.397,stepper_x,,20,,0,0.0,0.0,0.0,0.0,V
67.397,stepper_y,,20,,0,0.0,0.0,0.0,0.0,V
67.397,stepper_y1,,20,,0,0.0,0.0,0.0,0.0,V
67.417,stepper_x,,20,,0,0.0,0.0,0.0,0.0,V
67.417,stepper_y,,20,,0,0.0,0.0,0.0,0.0,V
67.417,stepper_y1,,20,,0,0.0,0.0,0.0,0.0,V
67.437,stepper_x,,20,,0,0.0,0.0,0.0,0.0,V
67.437,stepper_y,,20,,0,0.0,0.0,0.0,0.0,V
67.437,stepper_y1,,20,,0,0.0,0.0,0.0,0.0,V
67.458,stepper_x,,20,,0,0.0,0.0,0.0,0.0,V
67.458,stepper_y,,20,,0,0.0,0.0,0.0,0.0,V
67.458,stepper_y1,,20,,0,0.0,0.0,0.0,0.0,V
67.479,stepper_x,,20,,0,0.0,0.0,0.0,0.0,V
67.479,stepper_y,,20,,0,0.0,0.0,0.0,0.0,V
67.479,stepper_y1,,20,,0,0.0,0.0,0.0,0.0,V
67.499,stepper_x,,20,,0,0.0,0.0,0.0,0.0,V
67.499,stepper_y,,20,,0,0.0,0.0,0.0,0.0,V
67.499,stepper_y1,,20,,0,0.0,0.0,0.0,0.0,V
67.519,stepper_x,,20,,0,0.0,0.0,0.0,0.0,V
67.519,stepper_y,,20,,0,0.0,0.0,0.0,0.0,V
67.519,stepper_y1,,20,,0,0.0,0.0,0.0,0.0,V
67.54,stepper_x,,20,,0,0.0,0.0,0.0,0.0,V
67.54,stepper_y,,20,,0,0.0,0.0,0.0,0.0,V
67.54,stepper_y1,,20,,0,0.0,0.0,0.0,0.0,V
67.56,stepper_x,,20,,0,0.0,0.0,0.0,0.0,V
67.56,stepper_y,,20,,0,0.0,0.0,0.0,0.0,V
67.56,stepper_y1,,20,,0,0.0,0.0,0.0,0.0,V
67.58,stepper_x,,20,,0,0.0,0.0,0.0,0.0,V
67.58,stepper_y,,20,,0,0.0,0.0,0.0,0.0,V
67.58,stepper_y1,,20,,0,0.0,0.0,0.0,0.0,V
67.6,stepper_x,,20,,0,0.0,0.0,0.0,0.0,V
67.6,stepper_y,,20,,0,0.0,0.0,0.0,0.0,V
67.6,stepper_y1,,20,,0,0.0,0.0,0.0,0.0,V
67.62,stepper_x,,20,,0,0.0,0.0,0.0,0.0,V
67.62,stepper_y,,20,,0,0.0,0.0,0.0,0.0,V
67.62,stepper_y1,,20,,0,0.0,0.0,0.0,0.0,V
67.641,stepper_x,,20,,0,0.0,0.0,0.0,0.0,V
67.641,stepper_y,,20,,0,0.0,0.0,0.0,0.0,V
67.641,stepper_y1,,20,,0,0.0,0.0,0.0,0.0,V
67.661,stepper_x,,20,,0,0.0,0.0,0.0,0.0,V
67.661,stepper_y,,20,,0,0.0,0.0,0.0,0.0,V
67.661,stepper_y1,,20,,0,0.0,0.0,0.0,0.0,V
67.681,stepper_x,,20,,0,0.0,0.0,0.0,0.0,V
67.681,stepper_y,,20,,0,0.0,0.0,0.0,0.0,V
67.681,stepper_y1,,20,,0,0.0,0.0,0.0,0.0,V
67.701,stepper_x,,20,,0,0.0,0.0,0.0,0.0,V
67.701,stepper_y,,20,,0,0.0,0.0,0.0,0.0,V
67.701,stepper_y1,,20,,0,0.0,0.0,0.0,0.0,V
67.721,stepper_x,,20,,0,0.0,0.0,0.0,0.0,V
67.721,stepper_y,,20,,0,0.0,0.0,0.0,0.0,V
67.721,stepper_y1,,20,,0,0.0,0.0,0.0,0.0,V
67.742,stepper_x,,20,,0,0.0,0.0,0.0,0.0,V
67.742,stepper_y,,20,,0,0.0,0.0,0.0,0.0,V
67.742,stepper_y1,,20,,0,0.0,0.0,0.0,0.0,V
67.763,stepper_x,,20,,0,0.0,0.0,0.0,0.0,V
67.763,stepper_y,,20,,0,0.0,0.0,0.0,0.0,V
67.763,stepper_y1,,20,,0,0.0,0.0,0.0,0.0,V
67.783,stepper_x,,20,,0,0.0,0.0,0.0,0.0,V
67.783,stepper_y,,20,,0,0.0,0.0,0.0,0.0,V
67.783,stepper_y1,,20,,0,0.0,0.0,0.0,0.0,V
67.803,stepper_x,,20,,0,0.0,0.0,0.0,0.0,V
67.803,stepper_y,,20,,0,0.0,0.0,0.0,0.0,V
67.803,stepper_y1,,20,,0,0.0,0.0,0.0,0.0,V
67.824,stepper_x,,20,,0,0.0,0.0,0.0,0.0,V
67.824,stepper_y,,20,,0,0.0,0.0,0.0,0.0,V
67.824,stepper_y1,,20,,0,0.0,0.0,0.0,0.0,V
67.844,stepper_x,,20,,0,0.0,0.0,0.0,0.0,V
67.844,stepper_y,,20,,0,0.0,0.0,0.0,0.0,V
67.844,stepper_y1,,20,,0,0.0,0.0,0.0,0.0,V
67.864,stepper_x,,20,,0,0.0,0.0,0.0,0.0,V
67.864,stepper_y,,20,,0,0.0,0.0,0.0,0.0,V
67.864,stepper_y1,,20,,0,0.0,0.0,0.0,0.0,V
67.884,stepper_x,,20,,0,0.0,0.0,0.0,0.0,V
67.884,stepper_y,,20,,0,0.0,0.0,0.0,0.0,V
67.884,stepper_y1,,20,,0,0.0,0.0,0.0,0.0,V
67.904,stepper_x,,20,,0,0.0,0.0,0.0,0.0,V
67.904,stepper_y,,20,,0,0.0,0.0,0.0,0.0,V
67.904,stepper_y1,,20,,0,0.0,0.0,0.0,0.0,V
67.925,stepper_x,,20,,0,0.0,0.0,0.0,0.0,V
67.925,stepper_y,,20,,0,0.0,0.0,0.0,0.0,V
67.925,stepper_y1,,20,,0,0.0,0.0,0.0,0.0,V
67.945,stepper_x,,20,,0,0.0,0.0,0.0,0.0,V
67.945,stepper_y,,20,,0,0.0,0.0,0.0,0.0,V
67.945,stepper_y1,,20,,0,0.0,0.0,0.0,0.0,V
67.965,stepper_x,,20,,0,0.0,0.0,0.0,0.0,V
67.965,stepper_y,,20,,0,0.0,0.0,0.0,0.0,V
67.965,stepper_y1,,20,,0,0.0,0.0,0.0,0.0,V
67.985,stepper_x,,20,,0,0.0,0.0,0.0,0.0,V
67.985,stepper_y,,20,,0,0.0,0.0,0.0,0.0,V
67.985,stepper_y1,,20,,0,0.0,0.0,0.0,0.0,V
68.006,stepper_x,,20,,0,0.0,0.0,0.0,0.0,V
68.006,stepper_y,,20,,0,0.0,0.0,0.0,0.0,V
68.006,stepper_y1,,20,,0,0.0,0.0,0.0,0.0,V
68.027,stepper_x,,20,,0,0.0,0.0,0.0,0.0,V
68.027,stepper_y,,20,,0,0.0,0.0,0.0,0.0,V
68.027,stepper_y1,,20,,0,0.0,0.0,0.0,0.0,V
68.047,stepper_x,,20,,0,0.0,0.0,0.0,0.0,V
68.047,stepper_y,,20,,0,0.0,0.0,0.0,0.0,V
68.047,stepper_y1,,20,,0,0.0,0.0,0.0,0.0,V
68.067,stepper_x,,20,,0,0.0,0.0,0.0,0.0,V
68.067,stepper_y,,20,,0,0.0,0.0,0.0,0.0,V
68.067,stepper_y1,,20,,0,0.0,0.0,0.0,0.0,V
68.087,stepper_x,,20,,0,0.0,0.0,0.0,0.0,V
68.087,stepper_y,,20,,0,0.0,0.0,0.0,0.0,V
68.087,stepper_y1,,20,,0,0.0,0.0,0.0,0.0,V
68.107,stepper_x,,20,,0,0.0,0.0,0.0,0.0,V
68.107,stepper_y,,20,,0,0.0,0.0,0.0,0.0,V
68.107,stepper_y1,,20,,0,0.0,0.0,0.0,0.0,V
68.128,stepper_x,,20,,0,0.0,0.0,0.0,0.0,V
68.128,stepper_y,,20,,0,0.0,0.0,0.0,0.0,V
68.128,stepper_y1,,20,,0,0.0,0.0,0.0,0.0,V
68.148,stepper_x,,20,,0,0.0,0.0,0.0,0.0,V
68.148,stepper_y,,20,,0,0.0,0.0,0.0,0.0,V
68.148,stepper_y1,,20,,0,0.0,0.0,0.0,0.0,V
68.168,stepper_x,,20,,0,0.0,0.0,0.0,0.0,V
68.168,stepper_y,,20,,0,0.0,0.0,0.0,0.0,V
68.168,stepper_y1,,20,,0,0.0,0.0,0.0,0.0,V
68.188,stepper_x,,20,,0,0.0,0.0,0.0,0.0,V
68.188,stepper_y,,20,,0,0.0,0.0,0.0,0.0,V
68.188,stepper_y1,,20,,0,0.0,0.0,0.0,0.0,V
68.208,stepper_x,,20,,0,0.0,0.0,0.0,0.0,V
68.208,stepper_y,,20,,0,0.0,0.0,0.0,0.0,V
68.208,stepper_y1,,20,,0,0.0,0.0,0.0,0.0,V
68.229,stepper_x,,20,,0,0.0,0.0,0.0,0.0,V
68.229,stepper_y,,20,,0,0.0,0.0,0.0,0.0,V
68.229,stepper_y1,,20,,0,0.0,0.0,0.0,0.0,V
68.249,stepper_x,,20,,0,0.0,0.0,0.0,0.0,V
68.249,stepper_y,,20,,0,0.0,0.0,0.0,0.0,V
68.249,stepper_y1,,20,,0,0.0,0.0,0.0,0.0,V
68.269,stepper_x,,20,,0,0.0,0.0,0.0,0.0,V
68.269,stepper_y,,20,,0,0.0,0.0,0.0,0.0,V
68.269,stepper_y1,,20,,0,0.0,0.0,0.0,0.0,V
68.289,stepper_x,,20,,0,0.0,0.0,0.0,0.0,V
68.289,stepper_y,,20,,0,0.0,0.0,0.0,0.0,V
68.289,stepper_y1,,20,,0,0.0,0.0,0.0,0.0,V
68.309,stepper_x,,20,,0,0.0,0.0,0.0,0.0,V
68.309,stepper_y,,20,,0,0.0,0.0,0.0,0.0,V
68.309,stepper_y1,,20,,0,0.0,0.0,0.0,0.0,V
68.33,stepper_x,,20,,0,0.0,0.0,0.0,0.0,V
68.33,stepper_y,,20,,0,0.0,0.0,0.0,0.0,V
68.33,stepper_y1,,20,,0,0.0,0.0,0.0,0.0,V
68.35,stepper_x,,20,,0,0.0,0.0,0.0,0.0,V
68.35,stepper_y,,20,,0,0.0,0.0,0.0,0.0,V
68.35,stepper_y1,,20,,0,0.0,0.0,0.0,0.0,V
68.37,stepper_x,,20,,0,0.0,0.0,0.0,0.0,V
68.37,stepper_y,,20,,0,0.0,0.0,0.0,0.0,V
68.37,stepper_y1,,20,,0,0.0,0.0,0.0,0.0,V
68.39,stepper_x,,20,,0,0.0,0.0,0.0,0.0,V
68.39,stepper_y,,20,,0,0.0,0.0,0.0,0.0,V
68.39,stepper_y1,,20,,0,0.0,0.0,0.0,0.0,V
68.411,stepper_x,,20,,0,0.0,0.0,0.0,0.0,V
68.411,stepper_y,,20,,0,0.0,0.0,0.0,0.0,V
68.411,stepper_y1,,20,,0,0.0,0.0,0.0,0.0,V
68.431,stepper_x,,20,,0,0.0,0.0,0.0,0.0,V
68.431,stepper_y,,20,,0,0.0,0.0,0.0,0.0,V
68.431,stepper_y1,,20,,0,0.0,0.0,0.0,0.0,V
68.451,stepper_x,,20,,0,0.0,0.0,0.0,0.0,V
68.451,stepper_y,,20,,0,0.0,0.0,0.0,0.0,V
68.451,stepper_y1,,20,,0,0.0,0.0,0.0,0.0,V
68.471,stepper_x,,20,,0,0.0,0.0,0.0,0.0,V
68.471,stepper_y,,20,,0,0.0,0.0,0.0,0.0,V
68.471,stepper_y1,,20,,0,0.0,0.0,0.0,0.0,V
68.492,stepper_x,,20,,0,0.0,0.0,0.0,0.0,V
68.492,stepper_y,,20,,0,0.0,0.0,0.0,0.0,V
68.492,stepper_y1,,20,,0,0.0,0.0,0.0,0.0,V
68.513,stepper_x,,20,,0,0.0,0.0,0.0,0.0,V
68.513,stepper_y,,20,,0,0.0,0.0,0.0,0.0,V
68.513,stepper_y1,,20,,0,0.0,0.0,0.0,0.0,V
68.533,stepper_x,,20,,0,0.0,0.0,0.0,0.0,V
68.533,stepper_y,,20,,0,0.0,0.0,0.0,0.0,V
68.533,stepper_y1,,20,,0,0.0,0.0,0.0,0.0,V
68.553,stepper_x,,20,,0,0.0,0.0,0.0,0.0,V
68.553,stepper_y,,20,,0,0.0,0.0,0.0,0.0,V
68.553,stepper_y1,,20,,0,0.0,0.0,0.0,0.0,V
68.573,stepper_x,,20,,0,0.0,0.0,0.0,0.0,V
68.573,stepper_y,,20,,0,0.0,0.0,0.0,0.0,V
68.573,stepper_y1,,20,,0,0.0,0.0,0.0,0.0,V
68.594,stepper_x,,20,,0,0.0,0.0,0.0,0.0,V
68.594,stepper_y,,20,,0,0.0,0.0,0.0,0.0,V
68.594,stepper_y1,,20,,0,0.0,0.0,0.0,0.0,V
68.615,stepper_x,,20,,0,0.0,0.0,0.0,0.0,V
68.615,stepper_y,,20,,0,0.0,0.0,0.0,0.0,V
68.615,stepper_y1,,20,,0,0.0,0.0,0.0,0.0,V
68.636,stepper_x,,20,,0,0.0,0.0,0.0,0.0,V
68.636,stepper_y,,20,,0,0.0,0.0,0.0,0.0,V
68.636,stepper_y1,,20,,0,0.0,0.0,0.0,0.0,V
68.656,stepper_x,,20,,0,0.0,0.0,0.0,0.0,V
68.656,stepper_y,,20,,0,0.0,0.0,0.0,0.0,V
68.656,stepper_y1,,20,,0,0.0,0.0,0.0,0.0,V
68.676,stepper_x,,20,,0,0.0,0.0,0.0,0.0,V
68.676,stepper_y,,20,,0,0.0,0.0,0.0,0.0,V
68.676,stepper_y1,,20,,0,0.0,0.0,0.0,0.0,V
68.696,stepper_x,,20,,0,0.0,0.0,0.0,0.0,V
68.696,stepper_y,,20,,0,0.0,0.0,0.0,0.0,V
68.696,stepper_y1,,20,,0,0.0,0.0,0.0,0.0,V
68.717,stepper_x,,20,,0,0.0,0.0,0.0,0.0,V
68.717,stepper_y,,20,,0,0.0,0.0,0.0,0.0,V
68.717,stepper_y1,,20,,0,0.0,0.0,0.0,0.0,V
68.738,stepper_x,,20,,0,0.0,0.0,0.0,0.0,V
68.738,stepper_y,,20,,0,0.0,0.0,0.0,0.0,V
68.738,stepper_y1,,20,,0,0.0,0.0,0.0,0.0,V
68.758,stepper_x,,20,,0,0.0,0.0,0.0,0.0,V
68.758,stepper_y,,20,,0,0.0,0.0,0.0,0.0,V
68.758,stepper_y1,,20,,0,0.0,0.0,0.0,0.0,V
68.778,stepper_x,,20,,0,0.0,0.0,0.0,0.0,V
68.778,stepper_y,,20,,0,0.0,0.0,0.0,0.0,V
68.778,stepper_y1,,20,,0,0.0,0.0,0.0,0.0,V
68.798,stepper_x,,20,,0,0.0,0.0,0.0,0.0,V
68.798,stepper_y,,20,,0,0.0,0.0,0.0,0.0,V
68.798,stepper_y1,,20,,0,0.0,0.0,0.0,0.0,V
68.818,stepper_x,,20,,0,0.0,0.0,0.0,0.0,V
68.818,stepper_y,,20,,0,0.0,0.0,0.0,0.0,V
68.818,stepper_y1,,20,,0,0.0,0.0,0.0,0.0,V
68.838,stepper_x,,20,,0,0.0,0.0,0.0,0.0,V
68.838,stepper_y,,20,,0,0.0,0.0,0.0,0.0,V
68.838,stepper_y1,,20,,0,0.0,0.0,0.0,0.0,V
68.858,stepper_x,,20,,0,0.0,0.0,0.0,0.0,V
68.858,stepper_y,,20,,0,0.0,0.0,0.0,0.0,V
68.858,stepper_y1,,20,,0,0.0,0.0,0.0,0.0,V
68.878,stepper_x,,20,,0,0.0,0.0,0.0,0.0,V
68.878,stepper_y,,20,,0,0.0,0.0,0.0,0.0,V
68.878,stepper_y1,,20,,0,0.0,0.0,0.0,0.0,V
68.898,stepper_x,,20,,0,0.0,0.0,0.0,0.0,V
68.898,stepper_y,,20,,0,0.0,0.0,0.0,0.0,V
68.898,stepper_y1,,20,,0,0.0,0.0,0.0,0.0,V
68.919,stepper_x,,20,,0,0.0,0.0,0.0,0.0,V
68.919,stepper_y,,20,,0,0.0,0.0,0.0,0.0,V
68.919,stepper_y1,,20,,0,0.0,0.0,0.0,0.0,V
68.939,stepper_x,,20,,0,0.0,0.0,0.0,0.0,V
68.939,stepper_y,,20,,0,0.0,0.0,0.0,0.0,V
68.939,stepper_y1,,20,,0,0.0,0.0,0.0,0.0,V
68.959,stepper_x,,20,,0,0.0,0.0,0.0,0.0,V
68.959,stepper_y,,20,,0,0.0,0.0,0.0,0.0,V
68.959,stepper_y1,,20,,0,0.0,0.0,0.0,0.0,V
68.979,stepper_x,,20,,0,0.0,0.0,0.0,0.0,V
68.979,stepper_y,,20,,0,0.0,0.0,0.0,0.0,V
68.979,stepper_y1,,20,,0,0.0,0.0,0.0,0.0,V
68.999,stepper_x,,20,,0,0.0,0.0,0.0,0.0,V
68.999,stepper_y,,20,,0,0.0,0.0,0.0,0.0,V
68.999,stepper_y1,,20,,0,0.0,0.0,0.0,0.0,V
69.02,stepper_x,,20,,0,0.0,0.0,0.0,0.0,V
69.02,stepper_y,,20,,0,0.0,0.0,0.0,0.0,V
69.02,stepper_y1,,20,,0,0.0,0.0,0.0,0.0,V
69.04,stepper_x,,20,,0,0.0,0.0,0.0,0.0,V
69.04,stepper_y,,20,,0,0.0,0.0,0.0,0.0,V
69.04,stepper_y1,,20,,0,0.0,0.0,0.0,0.0,V
69.06,stepper_x,,20,,0,0.0,0.0,0.0,0.0,V
69.06,stepper_y,,20,,0,0.0,0.0,0.0,0.0,V
69.06,stepper_y1,,20,,0,0.0,0.0,0.0,0.0,V
69.08,stepper_x,,20,,0,0.0,0.0,0.0,0.0,V
69.08,stepper_y,,20,,0,0.0,0.0,0.0,0.0,V
69.08,stepper_y1,,20,,0,0.0,0.0,0.0,0.0,V
69.101,stepper_x,,20,,0,0.0,0.0,0.0,0.0,V
69.101,stepper_y,,20,,0,0.0,0.0,0.0,0.0,V
69.101,stepper_y1,,20,,0,0.0,0.0,0.0,0.0,V
69.122,stepper_x,,20,,0,0.0,0.0,0.0,0.0,V
69.122,stepper_y,,20,,0,0.0,0.0,0.0,0.0,V
69.122,stepper_y1,,20,,0,0.0,0.0,0.0,0.0,V
69.143,stepper_x,,20,,0,0.0,0.0,0.0,0.0,V
69.143,stepper_y,,20,,0,0.0,0.0,0.0,0.0,V
69.143,stepper_y1,,20,,0,0.0,0.0,0.0,0.0,V
69.164,stepper_x,,20,,0,0.0,0.0,0.0,0.0,V
69.164,stepper_y,,20,,0,0.0,0.0,0.0,0.0,V
69.164,stepper_y1,,20,,0,0.0,0.0,0.0,0.0,V
69.185,stepper_x,,20,,0,0.0,0.0,0.0,0.0,V
69.185,stepper_y,,20,,0,0.0,0.0,0.0,0.0,V
69.185,stepper_y1,,20,,0,0.0,0.0,0.0,0.0,V
69.206,stepper_x,,20,,0,0.0,0.0,0.0,0.0,V
69.206,stepper_y,,20,,0,0.0,0.0,0.0,0.0,V
69.206,stepper_y1,,20,,0,0.0,0.0,0.0,0.0,V
69.227,stepper_x,,20,,0,0.0,0.0,0.0,0.0,V
69.227,stepper_y,,20,,0,0.0,0.0,0.0,0.0,V
69.227,stepper_y1,,20,,0,0.0,0.0,0.0,0.0,V
69.248,stepper_x,,20,,0,0.0,0.0,0.0,0.0,V
69.248,stepper_y,,20,,0,0.0,0.0,0.0,0.0,V
69.248,stepper_y1,,20,,0,0.0,0.0,0.0,0.0,V
69.268,stepper_x,,20,,0,0.0,0.0,0.0,0.0,V
69.268,stepper_y,,20,,0,0.0,0.0,0.0,0.0,V
69.268,stepper_y1,,20,,0,0.0,0.0,0.0,0.0,V
69.288,stepper_x,,20,,0,0.0,0.0,0.0,0.0,V
69.288,stepper_y,,20,,0,0.0,0.0,0.0,0.0,V
69.288,stepper_y1,,20,,0,0.0,0.0,0.0,0.0,V
69.308,stepper_x,,20,,0,0.0,0.0,0.0,0.0,V
69.308,stepper_y,,20,,0,0.0,0.0,0.0,0.0,V
69.308,stepper_y1,,20,,0,0.0,0.0,0.0,0.0,V
69.328,stepper_x,,20,,0,0.0,0.0,0.0,0.0,V
69.328,stepper_y,,20,,0,0.0,0.0,0.0,0.0,V
69.328,stepper_y1,,20,,0,0.0,0.0,0.0,0.0,V
69.348,stepper_x,,20,,0,0.0,0.0,0.0,0.0,V
69.348,stepper_y,,20,,0,0.0,0.0,0.0,0.0,V
69.348,stepper_y1,,20,,0,0.0,0.0,0.0,0.0,V
69.368,stepper_x,,20,,0,0.0,0.0,0.0,0.0,V
69.368,stepper_y,,20,,0,0.0,0.0,0.0,0.0,V
69.368,stepper_y1,,20,,0,0.0,0.0,0.0,0.0,V
69.388,stepper_x,,20,,0,0.0,0.0,0.0,0.0,V
69.388,stepper_y,,20,,0,0.0,0.0,0.0,0.0,V
69.388,stepper_y1,,20,,0,0.0,0.0,0.0,0.0,V
69.408,stepper_x,,20,,0,0.0,0.0,0.0,0.0,V
69.408,stepper_y,,20,,0,0.0,0.0,0.0,0.0,V
69.408,stepper_y1,,20,,0,0.0,0.0,0.0,0.0,V
69.429,stepper_x,,20,,0,0.0,0.0,0.0,0.0,V
69.429,stepper_y,,20,,0,0.0,0.0,0.0,0.0,V
69.429,stepper_y1,,20,,0,0.0,0.0,0.0,0.0,V
69.449,stepper_x,,20,,0,0.0,0.0,0.0,0.0,V
69.449,stepper_y,,20,,0,0.0,0.0,0.0,0.0,V
69.449,stepper_y1,,20,,0,0.0,0.0,0.0,0.0,V
69.469,stepper_x,,20,,0,0.0,0.0,0.0,0.0,V
69.469,stepper_y,,20,,0,0.0,0.0,0.0,0.0,V
69.469,stepper_y1,,20,,0,0.0,0.0,0.0,0.0,V
69.49,stepper_x,,20,,0,0.0,0.0,0.0,0.0,V
69.49,stepper_y,,20,,0,0.0,0.0,0.0,0.0,V
69.49,stepper_y1,,20,,0,0.0,0.0,0.0,0.0,V
69.51,stepper_x,,20,,0,0.0,0.0,0.0,0.0,V
69.51,stepper_y,,20,,0,0.0,0.0,0.0,0.0,V
69.51,stepper_y1,,20,,0,0.0,0.0,0.0,0.0,V
69.53,stepper_x,,20,,0,0.0,0.0,0.0,0.0,V
69.53,stepper_y,,20,,0,0.0,0.0,0.0,0.0,V
69.53,stepper_y1,,20,,0,0.0,0.0,0.0,0.0,V
69.55,stepper_x,,20,,0,0.0,0.0,0.0,0.0,V
69.55,stepper_y,,20,,0,0.0,0.0,0.0,0.0,V
69.55,stepper_y1,,20,,0,0.0,0.0,0.0,0.0,V
69.57,stepper_x,,20,,0,0.0,0.0,0.0,0.0,V
69.57,stepper_y,,20,,0,0.0,0.0,0.0,0.0,V
69.57,stepper_y1,,20,,0,0.0,0.0,0.0,0.0,V
69.591,stepper_x,,20,,0,0.0,0.0,0.0,0.0,V
69.591,stepper_y,,20,,0,0.0,0.0,0.0,0.0,V
69.591,stepper_y1,,20,,0,0.0,0.0,0.0,0.0,V
69.612,stepper_x,,20,,0,0.0,0.0,0.0,0.0,V
69.612,stepper_y,,20,,0,0.0,0.0,0.0,0.0,V
69.612,stepper_y1,,20,,0,0.0,0.0,0.0,0.0,V
69.632,stepper_x,,20,,0,0.0,0.0,0.0,0.0,V
69.632,stepper_y,,20,,0,0.0,0.0,0.0,0.0,V
69.632,stepper_y1,,20,,0,0.0,0.0,0.0,0.0,V
69.652,stepper_x,,20,,0,0.0,0.0,0.0,0.0,V
69.652,stepper_y,,20,,0,0.0,0.0,0.0,0.0,V
69.652,stepper_y1,,20,,0,0.0,0.0,0.0,0.0,V
69.672,stepper_x,,20,,0,0.0,0.0,0.0,0.0,V
69.672,stepper_y,,20,,0,0.0,0.0,0.0,0.0,V
69.672,stepper_y1,,20,,0,0.0,0.0,0.0,0.0,V
69.692,stepper_x,,20,,0,0.0,0.0,0.0,0.0,V
69.692,stepper_y,,20,,0,0.0,0.0,0.0,0.0,V
69.692,stepper_y1,,20,,0,0.0,0.0,0.0,0.0,V
69.713,stepper_x,,20,,0,0.0,0.0,0.0,0.0,V
69.713,stepper_y,,20,,0,0.0,0.0,0.0,0.0,V
69.713,stepper_y1,,20,,0,0.0,0.0,0.0,0.0,V
69.734,stepper_x,,20,,0,0.0,0.0,0.0,0.0,V
69.734,stepper_y,,20,,0,0.0,0.0,0.0,0.0,V
69.734,stepper_y1,,20,,0,0.0,0.0,0.0,0.0,V
69.754,stepper_x,,20,,0,0.0,0.0,0.0,0.0,V
69.754,stepper_y,,20,,0,0.0,0.0,0.0,0.0,V
69.754,stepper_y1,,20,,0,0.0,0.0,0.0,0.0,V
69.774,stepper_x,,20,,0,0.0,0.0,0.0,0.0,V
69.774,stepper_y,,20,,0,0.0,0.0,0.0,0.0,V
69.774,stepper_y1,,20,,0,0.0,0.0,0.0,0.0,V
69.794,stepper_x,,20,,0,0.0,0.0,0.0,0.0,V
69.794,stepper_y,,20,,0,0.0,0.0,0.0,0.0,V
69.794,stepper_y1,,20,,0,0.0,0.0,0.0,0.0,V
69.815,stepper_x,,20,,0,0.0,0.0,0.0,0.0,V
69.815,stepper_y,,20,,0,0.0,0.0,0.0,0.0,V
69.815,stepper_y1,,20,,0,0.0,0.0,0.0,0.0,V
69.835,stepper_x,,20,,0,0.0,0.0,0.0,0.0,V
69.835,stepper_y,,20,,0,0.0,0.0,0.0,0.0,V
69.835,stepper_y1,,20,,0,0.0,0.0,0.0,0.0,V
69.855,stepper_x,,20,,0,0.0,0.0,0.0,0.0,V
69.855,stepper_y,,20,,0,0.0,0.0,0.0,0.0,V
69.855,stepper_y1,,20,,0,0.0,0.0,0.0,0.0,V
69.875,stepper_x,,20,,0,0.0,0.0,0.0,0.0,V
69.875,stepper_y,,20,,0,0.0,0.0,0.0,0.0,V
69.875,stepper_y1,,20,,0,0.0,0.0,0.0,0.0,V
69.895,stepper_x,,20,,0,0.0,0.0,0.0,0.0,V
69.895,stepper_y,,20,,0,0.0,0.0,0.0,0.0,V
69.895,stepper_y1,,20,,0,0.0,0.0,0.0,0.0,V
69.916,stepper_x,,20,,0,0.0,0.0,0.0,0.0,V
69.916,stepper_y,,20,,0,0.0,0.0,0.0,0.0,V
69.916,stepper_y1,,20,,0,0.0,0.0,0.0,0.0,V
69.936,stepper_x,,20,,0,0.0,0.0,0.0,0.0,V
69.936,stepper_y,,20,,0,0.0,0.0,0.0,0.0,V
69.936,stepper_y1,,20,,0,0.0,0.0,0.0,0.0,V
69.956,stepper_x,,20,,0,0.0,0.0,0.0,0.0,V
69.956,stepper_y,,20,,0,0.0,0.0,0.0,0.0,V
69.956,stepper_y1,,20,,0,0.0,0.0,0.0,0.0,V
69.976,stepper_x,,20,,0,0.0,0.0,0.0,0.0,V
69.976,stepper_y,,20,,0,0.0,0.0,0.0,0.0,V
69.976,stepper_y1,,20,,0,0.0,0.0,0.0,0.0,V
69.997,stepper_x,,20,,0,0.0,0.0,0.0,0.0,V
69.997,stepper_y,,20,,0,0.0,0.0,0.0,0.0,V
69.997,stepper_y1,,20,,0,0.0,0.0,0.0,0.0,V
70.017,stepper_x,,20,,0,0.0,0.0,0.0,0.0,V
70.017,stepper_y,,20,,0,0.0,0.0,0.0,0.0,V
70.017,stepper_y1,,20,,0,0.0,0.0,0.0,0.0,V
70.037,stepper_x,,20,,0,0.0,0.0,0.0,0.0,V
70.037,stepper_y,,20,,0,0.0,0.0,0.0,0.0,V
70.037,stepper_y1,,20,,0,0.0,0.0,0.0,0.0,V
70.057,stepper_x,,20,,0,0.0,0.0,0.0,0.0,V
70.057,stepper_y,,20,,0,0.0,0.0,0.0,0.0,V
70.057,stepper_y1,,20,,0,0.0,0.0,0.0,0.0,V
70.077,stepper_x,,20,,0,0.0,0.0,0.0,0.0,V
70.077,stepper_y,,20,,0,0.0,0.0,0.0,0.0,V
70.077,stepper_y1,,20,,0,0.0,0.0,0.0,0.0,V
70.097,stepper_x,,20,,0,0.0,0.0,0.0,0.0,V
70.097,stepper_y,,20,,0,0.0,0.0,0.0,0.0,V
70.097,stepper_y1,,20,,0,0.0,0.0,0.0,0.0,V
70.118,stepper_x,,20,,0,0.0,0.0,0.0,0.0,V
70.118,stepper_y,,20,,0,0.0,0.0,0.0,0.0,V
70.118,stepper_y1,,20,,0,0.0,0.0,0.0,0.0,V
70.139,stepper_x,,20,,0,0.0,0.0,0.0,0.0,V
70.139,stepper_y,,20,,0,0.0,0.0,0.0,0.0,V
70.139,stepper_y1,,20,,0,0.0,0.0,0.0,0.0,V
70.16,stepper_x,,20,,0,0.0,0.0,0.0,0.0,V
70.16,stepper_y,,20,,0,0.0,0.0,0.0,0.0,V
70.16,stepper_y1,,20,,0,0.0,0.0,0.0,0.0,V
70.18,stepper_x,,20,,0,0.0,0.0,0.0,0.0,V
70.18,stepper_y,,20,,0,0.0,0.0,0.0,0.0,V
70.18,stepper_y1,,20,,0,0.0,0.0,0.0,0.0,V
70.2,stepper_x,,20,,0,0.0,0.0,0.0,0.0,V
70.2,stepper_y,,20,,0,0.0,0.0,0.0,0.0,V
70.2,stepper_y1,,20,,0,0.0,0.0,0.0,0.0,V
70.221,stepper_x,,20,,0,0.0,0.0,0.0,0.0,V
70.221,stepper_y,,20,,0,0.0,0.0,0.0,0.0,V
70.221,stepper_y1,,20,,0,0.0,0.0,0.0,0.0,V
70.242,stepper_x,,20,,0,0.0,0.0,0.0,0.0,V
70.242,stepper_y,,20,,0,0.0,0.0,0.0,0.0,V
70.242,stepper_y1,,20,,0,0.0,0.0,0.0,0.0,V
70.262,stepper_x,,20,,0,0.0,0.0,0.0,0.0,V
70.262,stepper_y,,20,,0,0.0,0.0,0.0,0.0,V
70.262,stepper_y1,,20,,0,0.0,0.0,0.0,0.0,V
70.282,stepper_x,,20,,0,0.0,0.0,0.0,0.0,V
70.282,stepper_y,,20,,0,0.0,0.0,0.0,0.0,V
70.282,stepper_y1,,20,,0,0.0,0.0,0.0,0.0,V
70.302,stepper_x,,20,,0,0.0,0.0,0.0,0.0,V
70.302,stepper_y,,20,,0,0.0,0.0,0.0,0.0,V
70.302,stepper_y1,,20,,0,0.0,0.0,0.0,0.0,V
70.322,stepper_x,,20,,0,0.0,0.0,0.0,0.0,V
70.322,stepper_y,,20,,0,0.0,0.0,0.0,0.0,V
70.322,stepper_y1,,20,,0,0.0,0.0,0.0,0.0,V
70.342,stepper_x,,20,,0,0.0,0.0,0.0,0.0,V
70.342,stepper_y,,20,,0,0.0,0.0,0.0,0.0,V
70.342,stepper_y1,,20,,0,0.0,0.0,0.0,0.0,V
70.362,stepper_x,,20,,0,0.0,0.0,0.0,0.0,V
70.362,stepper_y,,20,,0,0.0,0.0,0.0,0.0,V
70.362,stepper_y1,,20,,0,0.0,0.0,0.0,0.0,V
70.382,stepper_x,,20,,0,0.0,0.0,0.0,0.0,V
70.382,stepper_y,,20,,0,0.0,0.0,0.0,0.0,V
70.382,stepper_y1,,20,,0,0.0,0.0,0.0,0.0,V
70.403,stepper_x,,20,,0,0.0,0.0,0.0,0.0,V
70.403,stepper_y,,20,,0,0.0,0.0,0.0,0.0,V
70.403,stepper_y1,,20,,0,0.0,0.0,0.0,0.0,V
70.423,stepper_x,,20,,0,0.0,0.0,0.0,0.0,V
70.423,stepper_y,,20,,0,0.0,0.0,0.0,0.0,V
70.423,stepper_y1,,20,,0,0.0,0.0,0.0,0.0,V
70.443,stepper_x,,20,,0,0.0,0.0,0.0,0.0,V
70.443,stepper_y,,20,,0,0.0,0.0,0.0,0.0,V
70.443,stepper_y1,,20,,0,0.0,0.0,0.0,0.0,V
70.463,stepper_x,,20,,0,0.0,0.0,0.0,0.0,V
70.463,stepper_y,,20,,0,0.0,0.0,0.0,0.0,V
70.463,stepper_y1,,20,,0,0.0,0.0,0.0,0.0,V
70.484,stepper_x,,20,,0,0.0,0.0,0.0,0.0,V
70.484,stepper_y,,20,,0,0.0,0.0,0.0,0.0,V
70.484,stepper_y1,,20,,0,0.0,0.0,0.0,0.0,V
70.504,stepper_x,,20,,0,0.0,0.0,0.0,0.0,V
70.504,stepper_y,,20,,0,0.0,0.0,0.0,0.0,V
70.504,stepper_y1,,20,,0,0.0,0.0,0.0,0.0,V
70.525,stepper_x,,20,,0,0.0,0.0,0.0,0.0,V
70.525,stepper_y,,20,,0,0.0,0.0,0.0,0.0,V
70.525,stepper_y1,,20,,0,0.0,0.0,0.0,0.0,V
70.545,stepper_x,,20,,0,0.0,0.0,0.0,0.0,V
70.545,stepper_y,,20,,0,0.0,0.0,0.0,0.0,V
70.545,stepper_y1,,20,,0,0.0,0.0,0.0,0.0,V
70.565,stepper_x,,20,,0,0.0,0.0,0.0,0.0,V
70.565,stepper_y,,20,,0,0.0,0.0,0.0,0.0,V
70.565,stepper_y1,,20,,0,0.0,0.0,0.0,0.0,V
70.585,stepper_x,,20,,0,0.0,0.0,0.0,0.0,V
70.585,stepper_y,,20,,0,0.0,0.0,0.0,0.0,V
70.585,stepper_y1,,20,,0,0.0,0.0,0.0,0.0,V
70.605,stepper_x,,20,,0,0.0,0.0,0.0,0.0,V
70.605,stepper_y,,20,,0,0.0,0.0,0.0,0.0,V
70.605,stepper_y1,,20,,0,0.0,0.0,0.0,0.0,V
70.626,stepper_x,,20,,0,0.0,0.0,0.0,0.0,V
70.626,stepper_y,,20,,0,0.0,0.0,0.0,0.0,V
70.626,stepper_y1,,20,,0,0.0,0.0,0.0,0.0,V
70.646,stepper_x,,20,,0,0.0,0.0,0.0,0.0,V
70.646,stepper_y,,20,,0,0.0,0.0,0.0,0.0,V
70.646,stepper_y1,,20,,0,0.0,0.0,0.0,0.0,V
70.666,stepper_x,,20,,0,0.0,0.0,0.0,0.0,V
70.666,stepper_y,,20,,0,0.0,0.0,0.0,0.0,V
70.666,stepper_y1,,20,,0,0.0,0.0,0.0,0.0,V
70.686,stepper_x,,20,,0,0.0,0.0,0.0,0.0,V
70.686,stepper_y,,20,,0,0.0,0.0,0.0,0.0,V
70.686,stepper_y1,,20,,0,0.0,0.0,0.0,0.0,V
70.706,stepper_x,,20,,0,0.0,0.0,0.0,0.0,V
70.706,stepper_y,,20,,0,0.0,0.0,0.0,0.0,V
70.706,stepper_y1,,20,,0,0.0,0.0,0.0,0.0,V
70.727,stepper_x,,20,,0,0.0,0.0,0.0,0.0,V
70.727,stepper_y,,20,,0,0.0,0.0,0.0,0.0,V
70.727,stepper_y1,,20,,0,0.0,0.0,0.0,0.0,V
70.748,stepper_x,,20,,0,0.0,0.0,0.0,0.0,V
70.748,stepper_y,,20,,0,0.0,0.0,0.0,0.0,V
70.748,stepper_y1,,20,,0,0.0,0.0,0.0,0.0,V
70.768,stepper_x,,20,,0,0.0,0.0,0.0,0.0,V
70.768,stepper_y,,20,,0,0.0,0.0,0.0,0.0,V
70.768,stepper_y1,,20,,0,0.0,0.0,0.0,0.0,V
70.788,stepper_x,,20,,0,0.0,0.0,0.0,0.0,V
70.788,stepper_y,,20,,0,0.0,0.0,0.0,0.0,V
70.788,stepper_y1,,20,,0,0.0,0.0,0.0,0.0,V
70.808,stepper_x,,20,,0,0.0,0.0,0.0,0.0,V
70.808,stepper_y,,20,,0,0.0,0.0,0.0,0.0,V
70.808,stepper_y1,,20,,0,0.0,0.0,0.0,0.0,V
70.829,stepper_x,,20,,0,0.0,0.0,0.0,0.0,V
70.829,stepper_y,,20,,0,0.0,0.0,0.0,0.0,V
70.829,stepper_y1,,20,,0,0.0,0.0,0.0,0.0,V
70.849,stepper_x,,20,,0,0.0,0.0,0.0,0.0,V
70.849,stepper_y,,20,,0,0.0,0.0,0.0,0.0,V
70.849,stepper_y1,,20,,0,0.0,0.0,0.0,0.0,V
70.869,stepper_x,,20,,0,0.0,0.0,0.0,0.0,V
70.869,stepper_y,,20,,0,0.0,0.0,0.0,0.0,V
70.869,stepper_y1,,20,,0,0.0,0.0,0.0,0.0,V
70.889,stepper_x,,20,,0,0.0,0.0,0.0,0.0,V
70.889,stepper_y,,20,,0,0.0,0.0,0.0,0.0,V
70.889,stepper_y1,,20,,0,0.0,0.0,0.0,0.0,V
70.909,stepper_x,,20,,0,0.0,0.0,0.0,0.0,V
70.909,stepper_y,,20,,0,0.0,0.0,0.0,0.0,V
70.909,stepper_y1,,20,,0,0.0,0.0,0.0,0.0,V
70.93,stepper_x,,20,,0,0.0,0.0,0.0,0.0,V
70.93,stepper_y,,20,,0,0.0,0.0,0.0,0.0,V
70.93,stepper_y1,,20,,0,0.0,0.0,0.0,0.0,V
70.95,stepper_x,,20,,0,0.0,0.0,0.0,0.0,V
70.95,stepper_y,,20,,0,0.0,0.0,0.0,0.0,V
70.95,stepper_y1,,20,,0,0.0,0.0,0.0,0.0,V
70.97,stepper_x,,20,,0,0.0,0.0,0.0,0.0,V
70.97,stepper_y,,20,,0,0.0,0.0,0.0,0.0,V
70.97,stepper_y1,,20,,0,0.0,0.0,0.0,0.0,V
70.991,stepper_x,,20,,0,0.0,0.0,0.0,0.0,V
70.991,stepper_y,,20,,0,0.0,0.0,0.0,0.0,V
70.991,stepper_y1,,20,,0,0.0,0.0,0.0,0.0,V
71.012,stepper_x,,20,,0,0.0,0.0,0.0,0.0,V
71.012,stepper_y,,20,,0,0.0,0.0,0.0,0.0,V
71.012,stepper_y1,,20,,0,0.0,0.0,0.0,0.0,V
71.032,stepper_x,,20,,0,0.0,0.0,0.0,0.0,V
71.032,stepper_y,,20,,0,0.0,0.0,0.0,0.0,V
71.032,stepper_y1,,20,,0,0.0,0.0,0.0,0.0,V
71.052,stepper_x,,20,,0,0.0,0.0,0.0,0.0,V
71.052,stepper_y,,20,,0,0.0,0.0,0.0,0.0,V
71.052,stepper_y1,,20,,0,0.0,0.0,0.0,0.0,V
71.073,stepper_x,,20,,0,0.0,0.0,0.0,0.0,V
71.073,stepper_y,,20,,0,0.0,0.0,0.0,0.0,V
71.073,stepper_y1,,20,,0,0.0,0.0,0.0,0.0,V
71.093,stepper_x,,20,,0,0.0,0.0,0.0,0.0,V
71.093,stepper_y,,20,,0,0.0,0.0,0.0,0.0,V
71.093,stepper_y1,,20,,0,0.0,0.0,0.0,0.0,V
71.113,stepper_x,,20,,0,0.0,0.0,0.0,0.0,V
71.113,stepper_y,,20,,0,0.0,0.0,0.0,0.0,V
71.113,stepper_y1,,20,,0,0.0,0.0,0.0,0.0,V
71.133,stepper_x,,20,,0,0.0,0.0,0.0,0.0,V
71.133,stepper_y,,20,,0,0.0,0.0,0.0,0.0,V
71.133,stepper_y1,,20,,0,0.0,0.0,0.0,0.0,V
71.153,stepper_x,,20,,0,0.0,0.0,0.0,0.0,V
71.153,stepper_y,,20,,0,0.0,0.0,0.0,0.0,V
71.153,stepper_y1,,20,,0,0.0,0.0,0.0,0.0,V
71.173,stepper_x,,20,,0,0.0,0.0,0.0,0.0,V
71.173,stepper_y,,20,,0,0.0,0.0,0.0,0.0,V
71.173,stepper_y1,,20,,0,0.0,0.0,0.0,0.0,V
71.193,stepper_x,,20,,0,0.0,0.0,0.0,0.0,V
71.193,stepper_y,,20,,0,0.0,0.0,0.0,0.0,V
71.193,stepper_y1,,20,,0,0.0,0.0,0.0,0.0,V
71.214,stepper_x,,20,,0,0.0,0.0,0.0,0.0,V
71.214,stepper_y,,20,,0,0.0,0.0,0.0,0.0,V
71.214,stepper_y1,,20,,0,0.0,0.0,0.0,0.0,V
71.235,stepper_x,,20,,0,0.0,0.0,0.0,0.0,V
71.235,stepper_y,,20,,0,0.0,0.0,0.0,0.0,V
71.235,stepper_y1,,20,,0,0.0,0.0,0.0,0.0,V
71.255,stepper_x,,20,,0,0.0,0.0,0.0,0.0,V
71.255,stepper_y,,20,,0,0.0,0.0,0.0,0.0,V
71.255,stepper_y1,,20,,0,0.0,0.0,0.0,0.0,V
71.275,stepper_x,,20,,0,0.0,0.0,0.0,0.0,V
71.275,stepper_y,,20,,0,0.0,0.0,0.0,0.0,V
71.275,stepper_y1,,20,,0,0.0,0.0,0.0,0.0,V
71.296,stepper_x,,20,,0,0.0,0.0,0.0,0.0,V
71.296,stepper_y,,20,,0,0.0,0.0,0.0,0.0,V
71.296,stepper_y1,,20,,0,0.0,0.0,0.0,0.0,V
71.316,stepper_x,,20,,0,0.0,0.0,0.0,0.0,V
71.316,stepper_y,,20,,0,0.0,0.0,0.0,0.0,V
71.316,stepper_y1,,20,,0,0.0,0.0,0.0,0.0,V
71.336,stepper_x,,20,,0,0.0,0.0,0.0,0.0,V
71.336,stepper_y,,20,,0,0.0,0.0,0.0,0.0,V
71.336,stepper_y1,,20,,0,0.0,0.0,0.0,0.0,V
71.356,stepper_x,,20,,0,0.0,0.0,0.0,0.0,V
71.356,stepper_y,,20,,0,0.0,0.0,0.0,0.0,V
71.356,stepper_y1,,20,,0,0.0,0.0,0.0,0.0,V
71.377,stepper_x,,20,,0,0.0,0.0,0.0,0.0,V
71.377,stepper_y,,20,,0,0.0,0.0,0.0,0.0,V
71.377,stepper_y1,,20,,0,0.0,0.0,0.0,0.0,V
71.397,stepper_x,,20,,0,0.0,0.0,0.0,0.0,V
71.397,stepper_y,,20,,0,0.0,0.0,0.0,0.0,V
71.397,stepper_y1,,20,,0,0.0,0.0,0.0,0.0,V
71.417,stepper_x,,20,,0,0.0,0.0,0.0,0.0,V
71.417,stepper_y,,20,,0,0.0,0.0,0.0,0.0,V
71.417,stepper_y1,,20,,0,0.0,0.0,0.0,0.0,V
71.437,stepper_x,,20,,0,0.0,0.0,0.0,0.0,V
71.437,stepper_y,,20,,0,0.0,0.0,0.0,0.0,V
71.437,stepper_y1,,20,,0,0.0,0.0,0.0,0.0,V
71.457,stepper_x,,20,,0,0.0,0.0,0.0,0.0,V
71.457,stepper_y,,20,,0,0.0,0.0,0.0,0.0,V
71.457,stepper_y1,,20,,0,0.0,0.0,0.0,0.0,V
71.477,stepper_x,,20,,0,0.0,0.0,0.0,0.0,V
71.477,stepper_y,,20,,0,0.0,0.0,0.0,0.0,V
71.477,stepper_y1,,20,,0,0.0,0.0,0.0,0.0,V
71.498,stepper_x,,20,,0,0.0,0.0,0.0,0.0,V
71.498,stepper_y,,20,,0,0.0,0.0,0.0,0.0,V
71.498,stepper_y1,,20,,0,0.0,0.0,0.0,0.0,V
71.519,stepper_x,,20,,0,0.0,0.0,0.0,0.0,V
71.519,stepper_y,,20,,0,0.0,0.0,0.0,0.0,V
71.519,stepper_y1,,20,,0,0.0,0.0,0.0,0.0,V
71.54,stepper_x,,20,,0,0.0,0.0,0.0,0.0,V
71.54,stepper_y,,20,,0,0.0,0.0,0.0,0.0,V
71.54,stepper_y1,,20,,0,0.0,0.0,0.0,0.0,V
71.56,stepper_x,,20,,0,0.0,0.0,0.0,0.0,V
71.56,stepper_y,,20,,0,0.0,0.0,0.0,0.0,V
71.56,stepper_y1,,20,,0,0.0,0.0,0.0,0.0,V
71.58,stepper_x,,20,,0,0.0,0.0,0.0,0.0,V
71.58,stepper_y,,20,,0,0.0,0.0,0.0,0.0,V
71.58,stepper_y1,,20,,0,0.0,0.0,0.0,0.0,V
71.6,stepper_x,,20,,0,0.0,0.0,0.0,0.0,V
71.6,stepper_y,,20,,0,0.0,0.0,0.0,0.0,V
71.6,stepper_y1,,20,,0,0.0,0.0,0.0,0.0,V
71.62,stepper_x,,20,,0,0.0,0.0,0.0,0.0,V
71.62,stepper_y,,20,,0,0.0,0.0,0.0,0.0,V
71.62,stepper_y1,,20,,0,0.0,0.0,0.0,0.0,V
71.64,stepper_x,,20,,0,0.0,0.0,0.0,0.0,V
71.64,stepper_y,,20,,0,0.0,0.0,0.0,0.0,V
71.64,stepper_y1,,20,,0,0.0,0.0,0.0,0.0,V
71.66,stepper_x,,20,,0,0.0,0.0,0.0,0.0,V
71.66,stepper_y,,20,,0,0.0,0.0,0.0,0.0,V
71.66,stepper_y1,,20,,0,0.0,0.0,0.0,0.0,V
71.681,stepper_x,,20,,0,0.0,0.0,0.0,0.0,V
71.681,stepper_y,,20,,0,0.0,0.0,0.0,0.0,V
71.681,stepper_y1,,20,,0,0.0,0.0,0.0,0.0,V
71.701,stepper_x,,20,,0,0.0,0.0,0.0,0.0,V
71.701,stepper_y,,20,,0,0.0,0.0,0.0,0.0,V
71.701,stepper_y1,,20,,0,0.0,0.0,0.0,0.0,V
71.721,stepper_x,,20,,0,0.0,0.0,0.0,0.0,V
71.721,stepper_y,,20,,0,0.0,0.0,0.0,0.0,V
71.721,stepper_y1,,20,,0,0.0,0.0,0.0,0.0,V
71.742,stepper_x,,20,,0,0.0,0.0,0.0,0.0,V
71.742,stepper_y,,20,,0,0.0,0.0,0.0,0.0,V
71.742,stepper_y1,,20,,0,0.0,0.0,0.0,0.0,V
71.763,stepper_x,,20,,0,0.0,0.0,0.0,0.0,V
71.763,stepper_y,,20,,0,0.0,0.0,0.0,0.0,V
71.763,stepper_y1,,20,,0,0.0,0.0,0.0,0.0,V
71.783,stepper_x,,20,,0,0.0,0.0,0.0,0.0,V
71.783,stepper_y,,20,,0,0.0,0.0,0.0,0.0,V
71.783,stepper_y1,,20,,0,0.0,0.0,0.0,0.0,V
71.803,stepper_x,,20,,0,0.0,0.0,0.0,0.0,V
71.803,stepper_y,,20,,0,0.0,0.0,0.0,0.0,V
71.803,stepper_y1,,20,,0,0.0,0.0,0.0,0.0,V
71.823,stepper_x,,20,,0,0.0,0.0,0.0,0.0,V
71.823,stepper_y,,20,,0,0.0,0.0,0.0,0.0,V
71.823,stepper_y1,,20,,0,0.0,0.0,0.0,0.0,V
71.843,stepper_x,,20,,0,0.0,0.0,0.0,0.0,V
71.843,stepper_y,,20,,0,0.0,0.0,0.0,0.0,V
71.843,stepper_y1,,20,,0,0.0,0.0,0.0,0.0,V
71.864,stepper_x,,20,,0,0.0,0.0,0.0,0.0,V
71.864,stepper_y,,20,,0,0.0,0.0,0.0,0.0,V
71.864,stepper_y1,,20,,0,0.0,0.0,0.0,0.0,V
71.884,stepper_x,,20,,0,0.0,0.0,0.0,0.0,V
71.884,stepper_y,,20,,0,0.0,0.0,0.0,0.0,V
71.884,stepper_y1,,20,,0,0.0,0.0,0.0,0.0,V
71.904,stepper_x,,20,,0,0.0,0.0,0.0,0.0,V
71.904,stepper_y,,20,,0,0.0,0.0,0.0,0.0,V
71.904,stepper_y1,,20,,0,0.0,0.0,0.0,0.0,V
71.924,stepper_x,,20,,0,0.0,0.0,0.0,0.0,V
71.924,stepper_y,,20,,0,0.0,0.0,0.0,0.0,V
71.924,stepper_y1,,20,,0,0.0,0.0,0.0,0.0,V
71.945,stepper_x,,20,,0,0.0,0.0,0.0,0.0,V
71.945,stepper_y,,20,,0,0.0,0.0,0.0,0.0,V
71.945,stepper_y1,,20,,0,0.0,0.0,0.0,0.0,V
71.965,stepper_x,,20,,0,0.0,0.0,0.0,0.0,V
71.965,stepper_y,,20,,0,0.0,0.0,0.0,0.0,V
71.965,stepper_y1,,20,,0,0.0,0.0,0.0,0.0,V
71.985,stepper_x,,20,,0,0.0,0.0,0.0,0.0,V
71.985,stepper_y,,20,,0,0.0,0.0,0.0,0.0,V
71.985,stepper_y1,,20,,0,0.0,0.0,0.0,0.0,V
72.005,stepper_x,,20,,0,0.0,0.0,0.0,0.0,V
72.005,stepper_y,,20,,0,0.0,0.0,0.0,0.0,V
72.005,stepper_y1,,20,,0,0.0,0.0,0.0,0.0,V
72.025,stepper_x,,20,,0,0.0,0.0,0.0,0.0,V
72.025,stepper_y,,20,,0,0.0,0.0,0.0,0.0,V
72.025,stepper_y1,,20,,0,0.0,0.0,0.0,0.0,V
72.045,stepper_x,,20,,0,0.0,0.0,0.0,0.0,V
72.045,stepper_y,,20,,0,0.0,0.0,0.0,0.0,V
72.045,stepper_y1,,20,,0,0.0,0.0,0.0,0.0,V
72.066,stepper_x,,20,,0,0.0,0.0,0.0,0.0,V
72.066,stepper_y,,20,,0,0.0,0.0,0.0,0.0,V
72.066,stepper_y1,,20,,0,0.0,0.0,0.0,0.0,V
72.086,stepper_x,,20,,0,0.0,0.0,0.0,0.0,V
72.086,stepper_y,,20,,0,0.0,0.0,0.0,0.0,V
72.086,stepper_y1,,20,,0,0.0,0.0,0.0,0.0,V
72.106,stepper_x,,20,,0,0.0,0.0,0.0,0.0,V
72.106,stepper_y,,20,,0,0.0,0.0,0.0,0.0,V
72.106,stepper_y1,,20,,0,0.0,0.0,0.0,0.0,V
72.126,stepper_x,,20,,0,0.0,0.0,0.0,0.0,V
72.126,stepper_y,,20,,0,0.0,0.0,0.0,0.0,V
72.126,stepper_y1,,20,,0,0.0,0.0,0.0,0.0,V
72.147,stepper_x,,20,,0,0.0,0.0,0.0,0.0,V
72.147,stepper_y,,20,,0,0.0,0.0,0.0,0.0,V
72.147,stepper_y1,,20,,0,0.0,0.0,0.0,0.0,V
72.167,stepper_x,,20,,0,0.0,0.0,0.0,0.0,V
72.167,stepper_y,,20,,0,0.0,0.0,0.0,0.0,V
72.167,stepper_y1,,20,,0,0.0,0.0,0.0,0.0,V
72.187,stepper_x,,20,,0,0.0,0.0,0.0,0.0,V
72.187,stepper_y,,20,,0,0.0,0.0,0.0,0.0,V
72.187,stepper_y1,,20,,0,0.0,0.0,0.0,0.0,V
72.207,stepper_x,,20,,0,0.0,0.0,0.0,0.0,V
72.207,stepper_y,,20,,0,0.0,0.0,0.0,0.0,V
72.207,stepper_y1,,20,,0,0.0,0.0,0.0,0.0,V
72.228,stepper_x,,20,,0,0.0,0.0,0.0,0.0,V
72.228,stepper_y,,20,,0,0.0,0.0,0.0,0.0,V
72.228,stepper_y1,,20,,0,0.0,0.0,0.0,0.0,V
72.249,stepper_x,,20,,0,0.0,0.0,0.0,0.0,V
72.249,stepper_y,,20,,0,0.0,0.0,0.0,0.0,V
72.249,stepper_y1,,20,,0,0.0,0.0,0.0,0.0,V
72.269,stepper_x,,20,,0,0.0,0.0,0.0,0.0,V
72.269,stepper_y,,20,,0,0.0,0.0,0.0,0.0,V
72.269,stepper_y1,,20,,0,0.0,0.0,0.0,0.0,V
72.289,stepper_x,,20,,0,0.0,0.0,0.0,0.0,V
72.289,stepper_y,,20,,0,0.0,0.0,0.0,0.0,V
72.289,stepper_y1,,20,,0,0.0,0.0,0.0,0.0,V
72.309,stepper_x,,20,,0,0.0,0.0,0.0,0.0,V
72.309,stepper_y,,20,,0,0.0,0.0,0.0,0.0,V
72.309,stepper_y1,,20,,0,0.0,0.0,0.0,0.0,V
72.33,stepper_x,,20,,0,0.0,0.0,0.0,0.0,V
72.33,stepper_y,,20,,0,0.0,0.0,0.0,0.0,V
72.33,stepper_y1,,20,,0,0.0,0.0,0.0,0.0,V
72.35,stepper_x,,20,,0,0.0,0.0,0.0,0.0,V
72.35,stepper_y,,20,,0,0.0,0.0,0.0,0.0,V
72.35,stepper_y1,,20,,0,0.0,0.0,0.0,0.0,V
72.37,stepper_x,,20,,0,0.0,0.0,0.0,0.0,V
72.37,stepper_y,,20,,0,0.0,0.0,0.0,0.0,V
72.37,stepper_y1,,20,,0,0.0,0.0,0.0,0.0,V
72.39,stepper_x,,20,,0,0.0,0.0,0.0,0.0,V
72.39,stepper_y,,20,,0,0.0,0.0,0.0,0.0,V
72.39,stepper_y1,,20,,0,0.0,0.0,0.0,0.0,V
72.41,stepper_x,,20,,0,0.0,0.0,0.0,0.0,V
72.41,stepper_y,,20,,0,0.0,0.0,0.0,0.0,V
72.41,stepper_y1,,20,,0,0.0,0.0,0.0,0.0,V
72.431,stepper_x,,20,,0,0.0,0.0,0.0,0.0,V
72.431,stepper_y,,20,,0,0.0,0.0,0.0,0.0,V
72.431,stepper_y1,,20,,0,0.0,0.0,0.0,0.0,V
72.451,stepper_x,,20,,0,0.0,0.0,0.0,0.0,V
72.451,stepper_y,,20,,0,0.0,0.0,0.0,0.0,V
72.451,stepper_y1,,20,,0,0.0,0.0,0.0,0.0,V
72.471,stepper_x,,20,,0,0.0,0.0,0.0,0.0,V
72.471,stepper_y,,20,,0,0.0,0.0,0.0,0.0,V
72.471,stepper_y1,,20,,0,0.0,0.0,0.0,0.0,V
72.492,stepper_x,,20,,0,0.0,0.0,0.0,0.0,V
72.492,stepper_y,,20,,0,0.0,0.0,0.0,0.0,V
72.492,stepper_y1,,20,,0,0.0,0.0,0.0,0.0,V
72.513,stepper_x,,20,,0,0.0,0.0,0.0,0.0,V
72.513,stepper_y,,20,,0,0.0,0.0,0.0,0.0,V
72.513,stepper_y1,,20,,0,0.0,0.0,0.0,0.0,V
72.533,stepper_x,,20,,0,0.0,0.0,0.0,0.0,V
72.533,stepper_y,,20,,0,0.0,0.0,0.0,0.0,V
72.533,stepper_y1,,20,,0,0.0,0.0,0.0,0.0,V
72.553,stepper_x,,20,,0,0.0,0.0,0.0,0.0,V
72.553,stepper_y,,20,,0,0.0,0.0,0.0,0.0,V
72.553,stepper_y1,,20,,0,0.0,0.0,0.0,0.0,V
72.573,stepper_x,,20,,0,0.0,0.0,0.0,0.0,V
72.573,stepper_y,,20,,0,0.0,0.0,0.0,0.0,V
72.573,stepper_y1,,20,,0,0.0,0.0,0.0,0.0,V
72.593,stepper_x,,20,,0,0.0,0.0,0.0,0.0,V
72.593,stepper_y,,20,,0,0.0,0.0,0.0,0.0,V
72.593,stepper_y1,,20,,0,0.0,0.0,0.0,0.0,V
72.614,stepper_x,,20,,0,0.0,0.0,0.0,0.0,V
72.614,stepper_y,,20,,0,0.0,0.0,0.0,0.0,V
72.614,stepper_y1,,20,,0,0.0,0.0,0.0,0.0,V
72.634,stepper_x,,20,,0,0.0,0.0,0.0,0.0,V
72.634,stepper_y,,20,,0,0.0,0.0,0.0,0.0,V
72.634,stepper_y1,,20,,0,0.0,0.0,0.0,0.0,V
72.654,stepper_x,,20,,0,0.0,0.0,0.0,0.0,V
72.654,stepper_y,,20,,0,0.0,0.0,0.0,0.0,V
72.654,stepper_y1,,20,,0,0.0,0.0,0.0,0.0,V
72.674,stepper_x,,20,,0,0.0,0.0,0.0,0.0,V
72.674,stepper_y,,20,,0,0.0,0.0,0.0,0.0,V
72.674,stepper_y1,,20,,0,0.0,0.0,0.0,0.0,V
72.694,stepper_x,,20,,0,0.0,0.0,0.0,0.0,V
72.694,stepper_y,,20,,0,0.0,0.0,0.0,0.0,V
72.694,stepper_y1,,20,,0,0.0,0.0,0.0,0.0,V
72.715,stepper_x,,20,,0,0.0,0.0,0.0,0.0,V
72.715,stepper_y,,20,,0,0.0,0.0,0.0,0.0,V
72.715,stepper_y1,,20,,0,0.0,0.0,0.0,0.0,V
72.735,stepper_x,,20,,0,0.0,0.0,0.0,0.0,V
72.735,stepper_y,,20,,0,0.0,0.0,0.0,0.0,V
72.735,stepper_y1,,20,,0,0.0,0.0,0.0,0.0,V
72.756,stepper_x,,20,,0,0.0,0.0,0.0,0.0,V
72.756,stepper_y,,20,,0,0.0,0.0,0.0,0.0,V
72.756,stepper_y1,,20,,0,0.0,0.0,0.0,0.0,V
72.776,stepper_x,,20,,0,0.0,0.0,0.0,0.0,V
72.776,stepper_y,,20,,0,0.0,0.0,0.0,0.0,V
72.776,stepper_y1,,20,,0,0.0,0.0,0.0,0.0,V
72.796,stepper_x,,20,,0,0.0,0.0,0.0,0.0,V
72.796,stepper_y,,20,,0,0.0,0.0,0.0,0.0,V
72.796,stepper_y1,,20,,0,0.0,0.0,0.0,0.0,V
72.817,stepper_x,,20,,0,0.0,0.0,0.0,0.0,V
72.817,stepper_y,,20,,0,0.0,0.0,0.0,0.0,V
72.817,stepper_y1,,20,,0,0.0,0.0,0.0,0.0,V
72.837,stepper_x,,20,,0,0.0,0.0,0.0,0.0,V
72.837,stepper_y,,20,,0,0.0,0.0,0.0,0.0,V
72.837,stepper_y1,,20,,0,0.0,0.0,0.0,0.0,V
72.857,stepper_x,,20,,0,0.0,0.0,0.0,0.0,V
72.857,stepper_y,,20,,0,0.0,0.0,0.0,0.0,V
72.857,stepper_y1,,20,,0,0.0,0.0,0.0,0.0,V
72.877,stepper_x,,20,,0,0.0,0.0,0.0,0.0,V
72.877,stepper_y,,20,,0,0.0,0.0,0.0,0.0,V
72.877,stepper_y1,,20,,0,0.0,0.0,0.0,0.0,V
72.897,stepper_x,,20,,0,0.0,0.0,0.0,0.0,V
72.897,stepper_y,,20,,0,0.0,0.0,0.0,0.0,V
72.897,stepper_y1,,20,,0,0.0,0.0,0.0,0.0,V
72.918,stepper_x,,20,,0,0.0,0.0,0.0,0.0,V
72.918,stepper_y,,20,,0,0.0,0.0,0.0,0.0,V
72.918,stepper_y1,,20,,0,0.0,0.0,0.0,0.0,V
72.938,stepper_x,,20,,0,0.0,0.0,0.0,0.0,V
72.938,stepper_y,,20,,0,0.0,0.0,0.0,0.0,V
72.938,stepper_y1,,20,,0,0.0,0.0,0.0,0.0,V
72.958,stepper_x,,20,,0,0.0,0.0,0.0,0.0,V
72.958,stepper_y,,20,,0,0.0,0.0,0.0,0.0,V
72.958,stepper_y1,,20,,0,0.0,0.0,0.0,0.0,V
72.978,stepper_x,,20,,0,0.0,0.0,0.0,0.0,V
72.978,stepper_y,,20,,0,0.0,0.0,0.0,0.0,V
72.978,stepper_y1,,20,,0,0.0,0.0,0.0,0.0,V
72.999,stepper_x,,20,,0,0.0,0.0,0.0,0.0,V
72.999,stepper_y,,20,,0,0.0,0.0,0.0,0.0,V
72.999,stepper_y1,,20,,0,0.0,0.0,0.0,0.0,V
73.019,stepper_x,,20,,0,0.0,0.0,0.0,0.0,V
73.019,stepper_y,,20,,0,0.0,0.0,0.0,0.0,V
73.019,stepper_y1,,20,,0,0.0,0.0,0.0,0.0,V
73.039,stepper_x,,20,,0,0.0,0.0,0.0,0.0,V
73.039,stepper_y,,20,,0,0.0,0.0,0.0,0.0,V
73.039,stepper_y1,,20,,0,0.0,0.0,0.0,0.0,V
73.059,stepper_x,,20,,0,0.0,0.0,0.0,0.0,V
73.059,stepper_y,,20,,0,0.0,0.0,0.0,0.0,V
73.059,stepper_y1,,20,,0,0.0,0.0,0.0,0.0,V
73.079,stepper_x,,20,,0,0.0,0.0,0.0,0.0,V
73.079,stepper_y,,20,,0,0.0,0.0,0.0,0.0,V
73.079,stepper_y1,,20,,0,0.0,0.0,0.0,0.0,V
73.099,stepper_x,,20,,0,0.0,0.0,0.0,0.0,V
73.099,stepper_y,,20,,0,0.0,0.0,0.0,0.0,V
73.099,stepper_y1,,20,,0,0.0,0.0,0.0,0.0,V
73.12,stepper_x,,20,,0,0.0,0.0,0.0,0.0,V
73.12,stepper_y,,20,,0,0.0,0.0,0.0,0.0,V
73.12,stepper_y1,,20,,0,0.0,0.0,0.0,0.0,V
73.14,stepper_x,,20,,0,0.0,0.0,0.0,0.0,V
73.14,stepper_y,,20,,0,0.0,0.0,0.0,0.0,V
73.14,stepper_y1,,20,,0,0.0,0.0,0.0,0.0,V
73.16,stepper_x,,20,,0,0.0,0.0,0.0,0.0,V
73.16,stepper_y,,20,,0,0.0,0.0,0.0,0.0,V
73.16,stepper_y1,,20,,0,0.0,0.0,0.0,0.0,V
73.18,stepper_x,,20,,0,0.0,0.0,0.0,0.0,V
73.18,stepper_y,,20,,0,0.0,0.0,0.0,0.0,V
73.18,stepper_y1,,20,,0,0.0,0.0,0.0,0.0,V
73.2,stepper_x,,20,,0,0.0,0.0,0.0,0.0,V
73.2,stepper_y,,20,,0,0.0,0.0,0.0,0.0,V
73.2,stepper_y1,,20,,0,0.0,0.0,0.0,0.0,V
73.221,stepper_x,,20,,0,0.0,0.0,0.0,0.0,V
73.221,stepper_y,,20,,0,0.0,0.0,0.0,0.0,V
73.221,stepper_y1,,20,,0,0.0,0.0,0.0,0.0,V
73.242,stepper_x,,20,,0,0.0,0.0,0.0,0.0,V
73.242,stepper_y,,20,,0,0.0,0.0,0.0,0.0,V
73.242,stepper_y1,,20,,0,0.0,0.0,0.0,0.0,V
73.262,stepper_x,,20,,0,0.0,0.0,0.0,0.0,V
73.262,stepper_y,,20,,0,0.0,0.0,0.0,0.0,V
73.262,stepper_y1,,20,,0,0.0,0.0,0.0,0.0,V
73.282,stepper_x,,20,,0,0.0,0.0,0.0,0.0,V
73.282,stepper_y,,20,,0,0.0,0.0,0.0,0.0,V
73.282,stepper_y1,,20,,0,0.0,0.0,0.0,0.0,V
73.302,stepper_x,,20,,0,0.0,0.0,0.0,0.0,V
73.302,stepper_y,,20,,0,0.0,0.0,0.0,0.0,V
73.302,stepper_y1,,20,,0,0.0,0.0,0.0,0.0,V
73.323,stepper_x,,20,,0,0.0,0.0,0.0,0.0,V
73.323,stepper_y,,20,,0,0.0,0.0,0.0,0.0,V
73.323,stepper_y1,,20,,0,0.0,0.0,0.0,0.0,V
73.343,stepper_x,,20,,0,0.0,0.0,0.0,0.0,V
73.343,stepper_y,,20,,0,0.0,0.0,0.0,0.0,V
73.343,stepper_y1,,20,,0,0.0,0.0,0.0,0.0,V
73.363,stepper_x,,20,,0,0.0,0.0,0.0,0.0,V
73.363,stepper_y,,20,,0,0.0,0.0,0.0,0.0,V
73.363,stepper_y1,,20,,0,0.0,0.0,0.0,0.0,V
73.383,stepper_x,,20,,0,0.0,0.0,0.0,0.0,V
73.383,stepper_y,,20,,0,0.0,0.0,0.0,0.0,V
73.383,stepper_y1,,20,,0,0.0,0.0,0.0,0.0,V
73.403,stepper_x,,20,,0,0.0,0.0,0.0,0.0,V
73.403,stepper_y,,20,,0,0.0,0.0,0.0,0.0,V
73.403,stepper_y1,,20,,0,0.0,0.0,0.0,0.0,V
73.424,stepper_x,,20,,0,0.0,0.0,0.0,0.0,V
73.424,stepper_y,,20,,0,0.0,0.0,0.0,0.0,V
73.424,stepper_y1,,20,,0,0.0,0.0,0.0,0.0,V
73.444,stepper_x,,20,,0,0.0,0.0,0.0,0.0,V
73.444,stepper_y,,20,,0,0.0,0.0,0.0,0.0,V
73.444,stepper_y1,,20,,0,0.0,0.0,0.0,0.0,V
73.464,stepper_x,,20,,0,0.0,0.0,0.0,0.0,V
73.464,stepper_y,,20,,0,0.0,0.0,0.0,0.0,V
73.464,stepper_y1,,20,,0,0.0,0.0,0.0,0.0,V
73.484,stepper_x,,20,,0,0.0,0.0,0.0,0.0,V
73.484,stepper_y,,20,,0,0.0,0.0,0.0,0.0,V
73.484,stepper_y1,,20,,0,0.0,0.0,0.0,0.0,V
73.505,stepper_x,,20,,0,0.0,0.0,0.0,0.0,V
73.505,stepper_y,,20,,0,0.0,0.0,0.0,0.0,V
73.505,stepper_y1,,20,,0,0.0,0.0,0.0,0.0,V
73.526,stepper_x,,20,,0,0.0,0.0,0.0,0.0,V
73.526,stepper_y,,20,,0,0.0,0.0,0.0,0.0,V
73.526,stepper_y1,,20,,0,0.0,0.0,0.0,0.0,V
73.546,stepper_x,,20,,0,0.0,0.0,0.0,0.0,V
73.546,stepper_y,,20,,0,0.0,0.0,0.0,0.0,V
73.546,stepper_y1,,20,,0,0.0,0.0,0.0,0.0,V
73.566,stepper_x,,20,,0,0.0,0.0,0.0,0.0,V
73.566,stepper_y,,20,,0,0.0,0.0,0.0,0.0,V
73.566,stepper_y1,,20,,0,0.0,0.0,0.0,0.0,V
73.586,stepper_x,,20,,0,0.0,0.0,0.0,0.0,V
73.586,stepper_y,,20,,0,0.0,0.0,0.0,0.0,V
73.586,stepper_y1,,20,,0,0.0,0.0,0.0,0.0,V
73.606,stepper_x,,20,,0,0.0,0.0,0.0,0.0,V
73.606,stepper_y,,20,,0,0.0,0.0,0.0,0.0,V
73.606,stepper_y1,,20,,0,0.0,0.0,0.0,0.0,V
73.627,stepper_x,,20,,0,0.0,0.0,0.0,0.0,V
73.627,stepper_y,,20,,0,0.0,0.0,0.0,0.0,V
73.627,stepper_y1,,20,,0,0.0,0.0,0.0,0.0,V
73.647,stepper_x,,20,,0,0.0,0.0,0.0,0.0,V
73.647,stepper_y,,20,,0,0.0,0.0,0.0,0.0,V
73.647,stepper_y1,,20,,0,0.0,0.0,0.0,0.0,V
73.667,stepper_x,,20,,0,0.0,0.0,0.0,0.0,V
73.667,stepper_y,,20,,0,0.0,0.0,0.0,0.0,V
73.667,stepper_y1,,20,,0,0.0,0.0,0.0,0.0,V
73.687,stepper_x,,20,,0,0.0,0.0,0.0,0.0,V
73.687,stepper_y,,20,,0,0.0,0.0,0.0,0.0,V
73.687,stepper_y1,,20,,0,0.0,0.0,0.0,0.0,V
73.707,stepper_x,,20,,0,0.0,0.0,0.0,0.0,V
73.707,stepper_y,,20,,0,0.0,0.0,0.0,0.0,V
73.707,stepper_y1,,20,,0,0.0,0.0,0.0,0.0,V
73.728,stepper_x,,20,,0,0.0,0.0,0.0,0.0,V
73.728,stepper_y,,20,,0,0.0,0.0,0.0,0.0,V
73.728,stepper_y1,,20,,0,0.0,0.0,0.0,0.0,V
73.749,stepper_x,,20,,0,0.0,0.0,0.0,0.0,V
73.749,stepper_y,,20,,0,0.0,0.0,0.0,0.0,V
73.749,stepper_y1,,20,,0,0.0,0.0,0.0,0.0,V
73.769,stepper_x,,20,,0,0.0,0.0,0.0,0.0,V
73.769,stepper_y,,20,,0,0.0,0.0,0.0,0.0,V
73.769,stepper_y1,,20,,0,0.0,0.0,0.0,0.0,V
73.789,stepper_x,,20,,0,0.0,0.0,0.0,0.0,V
73.789,stepper_y,,20,,0,0.0,0.0,0.0,0.0,V
73.789,stepper_y1,,20,,0,0.0,0.0,0.0,0.0,V
73.809,stepper_x,,20,,0,0.0,0.0,0.0,0.0,V
73.809,stepper_y,,20,,0,0.0,0.0,0.0,0.0,V
73.809,stepper_y1,,20,,0,0.0,0.0,0.0,0.0,V
73.83,stepper_x,,20,,0,0.0,0.0,0.0,0.0,V
73.83,stepper_y,,20,,0,0.0,0.0,0.0,0.0,V
73.83,stepper_y1,,20,,0,0.0,0.0,0.0,0.0,V
73.85,stepper_x,,20,,0,0.0,0.0,0.0,0.0,V
73.85,stepper_y,,20,,0,0.0,0.0,0.0,0.0,V
73.85,stepper_y1,,20,,0,0.0,0.0,0.0,0.0,V
73.87,stepper_x,,20,,0,0.0,0.0,0.0,0.0,V
73.87,stepper_y,,20,,0,0.0,0.0,0.0,0.0,V
73.87,stepper_y1,,20,,0,0.0,0.0,0.0,0.0,V
73.89,stepper_x,,20,,0,0.0,0.0,0.0,0.0,V
73.89,stepper_y,,20,,0,0.0,0.0,0.0,0.0,V
73.89,stepper_y1,,20,,0,0.0,0.0,0.0,0.0,V
73.91,stepper_x,,20,,0,0.0,0.0,0.0,0.0,V
73.91,stepper_y,,20,,0,0.0,0.0,0.0,0.0,V
73.91,stepper_y1,,20,,0,0.0,0.0,0.0,0.0,V
73.931,stepper_x,,20,,0,0.0,0.0,0.0,0.0,V
73.931,stepper_y,,20,,0,0.0,0.0,0.0,0.0,V
73.931,stepper_y1,,20,,0,0.0,0.0,0.0,0.0,V
73.951,stepper_x,,20,,0,0.0,0.0,0.0,0.0,V
73.951,stepper_y,,20,,0,0.0,0.0,0.0,0.0,V
73.951,stepper_y1,,20,,0,0.0,0.0,0.0,0.0,V
73.971,stepper_x,,20,,0,0.0,0.0,0.0,0.0,V
73.971,stepper_y,,20,,0,0.0,0.0,0.0,0.0,V
73.971,stepper_y1,,20,,0,0.0,0.0,0.0,0.0,V
73.991,stepper_x,,20,,0,0.0,0.0,0.0,0.0,V
73.991,stepper_y,,20,,0,0.0,0.0,0.0,0.0,V
73.991,stepper_y1,,20,,0,0.0,0.0,0.0,0.0,V
74.012,stepper_x,,20,,0,0.0,0.0,0.0,0.0,V
74.012,stepper_y,,20,,0,0.0,0.0,0.0,0.0,V
74.012,stepper_y1,,20,,0,0.0,0.0,0.0,0.0,V
74.032,stepper_x,,20,,0,0.0,0.0,0.0,0.0,V
74.032,stepper_y,,20,,0,0.0,0.0,0.0,0.0,V
74.032,stepper_y1,,20,,0,0.0,0.0,0.0,0.0,V
74.052,stepper_x,,20,,0,0.0,0.0,0.0,0.0,V
74.052,stepper_y,,20,,0,0.0,0.0,0.0,0.0,V
74.052,stepper_y1,,20,,0,0.0,0.0,0.0,0.0,V
74.072,stepper_x,,20,,0,0.0,0.0,0.0,0.0,V
74.072,stepper_y,,20,,0,0.0,0.0,0.0,0.0,V
74.072,stepper_y1,,20,,0,0.0,0.0,0.0,0.0,V
74.092,stepper_x,,20,,0,0.0,0.0,0.0,0.0,V
74.092,stepper_y,,20,,0,0.0,0.0,0.0,0.0,V
74.092,stepper_y1,,20,,0,0.0,0.0,0.0,0.0,V
74.113,stepper_x,,20,,0,0.0,0.0,0.0,0.0,V
74.113,stepper_y,,20,,0,0.0,0.0,0.0,0.0,V
74.113,stepper_y1,,20,,0,0.0,0.0,0.0,0.0,V
74.133,stepper_x,,20,,0,0.0,0.0,0.0,0.0,V
74.133,stepper_y,,20,,0,0.0,0.0,0.0,0.0,V
74.133,stepper_y1,,20,,0,0.0,0.0,0.0,0.0,V
74.153,stepper_x,,20,,0,0.0,0.0,0.0,0.0,V
74.153,stepper_y,,20,,0,0.0,0.0,0.0,0.0,V
74.153,stepper_y1,,20,,0,0.0,0.0,0.0,0.0,V
74.173,stepper_x,,20,,0,0.0,0.0,0.0,0.0,V
74.173,stepper_y,,20,,0,0.0,0.0,0.0,0.0,V
74.173,stepper_y1,,20,,0,0.0,0.0,0.0,0.0,V
74.193,stepper_x,,20,,0,0.0,0.0,0.0,0.0,V
74.193,stepper_y,,20,,0,0.0,0.0,0.0,0.0,V
74.193,stepper_y1,,20,,0,0.0,0.0,0.0,0.0,V
74.214,stepper_x,,20,,0,0.0,0.0,0.0,0.0,V
74.214,stepper_y,,20,,0,0.0,0.0,0.0,0.0,V
74.214,stepper_y1,,20,,0,0.0,0.0,0.0,0.0,V
74.234,stepper_x,,20,,0,0.0,0.0,0.0,0.0,V
74.234,stepper_y,,20,,0,0.0,0.0,0.0,0.0,V
74.234,stepper_y1,,20,,0,0.0,0.0,0.0,0.0,V
74.255,stepper_x,,20,,0,0.0,0.0,0.0,0.0,V
74.255,stepper_y,,20,,0,0.0,0.0,0.0,0.0,V
74.255,stepper_y1,,20,,0,0.0,0.0,0.0,0.0,V
74.275,stepper_x,,20,,0,0.0,0.0,0.0,0.0,V
74.275,stepper_y,,20,,0,0.0,0.0,0.0,0.0,V
74.275,stepper_y1,,20,,0,0.0,0.0,0.0,0.0,V
74.295,stepper_x,,20,,0,0.0,0.0,0.0,0.0,V
74.295,stepper_y,,20,,0,0.0,0.0,0.0,0.0,V
74.295,stepper_y1,,20,,0,0.0,0.0,0.0,0.0,V
74.316,stepper_x,,20,,0,0.0,0.0,0.0,0.0,V
74.316,stepper_y,,20,,0,0.0,0.0,0.0,0.0,V
74.316,stepper_y1,,20,,0,0.0,0.0,0.0,0.0,V
74.336,stepper_x,,20,,0,0.0,0.0,0.0,0.0,V
74.336,stepper_y,,20,,0,0.0,0.0,0.0,0.0,V
74.336,stepper_y1,,20,,0,0.0,0.0,0.0,0.0,V
74.356,stepper_x,,20,,0,0.0,0.0,0.0,0.0,V
74.356,stepper_y,,20,,0,0.0,0.0,0.0,0.0,V
74.356,stepper_y1,,20,,0,0.0,0.0,0.0,0.0,V
74.376,stepper_x,,20,,0,0.0,0.0,0.0,0.0,V
74.376,stepper_y,,20,,0,0.0,0.0,0.0,0.0,V
74.376,stepper_y1,,20,,0,0.0,0.0,0.0,0.0,V
74.396,stepper_x,,20,,0,0.0,0.0,0.0,0.0,V
74.396,stepper_y,,20,,0,0.0,0.0,0.0,0.0,V
74.396,stepper_y1,,20,,0,0.0,0.0,0.0,0.0,V
74.417,stepper_x,,20,,0,0.0,0.0,0.0,0.0,V
74.417,stepper_y,,20,,0,0.0,0.0,0.0,0.0,V
74.417,stepper_y1,,20,,0,0.0,0.0,0.0,0.0,V
74.437,stepper_x,,20,,0,0.0,0.0,0.0,0.0,V
74.437,stepper_y,,20,,0,0.0,0.0,0.0,0.0,V
74.437,stepper_y1,,20,,0,0.0,0.0,0.0,0.0,V
74.457,stepper_x,,20,,0,0.0,0.0,0.0,0.0,V
74.457,stepper_y,,20,,0,0.0,0.0,0.0,0.0,V
74.457,stepper_y1,,20,,0,0.0,0.0,0.0,0.0,V
74.477,stepper_x,,20,,0,0.0,0.0,0.0,0.0,V
74.477,stepper_y,,20,,0,0.0,0.0,0.0,0.0,V
74.477,stepper_y1,,20,,0,0.0,0.0,0.0,0.0,V
74.498,stepper_x,,20,,0,0.0,0.0,0.0,0.0,V
74.498,stepper_y,,20,,0,0.0,0.0,0.0,0.0,V
74.498,stepper_y1,,20,,0,0.0,0.0,0.0,0.0,V
74.519,stepper_x,,20,,0,0.0,0.0,0.0,0.0,V
74.519,stepper_y,,20,,0,0.0,0.0,0.0,0.0,V
74.519,stepper_y1,,20,,0,0.0,0.0,0.0,0.0,V
74.539,stepper_x,,20,,0,0.0,0.0,0.0,0.0,V
74.539,stepper_y,,20,,0,0.0,0.0,0.0,0.0,V
74.539,stepper_y1,,20,,0,0.0,0.0,0.0,0.0,V
74.559,stepper_x,,20,,0,0.0,0.0,0.0,0.0,V
74.559,stepper_y,,20,,0,0.0,0.0,0.0,0.0,V
74.559,stepper_y1,,20,,0,0.0,0.0,0.0,0.0,V
74.58,stepper_x,,20,,0,0.0,0.0,0.0,0.0,V
74.58,stepper_y,,20,,0,0.0,0.0,0.0,0.0,V
74.58,stepper_y1,,20,,0,0.0,0.0,0.0,0.0,V
74.6,stepper_x,,20,,0,0.0,0.0,0.0,0.0,V
74.6,stepper_y,,20,,0,0.0,0.0,0.0,0.0,V
74.6,stepper_y1,,20,,0,0.0,0.0,0.0,0.0,V
74.62,stepper_x,,20,,0,0.0,0.0,0.0,0.0,V
74.62,stepper_y,,20,,0,0.0,0.0,0.0,0.0,V
74.62,stepper_y1,,20,,0,0.0,0.0,0.0,0.0,V
74.64,stepper_x,,20,,0,0.0,0.0,0.0,0.0,V
74.64,stepper_y,,20,,0,0.0,0.0,0.0,0.0,V
74.64,stepper_y1,,20,,0,0.0,0.0,0.0,0.0,V
74.66,stepper_x,,20,,0,0.0,0.0,0.0,0.0,V
74.66,stepper_y,,20,,0,0.0,0.0,0.0,0.0,V
74.66,stepper_y1,,20,,0,0.0,0.0,0.0,0.0,V
74.68,stepper_x,,20,,0,0.0,0.0,0.0,0.0,V
74.68,stepper_y,,20,,0,0.0,0.0,0.0,0.0,V
74.68,stepper_y1,,20,,0,0.0,0.0,0.0,0.0,V
74.701,stepper_x,,20,,0,0.0,0.0,0.0,0.0,V
74.701,stepper_y,,20,,0,0.0,0.0,0.0,0.0,V
74.701,stepper_y1,,20,,0,0.0,0.0,0.0,0.0,V
74.721,stepper_x,,20,,0,0.0,0.0,0.0,0.0,V
74.721,stepper_y,,20,,0,0.0,0.0,0.0,0.0,V
74.721,stepper_y1,,20,,0,0.0,0.0,0.0,0.0,V
74.742,stepper_x,,20,,0,0.0,0.0,0.0,0.0,V
74.742,stepper_y,,20,,0,0.0,0.0,0.0,0.0,V
74.742,stepper_y1,,20,,0,0.0,0.0,0.0,0.0,V
74.762,stepper_x,,20,,0,0.0,0.0,0.0,0.0,V
74.762,stepper_y,,20,,0,0.0,0.0,0.0,0.0,V
74.762,stepper_y1,,20,,0,0.0,0.0,0.0,0.0,V
74.782,stepper_x,,20,,0,0.0,0.0,0.0,0.0,V
74.782,stepper_y,,20,,0,0.0,0.0,0.0,0.0,V
74.782,stepper_y1,,20,,0,0.0,0.0,0.0,0.0,V
74.803,stepper_x,,20,,0,0.0,0.0,0.0,0.0,V
74.803,stepper_y,,20,,0,0.0,0.0,0.0,0.0,V
74.803,stepper_y1,,20,,0,0.0,0.0,0.0,0.0,V
74.823,stepper_x,,20,,0,0.0,0.0,0.0,0.0,V
74.823,stepper_y,,20,,0,0.0,0.0,0.0,0.0,V
74.823,stepper_y1,,20,,0,0.0,0.0,0.0,0.0,V
74.843,stepper_x,,20,,0,0.0,0.0,0.0,0.0,V
74.843,stepper_y,,20,,0,0.0,0.0,0.0,0.0,V
74.843,stepper_y1,,20,,0,0.0,0.0,0.0,0.0,V
74.863,stepper_x,,20,,0,0.0,0.0,0.0,0.0,V
74.863,stepper_y,,20,,0,0.0,0.0,0.0,0.0,V
74.863,stepper_y1,,20,,0,0.0,0.0,0.0,0.0,V
74.883,stepper_x,,20,,0,0.0,0.0,0.0,0.0,V
74.883,stepper_y,,20,,0,0.0,0.0,0.0,0.0,V
74.883,stepper_y1,,20,,0,0.0,0.0,0.0,0.0,V
74.903,stepper_x,,20,,0,0.0,0.0,0.0,0.0,V
74.903,stepper_y,,20,,0,0.0,0.0,0.0,0.0,V
74.903,stepper_y1,,20,,0,0.0,0.0,0.0,0.0,V
74.924,stepper_x,,20,,0,0.0,0.0,0.0,0.0,V
74.924,stepper_y,,20,,0,0.0,0.0,0.0,0.0,V
74.924,stepper_y1,,20,,0,0.0,0.0,0.0,0.0,V
74.944,stepper_x,,20,,0,0.0,0.0,0.0,0.0,V
74.944,stepper_y,,20,,0,0.0,0.0,0.0,0.0,V
74.944,stepper_y1,,20,,0,0.0,0.0,0.0,0.0,V
74.964,stepper_x,,20,,0,0.0,0.0,0.0,0.0,V
74.964,stepper_y,,20,,0,0.0,0.0,0.0,0.0,V
74.964,stepper_y1,,20,,0,0.0,0.0,0.0,0.0,V
74.985,stepper_x,,20,,0,0.0,0.0,0.0,0.0,V
74.985,stepper_y,,20,,0,0.0,0.0,0.0,0.0,V
74.985,stepper_y1,,20,,0,0.0,0.0,0.0,0.0,V
75.005,stepper_x,,20,,0,0.0,0.0,0.0,0.0,V
75.005,stepper_y,,20,,0,0.0,0.0,0.0,0.0,V
75.005,stepper_y1,,20,,0,0.0,0.0,0.0,0.0,V
75.026,stepper_x,,20,,0,0.0,0.0,0.0,0.0,V
75.026,stepper_y,,20,,0,0.0,0.0,0.0,0.0,V
75.026,stepper_y1,,20,,0,0.0,0.0,0.0,0.0,V
75.046,stepper_x,,20,,0,0.0,0.0,0.0,0.0,V
75.046,stepper_y,,20,,0,0.0,0.0,0.0,0.0,V
75.046,stepper_y1,,20,,0,0.0,0.0,0.0,0.0,V
75.066,stepper_x,,20,,0,0.0,0.0,0.0,0.0,V
75.066,stepper_y,,20,,0,0.0,0.0,0.0,0.0,V
75.066,stepper_y1,,20,,0,0.0,0.0,0.0,0.0,V
75.087,stepper_x,,20,,0,0.0,0.0,0.0,0.0,V
75.087,stepper_y,,20,,0,0.0,0.0,0.0,0.0,V
75.087,stepper_y1,,20,,0,0.0,0.0,0.0,0.0,V
75.107,stepper_x,,20,,0,0.0,0.0,0.0,0.0,V
75.107,stepper_y,,20,,0,0.0,0.0,0.0,0.0,V
75.107,stepper_y1,,20,,0,0.0,0.0,0.0,0.0,V
75.127,stepper_x,,20,,0,0.0,0.0,0.0,0.0,V
75.127,stepper_y,,20,,0,0.0,0.0,0.0,0.0,V
75.127,stepper_y1,,20,,0,0.0,0.0,0.0,0.0,V
75.147,stepper_x,,20,,0,0.0,0.0,0.0,0.0,V
75.147,stepper_y,,20,,0,0.0,0.0,0.0,0.0,V
75.147,stepper_y1,,20,,0,0.0,0.0,0.0,0.0,V
75.168,stepper_x,,20,,0,0.0,0.0,0.0,0.0,V
75.168,stepper_y,,20,,0,0.0,0.0,0.0,0.0,V
75.168,stepper_y1,,20,,0,0.0,0.0,0.0,0.0,V
75.188,stepper_x,,20,,0,0.0,0.0,0.0,0.0,V
75.188,stepper_y,,20,,0,0.0,0.0,0.0,0.0,V
75.188,stepper_y1,,20,,0,0.0,0.0,0.0,0.0,V
75.208,stepper_x,,20,,0,0.0,0.0,0.0,0.0,V
75.208,stepper_y,,20,,0,0.0,0.0,0.0,0.0,V
75.208,stepper_y1,,20,,0,0.0,0.0,0.0,0.0,V
75.228,stepper_x,,20,,0,0.0,0.0,0.0,0.0,V
75.228,stepper_y,,20,,0,0.0,0.0,0.0,0.0,V
75.228,stepper_y1,,20,,0,0.0,0.0,0.0,0.0,V
75.249,stepper_x,,20,,0,0.0,0.0,0.0,0.0,V
75.249,stepper_y,,20,,0,0.0,0.0,0.0,0.0,V
75.249,stepper_y1,,20,,0,0.0,0.0,0.0,0.0,V
75.269,stepper_x,,20,,0,0.0,0.0,0.0,0.0,V
75.269,stepper_y,,20,,0,0.0,0.0,0.0,0.0,V
75.269,stepper_y1,,20,,0,0.0,0.0,0.0,0.0,V
75.29,stepper_x,,20,,0,0.0,0.0,0.0,0.0,V
75.29,stepper_y,,20,,0,0.0,0.0,0.0,0.0,V
75.29,stepper_y1,,20,,0,0.0,0.0,0.0,0.0,V
75.31,stepper_x,,20,,0,0.0,0.0,0.0,0.0,V
75.31,stepper_y,,20,,0,0.0,0.0,0.0,0.0,V
75.31,stepper_y1,,20,,0,0.0,0.0,0.0,0.0,V
75.33,stepper_x,,20,,0,0.0,0.0,0.0,0.0,V
75.33,stepper_y,,20,,0,0.0,0.0,0.0,0.0,V
75.33,stepper_y1,,20,,0,0.0,0.0,0.0,0.0,V
75.35,stepper_x,,20,,0,0.0,0.0,0.0,0.0,V
75.35,stepper_y,,20,,0,0.0,0.0,0.0,0.0,V
75.35,stepper_y1,,20,,0,0.0,0.0,0.0,0.0,V
75.371,stepper_x,,20,,0,0.0,0.0,0.0,0.0,V
75.371,stepper_y,,20,,0,0.0,0.0,0.0,0.0,V
75.371,stepper_y1,,20,,0,0.0,0.0,0.0,0.0,V
75.391,stepper_x,,20,,0,0.0,0.0,0.0,0.0,V
75.391,stepper_y,,20,,0,0.0,0.0,0.0,0.0,V
75.391,stepper_y1,,20,,0,0.0,0.0,0.0,0.0,V
75.411,stepper_x,,20,,0,0.0,0.0,0.0,0.0,V
75.411,stepper_y,,20,,0,0.0,0.0,0.0,0.0,V
75.411,stepper_y1,,20,,0,0.0,0.0,0.0,0.0,V
75.431,stepper_x,,20,,0,0.0,0.0,0.0,0.0,V
75.431,stepper_y,,20,,0,0.0,0.0,0.0,0.0,V
75.431,stepper_y1,,20,,0,0.0,0.0,0.0,0.0,V
75.451,stepper_x,,20,,0,0.0,0.0,0.0,0.0,V
75.451,stepper_y,,20,,0,0.0,0.0,0.0,0.0,V
75.451,stepper_y1,,20,,0,0.0,0.0,0.0,0.0,V
75.471,stepper_x,,20,,0,0.0,0.0,0.0,0.0,V
75.471,stepper_y,,20,,0,0.0,0.0,0.0,0.0,V
75.471,stepper_y1,,20,,0,0.0,0.0,0.0,0.0,V
75.492,stepper_x,,20,,0,0.0,0.0,0.0,0.0,V
75.492,stepper_y,,20,,0,0.0,0.0,0.0,0.0,V
75.492,stepper_y1,,20,,0,0.0,0.0,0.0,0.0,V
75.512,stepper_x,,20,,0,0.0,0.0,0.0,0.0,V
75.512,stepper_y,,20,,0,0.0,0.0,0.0,0.0,V
75.512,stepper_y1,,20,,0,0.0,0.0,0.0,0.0,V
75.533,stepper_x,,20,,0,0.0,0.0,0.0,0.0,V
75.533,stepper_y,,20,,0,0.0,0.0,0.0,0.0,V
75.533,stepper_y1,,20,,0,0.0,0.0,0.0,0.0,V
75.553,stepper_x,,20,,0,0.0,0.0,0.0,0.0,V
75.553,stepper_y,,20,,0,0.0,0.0,0.0,0.0,V
75.553,stepper_y1,,20,,0,0.0,0.0,0.0,0.0,V
75.573,stepper_x,,20,,0,0.0,0.0,0.0,0.0,V
75.573,stepper_y,,20,,0,0.0,0.0,0.0,0.0,V
75.573,stepper_y1,,20,,0,0.0,0.0,0.0,0.0,V
75.593,stepper_x,,20,,0,0.0,0.0,0.0,0.0,V
75.593,stepper_y,,20,,0,0.0,0.0,0.0,0.0,V
75.593,stepper_y1,,20,,0,0.0,0.0,0.0,0.0,V
75.613,stepper_x,,20,,0,0.0,0.0,0.0,0.0,V
75.613,stepper_y,,20,,0,0.0,0.0,0.0,0.0,V
75.613,stepper_y1,,20,,0,0.0,0.0,0.0,0.0,V
75.634,stepper_x,,20,,0,0.0,0.0,0.0,0.0,V
75.634,stepper_y,,20,,0,0.0,0.0,0.0,0.0,V
75.634,stepper_y1,,20,,0,0.0,0.0,0.0,0.0,V
75.654,stepper_x,,20,,0,0.0,0.0,0.0,0.0,V
75.654,stepper_y,,20,,0,0.0,0.0,0.0,0.0,V
75.654,stepper_y1,,20,,0,0.0,0.0,0.0,0.0,V
75.674,stepper_x,,20,,0,0.0,0.0,0.0,0.0,V
75.674,stepper_y,,20,,0,0.0,0.0,0.0,0.0,V
75.674,stepper_y1,,20,,0,0.0,0.0,0.0,0.0,V
75.694,stepper_x,,20,,0,0.0,0.0,0.0,0.0,V
75.694,stepper_y,,20,,0,0.0,0.0,0.0,0.0,V
75.694,stepper_y1,,20,,0,0.0,0.0,0.0,0.0,V
75.714,stepper_x,,20,,0,0.0,0.0,0.0,0.0,V
75.714,stepper_y,,20,,0,0.0,0.0,0.0,0.0,V
75.714,stepper_y1,,20,,0,0.0,0.0,0.0,0.0,V
75.735,stepper_x,,20,,0,0.0,0.0,0.0,0.0,V
75.735,stepper_y,,20,,0,0.0,0.0,0.0,0.0,V
75.735,stepper_y1,,20,,0,0.0,0.0,0.0,0.0,V
75.756,stepper_x,,20,,0,0.0,0.0,0.0,0.0,V
75.756,stepper_y,,20,,0,0.0,0.0,0.0,0.0,V
75.756,stepper_y1,,20,,0,0.0,0.0,0.0,0.0,V
75.776,stepper_x,,20,,0,0.0,0.0,0.0,0.0,V
75.776,stepper_y,,20,,0,0.0,0.0,0.0,0.0,V
75.776,stepper_y1,,20,,0,0.0,0.0,0.0,0.0,V
75.796,stepper_x,,20,,0,0.0,0.0,0.0,0.0,V
75.796,stepper_y,,20,,0,0.0,0.0,0.0,0.0,V
75.796,stepper_y1,,20,,0,0.0,0.0,0.0,0.0,V
75.816,stepper_x,,20,,0,0.0,0.0,0.0,0.0,V
75.816,stepper_y,,20,,0,0.0,0.0,0.0,0.0,V
75.816,stepper_y1,,20,,0,0.0,0.0,0.0,0.0,V
75.837,stepper_x,,20,,0,0.0,0.0,0.0,0.0,V
75.837,stepper_y,,20,,0,0.0,0.0,0.0,0.0,V
75.837,stepper_y1,,20,,0,0.0,0.0,0.0,0.0,V
75.857,stepper_x,,20,,0,0.0,0.0,0.0,0.0,V
75.857,stepper_y,,20,,0,0.0,0.0,0.0,0.0,V
75.857,stepper_y1,,20,,0,0.0,0.0,0.0,0.0,V
75.877,stepper_x,,20,,0,0.0,0.0,0.0,0.0,V
75.877,stepper_y,,20,,0,0.0,0.0,0.0,0.0,V
75.877,stepper_y1,,20,,0,0.0,0.0,0.0,0.0,V
75.897,stepper_x,,20,,0,0.0,0.0,0.0,0.0,V
75.897,stepper_y,,20,,0,0.0,0.0,0.0,0.0,V
75.897,stepper_y1,,20,,0,0.0,0.0,0.0,0.0,V
75.917,stepper_x,,20,,0,0.0,0.0,0.0,0.0,V
75.917,stepper_y,,20,,0,0.0,0.0,0.0,0.0,V
75.917,stepper_y1,,20,,0,0.0,0.0,0.0,0.0,V
75.938,stepper_x,,20,,0,0.0,0.0,0.0,0.0,V
75.938,stepper_y,,20,,0,0.0,0.0,0.0,0.0,V
75.938,stepper_y1,,20,,0,0.0,0.0,0.0,0.0,V
75.958,stepper_x,,20,,0,0.0,0.0,0.0,0.0,V
75.958,stepper_y,,20,,0,0.0,0.0,0.0,0.0,V
75.958,stepper_y1,,20,,0,0.0,0.0,0.0,0.0,V
75.978,stepper_x,,20,,0,0.0,0.0,0.0,0.0,V
75.978,stepper_y,,20,,0,0.0,0.0,0.0,0.0,V
75.978,stepper_y1,,20,,0,0.0,0.0,0.0,0.0,V
75.999,stepper_x,,20,,0,0.0,0.0,0.0,0.0,V
75.999,stepper_y,,20,,0,0.0,0.0,0.0,0.0,V
75.999,stepper_y1,,20,,0,0.0,0.0,0.0,0.0,V
76.02,stepper_x,,20,,0,0.0,0.0,0.0,0.0,V
76.02,stepper_y,,20,,0,0.0,0.0,0.0,0.0,V
76.02,stepper_y1,,20,,0,0.0,0.0,0.0,0.0,V
76.04,stepper_x,,20,,0,0.0,0.0,0.0,0.0,V
76.04,stepper_y,,20,,0,0.0,0.0,0.0,0.0,V
76.04,stepper_y1,,20,,0,0.0,0.0,0.0,0.0,V
76.06,stepper_x,,20,,0,0.0,0.0,0.0,0.0,V
76.06,stepper_y,,20,,0,0.0,0.0,0.0,0.0,V
76.06,stepper_y1,,20,,0,0.0,0.0,0.0,0.0,V
76.08,stepper_x,,20,,0,0.0,0.0,0.0,0.0,V
76.08,stepper_y,,20,,0,0.0,0.0,0.0,0.0,V
76.08,stepper_y1,,20,,0,0.0,0.0,0.0,0.0,V
76.1,stepper_x,,20,,0,0.0,0.0,0.0,0.0,V
76.1,stepper_y,,20,,0,0.0,0.0,0.0,0.0,V
76.1,stepper_y1,,20,,0,0.0,0.0,0.0,0.0,V
76.121,stepper_x,,20,,0,0.0,0.0,0.0,0.0,V
76.121,stepper_y,,20,,0,0.0,0.0,0.0,0.0,V
76.121,stepper_y1,,20,,0,0.0,0.0,0.0,0.0,V
76.141,stepper_x,,20,,0,0.0,0.0,0.0,0.0,V
76.141,stepper_y,,20,,0,0.0,0.0,0.0,0.0,V
76.141,stepper_y1,,20,,0,0.0,0.0,0.0,0.0,V
76.161,stepper_x,,20,,0,0.0,0.0,0.0,0.0,V
76.161,stepper_y,,20,,0,0.0,0.0,0.0,0.0,V
76.161,stepper_y1,,20,,0,0.0,0.0,0.0,0.0,V
76.181,stepper_x,,20,,0,0.0,0.0,0.0,0.0,V
76.181,stepper_y,,20,,0,0.0,0.0,0.0,0.0,V
76.181,stepper_y1,,20,,0,0.0,0.0,0.0,0.0,V
76.201,stepper_x,,20,,0,0.0,0.0,0.0,0.0,V
76.201,stepper_y,,20,,0,0.0,0.0,0.0,0.0,V
76.201,stepper_y1,,20,,0,0.0,0.0,0.0,0.0,V
76.222,stepper_x,,20,,0,0.0,0.0,0.0,0.0,V
76.222,stepper_y,,20,,0,0.0,0.0,0.0,0.0,V
76.222,stepper_y1,,20,,0,0.0,0.0,0.0,0.0,V
76.242,stepper_x,,20,,0,0.0,0.0,0.0,0.0,V
76.242,stepper_y,,20,,0,0.0,0.0,0.0,0.0,V
76.242,stepper_y1,,20,,0,0.0,0.0,0.0,0.0,V
76.263,stepper_x,,20,,0,0.0,0.0,0.0,0.0,V
76.263,stepper_y,,20,,0,0.0,0.0,0.0,0.0,V
76.263,stepper_y1,,20,,0,0.0,0.0,0.0,0.0,V
76.283,stepper_x,,20,,0,0.0,0.0,0.0,0.0,V
76.283,stepper_y,,20,,0,0.0,0.0,0.0,0.0,V
76.283,stepper_y1,,20,,0,0.0,0.0,0.0,0.0,V
76.303,stepper_x,,20,,0,0.0,0.0,0.0,0.0,V
76.303,stepper_y,,20,,0,0.0,0.0,0.0,0.0,V
76.303,stepper_y1,,20,,0,0.0,0.0,0.0,0.0,V
76.324,stepper_x,,20,,0,0.0,0.0,0.0,0.0,V
76.324,stepper_y,,20,,0,0.0,0.0,0.0,0.0,V
76.324,stepper_y1,,20,,0,0.0,0.0,0.0,0.0,V
76.344,stepper_x,,20,,0,0.0,0.0,0.0,0.0,V
76.344,stepper_y,,20,,0,0.0,0.0,0.0,0.0,V
76.344,stepper_y1,,20,,0,0.0,0.0,0.0,0.0,V
76.364,stepper_x,,20,,0,0.0,0.0,0.0,0.0,V
76.364,stepper_y,,20,,0,0.0,0.0,0.0,0.0,V
76.364,stepper_y1,,20,,0,0.0,0.0,0.0,0.0,V
76.384,stepper_x,,20,,0,0.0,0.0,0.0,0.0,V
76.384,stepper_y,,20,,0,0.0,0.0,0.0,0.0,V
76.384,stepper_y1,,20,,0,0.0,0.0,0.0,0.0,V
76.404,stepper_x,,20,,0,0.0,0.0,0.0,0.0,V
76.404,stepper_y,,20,,0,0.0,0.0,0.0,0.0,V
76.404,stepper_y1,,20,,0,0.0,0.0,0.0,0.0,V
76.425,stepper_x,,20,,0,0.0,0.0,0.0,0.0,V
76.425,stepper_y,,20,,0,0.0,0.0,0.0,0.0,V
76.425,stepper_y1,,20,,0,0.0,0.0,0.0,0.0,V
76.445,stepper_x,,20,,0,0.0,0.0,0.0,0.0,V
76.445,stepper_y,,20,,0,0.0,0.0,0.0,0.0,V
76.445,stepper_y1,,20,,0,0.0,0.0,0.0,0.0,V
76.465,stepper_x,,20,,0,0.0,0.0,0.0,0.0,V
76.465,stepper_y,,20,,0,0.0,0.0,0.0,0.0,V
76.465,stepper_y1,,20,,0,0.0,0.0,0.0,0.0,V
76.485,stepper_x,,20,,0,0.0,0.0,0.0,0.0,V
76.485,stepper_y,,20,,0,0.0,0.0,0.0,0.0,V
76.485,stepper_y1,,20,,0,0.0,0.0,0.0,0.0,V
76.506,stepper_x,,20,,0,0.0,0.0,0.0,0.0,V
76.506,stepper_y,,20,,0,0.0,0.0,0.0,0.0,V
76.506,stepper_y1,,20,,0,0.0,0.0,0.0,0.0,V
76.527,stepper_x,,20,,0,0.0,0.0,0.0,0.0,V
76.527,stepper_y,,20,,0,0.0,0.0,0.0,0.0,V
76.527,stepper_y1,,20,,0,0.0,0.0,0.0,0.0,V
76.547,stepper_x,,20,,0,0.0,0.0,0.0,0.0,V
76.547,stepper_y,,20,,0,0.0,0.0,0.0,0.0,V
76.547,stepper_y1,,20,,0,0.0,0.0,0.0,0.0,V
76.567,stepper_x,,20,,0,0.0,0.0,0.0,0.0,V
76.567,stepper_y,,20,,0,0.0,0.0,0.0,0.0,V
76.567,stepper_y1,,20,,0,0.0,0.0,0.0,0.0,V
76.587,stepper_x,,20,,0,0.0,0.0,0.0,0.0,V
76.587,stepper_y,,20,,0,0.0,0.0,0.0,0.0,V
76.587,stepper_y1,,20,,0,0.0,0.0,0.0,0.0,V
76.607,stepper_x,,20,,0,0.0,0.0,0.0,0.0,V
76.607,stepper_y,,20,,0,0.0,0.0,0.0,0.0,V
76.607,stepper_y1,,20,,0,0.0,0.0,0.0,0.0,V
76.628,stepper_x,,20,,0,0.0,0.0,0.0,0.0,V
76.628,stepper_y,,20,,0,0.0,0.0,0.0,0.0,V
76.628,stepper_y1,,20,,0,0.0,0.0,0.0,0.0,V
76.648,stepper_x,,20,,0,0.0,0.0,0.0,0.0,V
76.648,stepper_y,,20,,0,0.0,0.0,0.0,0.0,V
76.648,stepper_y1,,20,,0,0.0,0.0,0.0,0.0,V
76.668,stepper_x,,20,,0,0.0,0.0,0.0,0.0,V
76.668,stepper_y,,20,,0,0.0,0.0,0.0,0.0,V
76.668,stepper_y1,,20,,0,0.0,0.0,0.0,0.0,V
76.688,stepper_x,,20,,0,0.0,0.0,0.0,0.0,V
76.688,stepper_y,,20,,0,0.0,0.0,0.0,0.0,V
76.688,stepper_y1,,20,,0,0.0,0.0,0.0,0.0,V
76.708,stepper_x,,20,,0,0.0,0.0,0.0,0.0,V
76.708,stepper_y,,20,,0,0.0,0.0,0.0,0.0,V
76.708,stepper_y1,,20,,0,0.0,0.0,0.0,0.0,V
76.729,stepper_x,,20,,0,0.0,0.0,0.0,0.0,V
76.729,stepper_y,,20,,0,0.0,0.0,0.0,0.0,V
76.729,stepper_y1,,20,,0,0.0,0.0,0.0,0.0,V
76.749,stepper_x,,20,,0,0.0,0.0,0.0,0.0,V
76.749,stepper_y,,20,,0,0.0,0.0,0.0,0.0,V
76.749,stepper_y1,,20,,0,0.0,0.0,0.0,0.0,V
76.769,stepper_x,,20,,0,0.0,0.0,0.0,0.0,V
76.769,stepper_y,,20,,0,0.0,0.0,0.0,0.0,V
76.769,stepper_y1,,20,,0,0.0,0.0,0.0,0.0,V
76.789,stepper_x,,20,,0,0.0,0.0,0.0,0.0,V
76.789,stepper_y,,20,,0,0.0,0.0,0.0,0.0,V
76.789,stepper_y1,,20,,0,0.0,0.0,0.0,0.0,V
76.809,stepper_x,,20,,0,0.0,0.0,0.0,0.0,V
76.809,stepper_y,,20,,0,0.0,0.0,0.0,0.0,V
76.809,stepper_y1,,20,,0,0.0,0.0,0.0,0.0,V
76.83,stepper_x,,20,,0,0.0,0.0,0.0,0.0,V
76.83,stepper_y,,20,,0,0.0,0.0,0.0,0.0,V
76.83,stepper_y1,,20,,0,0.0,0.0,0.0,0.0,V
76.85,stepper_x,,20,,0,0.0,0.0,0.0,0.0,V
76.85,stepper_y,,20,,0,0.0,0.0,0.0,0.0,V
76.85,stepper_y1,,20,,0,0.0,0.0,0.0,0.0,V
76.87,stepper_x,,20,,0,0.0,0.0,0.0,0.0,V
76.87,stepper_y,,20,,0,0.0,0.0,0.0,0.0,V
76.87,stepper_y1,,20,,0,0.0,0.0,0.0,0.0,V
76.89,stepper_x,,20,,0,0.0,0.0,0.0,0.0,V
76.89,stepper_y,,20,,0,0.0,0.0,0.0,0.0,V
76.89,stepper_y1,,20,,0,0.0,0.0,0.0,0.0,V
76.91,stepper_x,,20,,0,0.0,0.0,0.0,0.0,V
76.91,stepper_y,,20,,0,0.0,0.0,0.0,0.0,V
76.91,stepper_y1,,20,,0,0.0,0.0,0.0,0.0,V
76.931,stepper_x,,20,,0,0.0,0.0,0.0,0.0,V
76.931,stepper_y,,20,,0,0.0,0.0,0.0,0.0,V
76.931,stepper_y1,,20,,0,0.0,0.0,0.0,0.0,V
76.951,stepper_x,,20,,0,0.0,0.0,0.0,0.0,V
76.951,stepper_y,,20,,0,0.0,0.0,0.0,0.0,V
76.951,stepper_y1,,20,,0,0.0,0.0,0.0,0.0,V
76.971,stepper_x,,20,,0,0.0,0.0,0.0,0.0,V
76.971,stepper_y,,20,,0,0.0,0.0,0.0,0.0,V
76.971,stepper_y1,,20,,0,0.0,0.0,0.0,0.0,V
76.991,stepper_x,,20,,0,0.0,0.0,0.0,0.0,V
76.991,stepper_y,,20,,0,0.0,0.0,0.0,0.0,V
76.991,stepper_y1,,20,,0,0.0,0.0,0.0,0.0,V
77.012,stepper_x,,20,,0,0.0,0.0,0.0,0.0,V
77.012,stepper_y,,20,,0,0.0,0.0,0.0,0.0,V
77.012,stepper_y1,,20,,0,0.0,0.0,0.0,0.0,V
77.032,stepper_x,,20,,0,0.0,0.0,0.0,0.0,V
77.032,stepper_y,,20,,0,0.0,0.0,0.0,0.0,V
77.032,stepper_y1,,20,,0,0.0,0.0,0.0,0.0,V
77.052,stepper_x,,20,,0,0.0,0.0,0.0,0.0,V
77.052,stepper_y,,20,,0,0.0,0.0,0.0,0.0,V
77.052,stepper_y1,,20,,0,0.0,0.0,0.0,0.0,V
77.072,stepper_x,,20,,0,0.0,0.0,0.0,0.0,V
77.072,stepper_y,,20,,0,0.0,0.0,0.0,0.0,V
77.072,stepper_y1,,20,,0,0.0,0.0,0.0,0.0,V
77.092,stepper_x,,20,,0,0.0,0.0,0.0,0.0,V
77.092,stepper_y,,20,,0,0.0,0.0,0.0,0.0,V
77.092,stepper_y1,,20,,0,0.0,0.0,0.0,0.0,V
77.113,stepper_x,,20,,0,0.0,0.0,0.0,0.0,V
77.113,stepper_y,,20,,0,0.0,0.0,0.0,0.0,V
77.113,stepper_y1,,20,,0,0.0,0.0,0.0,0.0,V
77.133,stepper_x,,20,,0,0.0,0.0,0.0,0.0,V
77.133,stepper_y,,20,,0,0.0,0.0,0.0,0.0,V
77.133,stepper_y1,,20,,0,0.0,0.0,0.0,0.0,V
77.153,stepper_x,,20,,0,0.0,0.0,0.0,0.0,V
77.153,stepper_y,,20,,0,0.0,0.0,0.0,0.0,V
77.153,stepper_y1,,20,,0,0.0,0.0,0.0,0.0,V
77.173,stepper_x,,20,,0,0.0,0.0,0.0,0.0,V
77.173,stepper_y,,20,,0,0.0,0.0,0.0,0.0,V
77.173,stepper_y1,,20,,0,0.0,0.0,0.0,0.0,V
77.193,stepper_x,,20,,0,0.0,0.0,0.0,0.0,V
77.193,stepper_y,,20,,0,0.0,0.0,0.0,0.0,V
77.193,stepper_y1,,20,,0,0.0,0.0,0.0,0.0,V
77.214,stepper_x,,20,,0,0.0,0.0,0.0,0.0,V
77.214,stepper_y,,20,,0,0.0,0.0,0.0,0.0,V
77.214,stepper_y1,,20,,0,0.0,0.0,0.0,0.0,V
77.234,stepper_x,,20,,0,0.0,0.0,0.0,0.0,V
77.234,stepper_y,,20,,0,0.0,0.0,0.0,0.0,V
77.234,stepper_y1,,20,,0,0.0,0.0,0.0,0.0,V
77.254,stepper_x,,20,,0,0.0,0.0,0.0,0.0,V
77.254,stepper_y,,20,,0,0.0,0.0,0.0,0.0,V
77.254,stepper_y1,,20,,0,0.0,0.0,0.0,0.0,V
77.274,stepper_x,,20,,0,0.0,0.0,0.0,0.0,V
77.274,stepper_y,,20,,0,0.0,0.0,0.0,0.0,V
77.274,stepper_y1,,20,,0,0.0,0.0,0.0,0.0,V
77.294,stepper_x,,20,,0,0.0,0.0,0.0,0.0,V
77.294,stepper_y,,20,,0,0.0,0.0,0.0,0.0,V
77.294,stepper_y1,,20,,0,0.0,0.0,0.0,0.0,V
77.315,stepper_x,,20,,0,0.0,0.0,0.0,0.0,V
77.315,stepper_y,,20,,0,0.0,0.0,0.0,0.0,V
77.315,stepper_y1,,20,,0,0.0,0.0,0.0,0.0,V
77.335,stepper_x,,20,,0,0.0,0.0,0.0,0.0,V
77.335,stepper_y,,20,,0,0.0,0.0,0.0,0.0,V
77.335,stepper_y1,,20,,0,0.0,0.0,0.0,0.0,V
77.355,stepper_x,,20,,0,0.0,0.0,0.0,0.0,V
77.355,stepper_y,,20,,0,0.0,0.0,0.0,0.0,V
77.355,stepper_y1,,20,,0,0.0,0.0,0.0,0.0,V
77.375,stepper_x,,20,,0,0.0,0.0,0.0,0.0,V
77.375,stepper_y,,20,,0,0.0,0.0,0.0,0.0,V
77.375,stepper_y1,,20,,0,0.0,0.0,0.0,0.0,V
77.395,stepper_x,,20,,0,0.0,0.0,0.0,0.0,V
77.395,stepper_y,,20,,0,0.0,0.0,0.0,0.0,V
77.395,stepper_y1,,20,,0,0.0,0.0,0.0,0.0,V
77.416,stepper_x,,20,,0,0.0,0.0,0.0,0.0,V
77.416,stepper_y,,20,,0,0.0,0.0,0.0,0.0,V
77.416,stepper_y1,,20,,0,0.0,0.0,0.0,0.0,V
77.436,stepper_x,,20,,0,0.0,0.0,0.0,0.0,V
77.436,stepper_y,,20,,0,0.0,0.0,0.0,0.0,V
77.436,stepper_y1,,20,,0,0.0,0.0,0.0,0.0,V
77.456,stepper_x,,20,,0,0.0,0.0,0.0,0.0,V
77.456,stepper_y,,20,,0,0.0,0.0,0.0,0.0,V
77.456,stepper_y1,,20,,0,0.0,0.0,0.0,0.0,V
77.476,stepper_x,,20,,0,0.0,0.0,0.0,0.0,V
77.476,stepper_y,,20,,0,0.0,0.0,0.0,0.0,V
77.476,stepper_y1,,20,,0,0.0,0.0,0.0,0.0,V
77.496,stepper_x,,20,,0,0.0,0.0,0.0,0.0,V
77.496,stepper_y,,20,,0,0.0,0.0,0.0,0.0,V
77.496,stepper_y1,,20,,0,0.0,0.0,0.0,0.0,V
77.517,stepper_x,,20,,0,0.0,0.0,0.0,0.0,V
77.517,stepper_y,,20,,0,0.0,0.0,0.0,0.0,V
77.517,stepper_y1,,20,,0,0.0,0.0,0.0,0.0,V
77.537,stepper_x,,20,,0,0.0,0.0,0.0,0.0,V
77.537,stepper_y,,20,,0,0.0,0.0,0.0,0.0,V
77.537,stepper_y1,,20,,0,0.0,0.0,0.0,0.0,V
77.557,stepper_x,,20,,0,0.0,0.0,0.0,0.0,V
77.557,stepper_y,,20,,0,0.0,0.0,0.0,0.0,V
77.557,stepper_y1,,20,,0,0.0,0.0,0.0,0.0,V
77.577,stepper_x,,20,,0,0.0,0.0,0.0,0.0,V
77.577,stepper_y,,20,,0,0.0,0.0,0.0,0.0,V
77.577,stepper_y1,,20,,0,0.0,0.0,0.0,0.0,V
77.597,stepper_x,,20,,0,0.0,0.0,0.0,0.0,V
77.597,stepper_y,,20,,0,0.0,0.0,0.0,0.0,V
77.597,stepper_y1,,20,,0,0.0,0.0,0.0,0.0,V
77.618,stepper_x,,20,,0,0.0,0.0,0.0,0.0,V
77.618,stepper_y,,20,,0,0.0,0.0,0.0,0.0,V
77.618,stepper_y1,,20,,0,0.0,0.0,0.0,0.0,V
77.638,stepper_x,,20,,0,0.0,0.0,0.0,0.0,V
77.638,stepper_y,,20,,0,0.0,0.0,0.0,0.0,V
77.638,stepper_y1,,20,,0,0.0,0.0,0.0,0.0,V
77.658,stepper_x,,20,,0,0.0,0.0,0.0,0.0,V
77.658,stepper_y,,20,,0,0.0,0.0,0.0,0.0,V
77.658,stepper_y1,,20,,0,0.0,0.0,0.0,0.0,V
77.678,stepper_x,,20,,0,0.0,0.0,0.0,0.0,V
77.678,stepper_y,,20,,0,0.0,0.0,0.0,0.0,V
77.678,stepper_y1,,20,,0,0.0,0.0,0.0,0.0,V
77.698,stepper_x,,20,,0,0.0,0.0,0.0,0.0,V
77.698,stepper_y,,20,,0,0.0,0.0,0.0,0.0,V
77.698,stepper_y1,,20,,0,0.0,0.0,0.0,0.0,V
77.719,stepper_x,,20,,0,0.0,0.0,0.0,0.0,V
77.719,stepper_y,,20,,0,0.0,0.0,0.0,0.0,V
77.719,stepper_y1,,20,,0,0.0,0.0,0.0,0.0,V
77.739,stepper_x,,20,,0,0.0,0.0,0.0,0.0,V
77.739,stepper_y,,20,,0,0.0,0.0,0.0,0.0,V
77.739,stepper_y1,,20,,0,0.0,0.0,0.0,0.0,V
77.76,stepper_x,,20,,0,0.0,0.0,0.0,0.0,V
77.76,stepper_y,,20,,0,0.0,0.0,0.0,0.0,V
77.76,stepper_y1,,20,,0,0.0,0.0,0.0,0.0,V
77.78,stepper_x,,20,,0,0.0,0.0,0.0,0.0,V
77.78,stepper_y,,20,,0,0.0,0.0,0.0,0.0,V
77.78,stepper_y1,,20,,0,0.0,0.0,0.0,0.0,V
77.8,stepper_x,,20,,0,0.0,0.0,0.0,0.0,V
77.8,stepper_y,,20,,0,0.0,0.0,0.0,0.0,V
77.8,stepper_y1,,20,,0,0.0,0.0,0.0,0.0,V
77.821,stepper_x,,20,,0,0.0,0.0,0.0,0.0,V
77.821,stepper_y,,20,,0,0.0,0.0,0.0,0.0,V
77.821,stepper_y1,,20,,0,0.0,0.0,0.0,0.0,V
77.841,stepper_x,,20,,0,0.0,0.0,0.0,0.0,V
77.841,stepper_y,,20,,0,0.0,0.0,0.0,0.0,V
77.841,stepper_y1,,20,,0,0.0,0.0,0.0,0.0,V
77.861,stepper_x,,20,,0,0.0,0.0,0.0,0.0,V
77.861,stepper_y,,20,,0,0.0,0.0,0.0,0.0,V
77.861,stepper_y1,,20,,0,0.0,0.0,0.0,0.0,V
77.881,stepper_x,,20,,0,0.0,0.0,0.0,0.0,V
77.881,stepper_y,,20,,0,0.0,0.0,0.0,0.0,V
77.881,stepper_y1,,20,,0,0.0,0.0,0.0,0.0,V
77.901,stepper_x,,20,,0,0.0,0.0,0.0,0.0,V
77.901,stepper_y,,20,,0,0.0,0.0,0.0,0.0,V
77.901,stepper_y1,,20,,0,0.0,0.0,0.0,0.0,V
77.922,stepper_x,,20,,0,0.0,0.0,0.0,0.0,V
77.922,stepper_y,,20,,0,0.0,0.0,0.0,0.0,V
77.922,stepper_y1,,20,,0,0.0,0.0,0.0,0.0,V
77.942,stepper_x,,20,,0,0.0,0.0,0.0,0.0,V
77.942,stepper_y,,20,,0,0.0,0.0,0.0,0.0,V
77.942,stepper_y1,,20,,0,0.0,0.0,0.0,0.0,V
77.962,stepper_x,,20,,0,0.0,0.0,0.0,0.0,V
77.962,stepper_y,,20,,0,0.0,0.0,0.0,0.0,V
77.962,stepper_y1,,20,,0,0.0,0.0,0.0,0.0,V
77.982,stepper_x,,20,,0,0.0,0.0,0.0,0.0,V
77.982,stepper_y,,20,,0,0.0,0.0,0.0,0.0,V
77.982,stepper_y1,,20,,0,0.0,0.0,0.0,0.0,V
78.003,stepper_x,,20,,0,0.0,0.0,0.0,0.0,V
78.003,stepper_y,,20,,0,0.0,0.0,0.0,0.0,V
78.003,stepper_y1,,20,,0,0.0,0.0,0.0,0.0,V
78.023,stepper_x,,20,,0,0.0,0.0,0.0,0.0,V
78.023,stepper_y,,20,,0,0.0,0.0,0.0,0.0,V
78.023,stepper_y1,,20,,0,0.0,0.0,0.0,0.0,V
78.043,stepper_x,,20,,0,0.0,0.0,0.0,0.0,V
78.043,stepper_y,,20,,0,0.0,0.0,0.0,0.0,V
78.043,stepper_y1,,20,,0,0.0,0.0,0.0,0.0,V
78.063,stepper_x,,20,,0,0.0,0.0,0.0,0.0,V
78.063,stepper_y,,20,,0,0.0,0.0,0.0,0.0,V
78.063,stepper_y1,,20,,0,0.0,0.0,0.0,0.0,V
78.083,stepper_x,,20,,0,0.0,0.0,0.0,0.0,V
78.083,stepper_y,,20,,0,0.0,0.0,0.0,0.0,V
78.083,stepper_y1,,20,,0,0.0,0.0,0.0,0.0,V
78.104,stepper_x,,20,,0,0.0,0.0,0.0,0.0,V
78.104,stepper_y,,20,,0,0.0,0.0,0.0,0.0,V
78.104,stepper_y1,,20,,0,0.0,0.0,0.0,0.0,V
78.124,stepper_x,,20,,0,0.0,0.0,0.0,0.0,V
78.124,stepper_y,,20,,0,0.0,0.0,0.0,0.0,V
78.124,stepper_y1,,20,,0,0.0,0.0,0.0,0.0,V
78.144,stepper_x,,20,,0,0.0,0.0,0.0,0.0,V
78.144,stepper_y,,20,,0,0.0,0.0,0.0,0.0,V
78.144,stepper_y1,,20,,0,0.0,0.0,0.0,0.0,V
78.164,stepper_x,,20,,0,0.0,0.0,0.0,0.0,V
78.164,stepper_y,,20,,0,0.0,0.0,0.0,0.0,V
78.164,stepper_y1,,20,,0,0.0,0.0,0.0,0.0,V
78.184,stepper_x,,20,,0,0.0,0.0,0.0,0.0,V
78.184,stepper_y,,20,,0,0.0,0.0,0.0,0.0,V
78.184,stepper_y1,,20,,0,0.0,0.0,0.0,0.0,V
78.204,stepper_x,,20,,0,0.0,0.0,0.0,0.0,V
78.204,stepper_y,,20,,0,0.0,0.0,0.0,0.0,V
78.204,stepper_y1,,20,,0,0.0,0.0,0.0,0.0,V
78.225,stepper_x,,20,,0,0.0,0.0,0.0,0.0,V
78.225,stepper_y,,20,,0,0.0,0.0,0.0,0.0,V
78.225,stepper_y1,,20,,0,0.0,0.0,0.0,0.0,V
78.245,stepper_x,,20,,0,0.0,0.0,0.0,0.0,V
78.245,stepper_y,,20,,0,0.0,0.0,0.0,0.0,V
78.245,stepper_y1,,20,,0,0.0,0.0,0.0,0.0,V
78.265,stepper_x,,20,,0,0.0,0.0,0.0,0.0,V
78.265,stepper_y,,20,,0,0.0,0.0,0.0,0.0,V
78.265,stepper_y1,,20,,0,0.0,0.0,0.0,0.0,V
78.285,stepper_x,,20,,0,0.0,0.0,0.0,0.0,V
78.285,stepper_y,,20,,0,0.0,0.0,0.0,0.0,V
78.285,stepper_y1,,20,,0,0.0,0.0,0.0,0.0,V
78.305,stepper_x,,20,,0,0.0,0.0,0.0,0.0,V
78.305,stepper_y,,20,,0,0.0,0.0,0.0,0.0,V
78.305,stepper_y1,,20,,0,0.0,0.0,0.0,0.0,V
78.326,stepper_x,,20,,0,0.0,0.0,0.0,0.0,V
78.326,stepper_y,,20,,0,0.0,0.0,0.0,0.0,V
78.326,stepper_y1,,20,,0,0.0,0.0,0.0,0.0,V
78.346,stepper_x,,20,,0,0.0,0.0,0.0,0.0,V
78.346,stepper_y,,20,,0,0.0,0.0,0.0,0.0,V
78.346,stepper_y1,,20,,0,0.0,0.0,0.0,0.0,V
78.366,stepper_x,,20,,0,0.0,0.0,0.0,0.0,V
78.366,stepper_y,,20,,0,0.0,0.0,0.0,0.0,V
78.366,stepper_y1,,20,,0,0.0,0.0,0.0,0.0,V
78.386,stepper_x,,20,,0,0.0,0.0,0.0,0.0,V
78.386,stepper_y,,20,,0,0.0,0.0,0.0,0.0,V
78.386,stepper_y1,,20,,0,0.0,0.0,0.0,0.0,V
78.407,stepper_x,,20,,0,0.0,0.0,0.0,0.0,V
78.407,stepper_y,,20,,0,0.0,0.0,0.0,0.0,V
78.407,stepper_y1,,20,,0,0.0,0.0,0.0,0.0,V
78.427,stepper_x,,20,,0,0.0,0.0,0.0,0.0,V
78.427,stepper_y,,20,,0,0.0,0.0,0.0,0.0,V
78.427,stepper_y1,,20,,0,0.0,0.0,0.0,0.0,V
78.447,stepper_x,,20,,0,0.0,0.0,0.0,0.0,V
78.447,stepper_y,,20,,0,0.0,0.0,0.0,0.0,V
78.447,stepper_y1,,20,,0,0.0,0.0,0.0,0.0,V
78.467,stepper_x,,20,,0,0.0,0.0,0.0,0.0,V
78.467,stepper_y,,20,,0,0.0,0.0,0.0,0.0,V
78.467,stepper_y1,,20,,0,0.0,0.0,0.0,0.0,V
78.487,stepper_x,,20,,0,0.0,0.0,0.0,0.0,V
78.487,stepper_y,,20,,0,0.0,0.0,0.0,0.0,V
78.487,stepper_y1,,20,,0,0.0,0.0,0.0,0.0,V
78.508,stepper_x,,20,,0,0.0,0.0,0.0,0.0,V
78.508,stepper_y,,20,,0,0.0,0.0,0.0,0.0,V
78.508,stepper_y1,,20,,0,0.0,0.0,0.0,0.0,V
78.528,stepper_x,,20,,0,0.0,0.0,0.0,0.0,V
78.528,stepper_y,,20,,0,0.0,0.0,0.0,0.0,V
78.528,stepper_y1,,20,,0,0.0,0.0,0.0,0.0,V
78.548,stepper_x,,20,,0,0.0,0.0,0.0,0.0,V
78.548,stepper_y,,20,,0,0.0,0.0,0.0,0.0,V
78.548,stepper_y1,,20,,0,0.0,0.0,0.0,0.0,V
78.568,stepper_x,,20,,0,0.0,0.0,0.0,0.0,V
78.568,stepper_y,,20,,0,0.0,0.0,0.0,0.0,V
78.568,stepper_y1,,20,,0,0.0,0.0,0.0,0.0,V
78.589,stepper_x,,20,,0,0.0,0.0,0.0,0.0,V
78.589,stepper_y,,20,,0,0.0,0.0,0.0,0.0,V
78.589,stepper_y1,,20,,0,0.0,0.0,0.0,0.0,V
78.609,stepper_x,,20,,0,0.0,0.0,0.0,0.0,V
78.609,stepper_y,,20,,0,0.0,0.0,0.0,0.0,V
78.609,stepper_y1,,20,,0,0.0,0.0,0.0,0.0,V
78.629,stepper_x,,20,,0,0.0,0.0,0.0,0.0,V
78.629,stepper_y,,20,,0,0.0,0.0,0.0,0.0,V
78.629,stepper_y1,,20,,0,0.0,0.0,0.0,0.0,V
78.649,stepper_x,,20,,0,0.0,0.0,0.0,0.0,V
78.649,stepper_y,,20,,0,0.0,0.0,0.0,0.0,V
78.649,stepper_y1,,20,,0,0.0,0.0,0.0,0.0,V
78.669,stepper_x,,20,,0,0.0,0.0,0.0,0.0,V
78.669,stepper_y,,20,,0,0.0,0.0,0.0,0.0,V
78.669,stepper_y1,,20,,0,0.0,0.0,0.0,0.0,V
78.69,stepper_x,,20,,0,0.0,0.0,0.0,0.0,V
78.69,stepper_y,,20,,0,0.0,0.0,0.0,0.0,V
78.69,stepper_y1,,20,,0,0.0,0.0,0.0,0.0,V
78.71,stepper_x,,20,,0,0.0,0.0,0.0,0.0,V
78.71,stepper_y,,20,,0,0.0,0.0,0.0,0.0,V
78.71,stepper_y1,,20,,0,0.0,0.0,0.0,0.0,V
78.73,stepper_x,,20,,0,0.0,0.0,0.0,0.0,V
78.73,stepper_y,,20,,0,0.0,0.0,0.0,0.0,V
78.73,stepper_y1,,20,,0,0.0,0.0,0.0,0.0,V
78.751,stepper_x,,20,,0,0.0,0.0,0.0,0.0,V
78.751,stepper_y,,20,,0,0.0,0.0,0.0,0.0,V
78.751,stepper_y1,,20,,0,0.0,0.0,0.0,0.0,V
78.771,stepper_x,,20,,0,0.0,0.0,0.0,0.0,V
78.771,stepper_y,,20,,0,0.0,0.0,0.0,0.0,V
78.771,stepper_y1,,20,,0,0.0,0.0,0.0,0.0,V
78.791,stepper_x,,20,,0,0.0,0.0,0.0,0.0,V
78.791,stepper_y,,20,,0,0.0,0.0,0.0,0.0,V
78.791,stepper_y1,,20,,0,0.0,0.0,0.0,0.0,V
78.812,stepper_x,,20,,0,0.0,0.0,0.0,0.0,V
78.812,stepper_y,,20,,0,0.0,0.0,0.0,0.0,V
78.812,stepper_y1,,20,,0,0.0,0.0,0.0,0.0,V
78.832,stepper_x,,20,,0,0.0,0.0,0.0,0.0,V
78.832,stepper_y,,20,,0,0.0,0.0,0.0,0.0,V
78.832,stepper_y1,,20,,0,0.0,0.0,0.0,0.0,V
78.852,stepper_x,,20,,0,0.0,0.0,0.0,0.0,V
78.852,stepper_y,,20,,0,0.0,0.0,0.0,0.0,V
78.852,stepper_y1,,20,,0,0.0,0.0,0.0,0.0,V
78.872,stepper_x,,20,,0,0.0,0.0,0.0,0.0,V
78.872,stepper_y,,20,,0,0.0,0.0,0.0,0.0,V
78.872,stepper_y1,,20,,0,0.0,0.0,0.0,0.0,V
78.893,stepper_x,,20,,0,0.0,0.0,0.0,0.0,V
78.893,stepper_y,,20,,0,0.0,0.0,0.0,0.0,V
78.893,stepper_y1,,20,,0,0.0,0.0,0.0,0.0,V
78.913,stepper_x,,20,,0,0.0,0.0,0.0,0.0,V
78.913,stepper_y,,20,,0,0.0,0.0,0.0,0.0,V
78.913,stepper_y1,,20,,0,0.0,0.0,0.0,0.0,V
78.933,stepper_x,,20,,0,0.0,0.0,0.0,0.0,V
78.933,stepper_y,,20,,0,0.0,0.0,0.0,0.0,V
78.933,stepper_y1,,20,,0,0.0,0.0,0.0,0.0,V
78.953,stepper_x,,20,,0,0.0,0.0,0.0,0.0,V
78.953,stepper_y,,20,,0,0.0,0.0,0.0,0.0,V
78.953,stepper_y1,,20,,0,0.0,0.0,0.0,0.0,V
78.974,stepper_x,,20,,0,0.0,0.0,0.0,0.0,V
78.974,stepper_y,,20,,0,0.0,0.0,0.0,0.0,V
78.974,stepper_y1,,20,,0,0.0,0.0,0.0,0.0,V
78.994,stepper_x,,20,,0,0.0,0.0,0.0,0.0,V
78.994,stepper_y,,20,,0,0.0,0.0,0.0,0.0,V
78.994,stepper_y1,,20,,0,0.0,0.0,0.0,0.0,V
79.014,stepper_x,,20,,0,0.0,0.0,0.0,0.0,V
79.014,stepper_y,,20,,0,0.0,0.0,0.0,0.0,V
79.014,stepper_y1,,20,,0,0.0,0.0,0.0,0.0,V
79.035,stepper_x,,20,,0,0.0,0.0,0.0,0.0,V
79.035,stepper_y,,20,,0,0.0,0.0,0.0,0.0,V
79.035,stepper_y1,,20,,0,0.0,0.0,0.0,0.0,V
79.055,stepper_x,,20,,0,0.0,0.0,0.0,0.0,V
79.055,stepper_y,,20,,0,0.0,0.0,0.0,0.0,V
79.055,stepper_y1,,20,,0,0.0,0.0,0.0,0.0,V
79.075,stepper_x,,20,,0,0.0,0.0,0.0,0.0,V
79.075,stepper_y,,20,,0,0.0,0.0,0.0,0.0,V
79.075,stepper_y1,,20,,0,0.0,0.0,0.0,0.0,V
79.095,stepper_x,,20,,0,0.0,0.0,0.0,0.0,V
79.095,stepper_y,,20,,0,0.0,0.0,0.0,0.0,V
79.095,stepper_y1,,20,,0,0.0,0.0,0.0,0.0,V
79.115,stepper_x,,20,,0,0.0,0.0,0.0,0.0,V
79.115,stepper_y,,20,,0,0.0,0.0,0.0,0.0,V
79.115,stepper_y1,,20,,0,0.0,0.0,0.0,0.0,V
79.135,stepper_x,,20,,0,0.0,0.0,0.0,0.0,V
79.135,stepper_y,,20,,0,0.0,0.0,0.0,0.0,V
79.135,stepper_y1,,20,,0,0.0,0.0,0.0,0.0,V
79.155,stepper_x,,20,,0,0.0,0.0,0.0,0.0,V
79.155,stepper_y,,20,,0,0.0,0.0,0.0,0.0,V
79.155,stepper_y1,,20,,0,0.0,0.0,0.0,0.0,V
79.176,stepper_x,,20,,0,0.0,0.0,0.0,0.0,V
79.176,stepper_y,,20,,0,0.0,0.0,0.0,0.0,V
79.176,stepper_y1,,20,,0,0.0,0.0,0.0,0.0,V
79.196,stepper_x,,20,,0,0.0,0.0,0.0,0.0,V
79.196,stepper_y,,20,,0,0.0,0.0,0.0,0.0,V
79.196,stepper_y1,,20,,0,0.0,0.0,0.0,0.0,V
79.216,stepper_x,,20,,0,0.0,0.0,0.0,0.0,V
79.216,stepper_y,,20,,0,0.0,0.0,0.0,0.0,V
79.216,stepper_y1,,20,,0,0.0,0.0,0.0,0.0,V
79.236,stepper_x,,20,,0,0.0,0.0,0.0,0.0,V
79.236,stepper_y,,20,,0,0.0,0.0,0.0,0.0,V
79.236,stepper_y1,,20,,0,0.0,0.0,0.0,0.0,V
79.257,stepper_x,,20,,0,0.0,0.0,0.0,0.0,V
79.257,stepper_y,,20,,0,0.0,0.0,0.0,0.0,V
79.257,stepper_y1,,20,,0,0.0,0.0,0.0,0.0,V
79.278,stepper_x,,20,,0,0.0,0.0,0.0,0.0,V
79.278,stepper_y,,20,,0,0.0,0.0,0.0,0.0,V
79.278,stepper_y1,,20,,0,0.0,0.0,0.0,0.0,V
79.298,stepper_x,,20,,0,0.0,0.0,0.0,0.0,V
79.298,stepper_y,,20,,0,0.0,0.0,0.0,0.0,V
79.298,stepper_y1,,20,,0,0.0,0.0,0.0,0.0,V
79.318,stepper_x,,20,,0,0.0,0.0,0.0,0.0,V
79.318,stepper_y,,20,,0,0.0,0.0,0.0,0.0,V
79.318,stepper_y1,,20,,0,0.0,0.0,0.0,0.0,V
79.338,stepper_x,,20,,0,0.0,0.0,0.0,0.0,V
79.338,stepper_y,,20,,0,0.0,0.0,0.0,0.0,V
79.338,stepper_y1,,20,,0,0.0,0.0,0.0,0.0,V
79.359,stepper_x,,20,,0,0.0,0.0,0.0,0.0,V
79.359,stepper_y,,20,,0,0.0,0.0,0.0,0.0,V
79.359,stepper_y1,,20,,0,0.0,0.0,0.0,0.0,V
79.379,stepper_x,,20,,0,0.0,0.0,0.0,0.0,V
79.379,stepper_y,,20,,0,0.0,0.0,0.0,0.0,V
79.379,stepper_y1,,20,,0,0.0,0.0,0.0,0.0,V
79.399,stepper_x,,20,,0,0.0,0.0,0.0,0.0,V
79.399,stepper_y,,20,,0,0.0,0.0,0.0,0.0,V
79.399,stepper_y1,,20,,0,0.0,0.0,0.0,0.0,V
79.419,stepper_x,,20,,0,0.0,0.0,0.0,0.0,V
79.419,stepper_y,,20,,0,0.0,0.0,0.0,0.0,V
79.419,stepper_y1,,20,,0,0.0,0.0,0.0,0.0,V
79.44,stepper_x,,20,,0,0.0,0.0,0.0,0.0,V
79.44,stepper_y,,20,,0,0.0,0.0,0.0,0.0,V
79.44,stepper_y1,,20,,0,0.0,0.0,0.0,0.0,V
79.46,stepper_x,,20,,0,0.0,0.0,0.0,0.0,V
79.46,stepper_y,,20,,0,0.0,0.0,0.0,0.0,V
79.46,stepper_y1,,20,,0,0.0,0.0,0.0,0.0,V
79.48,stepper_x,,20,,0,0.0,0.0,0.0,0.0,V
79.48,stepper_y,,20,,0,0.0,0.0,0.0,0.0,V
79.48,stepper_y1,,20,,0,0.0,0.0,0.0,0.0,V
79.5,stepper_x,,20,,0,0.0,0.0,0.0,0.0,V
79.5,stepper_y,,20,,0,0.0,0.0,0.0,0.0,V
79.5,stepper_y1,,20,,0,0.0,0.0,0.0,0.0,V
79.52,stepper_x,,20,,0,0.0,0.0,0.0,0.0,V
79.52,stepper_y,,20,,0,0.0,0.0,0.0,0.0,V
79.52,stepper_y1,,20,,0,0.0,0.0,0.0,0.0,V
79.541,stepper_x,,20,,0,0.0,0.0,0.0,0.0,V
79.541,stepper_y,,20,,0,0.0,0.0,0.0,0.0,V
79.541,stepper_y1,,20,,0,0.0,0.0,0.0,0.0,V
79.561,stepper_x,,20,,0,0.0,0.0,0.0,0.0,V
79.561,stepper_y,,20,,0,0.0,0.0,0.0,0.0,V
79.561,stepper_y1,,20,,0,0.0,0.0,0.0,0.0,V
79.581,stepper_x,,20,,0,0.0,0.0,0.0,0.0,V
79.581,stepper_y,,20,,0,0.0,0.0,0.0,0.0,V
79.581,stepper_y1,,20,,0,0.0,0.0,0.0,0.0,V
79.601,stepper_x,,20,,0,0.0,0.0,0.0,0.0,V
79.601,stepper_y,,20,,0,0.0,0.0,0.0,0.0,V
79.601,stepper_y1,,20,,0,0.0,0.0,0.0,0.0,V
79.621,stepper_x,,20,,0,0.0,0.0,0.0,0.0,V
79.621,stepper_y,,20,,0,0.0,0.0,0.0,0.0,V
79.621,stepper_y1,,20,,0,0.0,0.0,0.0,0.0,V
79.642,stepper_x,,20,,0,0.0,0.0,0.0,0.0,V
79.642,stepper_y,,20,,0,0.0,0.0,0.0,0.0,V
79.642,stepper_y1,,20,,0,0.0,0.0,0.0,0.0,V
79.662,stepper_x,,20,,0,0.0,0.0,0.0,0.0,V
79.662,stepper_y,,20,,0,0.0,0.0,0.0,0.0,V
79.662,stepper_y1,,20,,0,0.0,0.0,0.0,0.0,V
79.682,stepper_x,,20,,0,0.0,0.0,0.0,0.0,V
79.682,stepper_y,,20,,0,0.0,0.0,0.0,0.0,V
79.682,stepper_y1,,20,,0,0.0,0.0,0.0,0.0,V
79.702,stepper_x,,20,,0,0.0,0.0,0.0,0.0,V
79.702,stepper_y,,20,,0,0.0,0.0,0.0,0.0,V
79.702,stepper_y1,,20,,0,0.0,0.0,0.0,0.0,V
79.722,stepper_x,,20,,0,0.0,0.0,0.0,0.0,V
79.722,stepper_y,,20,,0,0.0,0.0,0.0,0.0,V
79.722,stepper_y1,,20,,0,0.0,0.0,0.0,0.0,V
79.743,stepper_x,,20,,0,0.0,0.0,0.0,0.0,V
79.743,stepper_y,,20,,0,0.0,0.0,0.0,0.0,V
79.743,stepper_y1,,20,,0,0.0,0.0,0.0,0.0,V
79.764,stepper_x,,20,,0,0.0,0.0,0.0,0.0,V
79.764,stepper_y,,20,,0,0.0,0.0,0.0,0.0,V
79.764,stepper_y1,,20,,0,0.0,0.0,0.0,0.0,V
79.784,stepper_x,,20,,0,0.0,0.0,0.0,0.0,V
79.784,stepper_y,,20,,0,0.0,0.0,0.0,0.0,V
79.784,stepper_y1,,20,,0,0.0,0.0,0.0,0.0,V
79.804,stepper_x,,20,,0,0.0,0.0,0.0,0.0,V
79.804,stepper_y,,20,,0,0.0,0.0,0.0,0.0,V
79.804,stepper_y1,,20,,0,0.0,0.0,0.0,0.0,V
79.825,stepper_x,,20,,0,0.0,0.0,0.0,0.0,V
79.825,stepper_y,,20,,0,0.0,0.0,0.0,0.0,V
79.825,stepper_y1,,20,,0,0.0,0.0,0.0,0.0,V
79.845,stepper_x,,20,,0,0.0,0.0,0.0,0.0,V
79.845,stepper_y,,20,,0,0.0,0.0,0.0,0.0,V
79.845,stepper_y1,,20,,0,0.0,0.0,0.0,0.0,V
79.865,stepper_x,,20,,0,0.0,0.0,0.0,0.0,V
79.865,stepper_y,,20,,0,0.0,0.0,0.0,0.0,V
79.865,stepper_y1,,20,,0,0.0,0.0,0.0,0.0,V
79.885,stepper_x,,20,,0,0.0,0.0,0.0,0.0,V
79.885,stepper_y,,20,,0,0.0,0.0,0.0,0.0,V
79.885,stepper_y1,,20,,0,0.0,0.0,0.0,0.0,V
79.905,stepper_x,,20,,0,0.0,0.0,0.0,0.0,V
79.905,stepper_y,,20,,0,0.0,0.0,0.0,0.0,V
79.905,stepper_y1,,20,,0,0.0,0.0,0.0,0.0,V
79.926,stepper_x,,20,,0,0.0,0.0,0.0,0.0,V
79.926,stepper_y,,20,,0,0.0,0.0,0.0,0.0,V
79.926,stepper_y1,,20,,0,0.0,0.0,0.0,0.0,V
79.946,stepper_x,,20,,0,0.0,0.0,0.0,0.0,V
79.946,stepper_y,,20,,0,0.0,0.0,0.0,0.0,V
79.946,stepper_y1,,20,,0,0.0,0.0,0.0,0.0,V
79.966,stepper_x,,20,,0,0.0,0.0,0.0,0.0,V
79.966,stepper_y,,20,,0,0.0,0.0,0.0,0.0,V
79.966,stepper_y1,,20,,0,0.0,0.0,0.0,0.0,V
79.986,stepper_x,,20,,0,0.0,0.0,0.0,0.0,V
79.986,stepper_y,,20,,0,0.0,0.0,0.0,0.0,V
79.986,stepper_y1,,20,,0,0.0,0.0,0.0,0.0,V
80.007,stepper_x,,20,,0,0.0,0.0,0.0,0.0,V
80.007,stepper_y,,20,,0,0.0,0.0,0.0,0.0,V
80.007,stepper_y1,,20,,0,0.0,0.0,0.0,0.0,V
80.028,stepper_x,,20,,0,0.0,0.0,0.0,0.0,V
80.028,stepper_y,,20,,0,0.0,0.0,0.0,0.0,V
80.028,stepper_y1,,20,,0,0.0,0.0,0.0,0.0,V
80.048,stepper_x,,20,,0,0.0,0.0,0.0,0.0,V
80.048,stepper_y,,20,,0,0.0,0.0,0.0,0.0,V
80.048,stepper_y1,,20,,0,0.0,0.0,0.0,0.0,V
80.068,stepper_x,,20,,0,0.0,0.0,0.0,0.0,V
80.068,stepper_y,,20,,0,0.0,0.0,0.0,0.0,V
80.068,stepper_y1,,20,,0,0.0,0.0,0.0,0.0,V
80.088,stepper_x,,20,,0,0.0,0.0,0.0,0.0,V
80.088,stepper_y,,20,,0,0.0,0.0,0.0,0.0,V
80.088,stepper_y1,,20,,0,0.0,0.0,0.0,0.0,V
80.108,stepper_x,,20,,0,0.0,0.0,0.0,0.0,V
80.108,stepper_y,,20,,0,0.0,0.0,0.0,0.0,V
80.108,stepper_y1,,20,,0,0.0,0.0,0.0,0.0,V
80.129,stepper_x,,20,,0,0.0,0.0,0.0,0.0,V
80.129,stepper_y,,20,,0,0.0,0.0,0.0,0.0,V
80.129,stepper_y1,,20,,0,0.0,0.0,0.0,0.0,V
80.149,stepper_x,,20,,0,0.0,0.0,0.0,0.0,V
80.149,stepper_y,,20,,0,0.0,0.0,0.0,0.0,V
80.149,stepper_y1,,20,,0,0.0,0.0,0.0,0.0,V
80.169,stepper_x,,20,,0,0.0,0.0,0.0,0.0,V
80.169,stepper_y,,20,,0,0.0,0.0,0.0,0.0,V
80.169,stepper_y1,,20,,0,0.0,0.0,0.0,0.0,V
80.189,stepper_x,,20,,0,0.0,0.0,0.0,0.0,V
80.189,stepper_y,,20,,0,0.0,0.0,0.0,0.0,V
80.189,stepper_y1,,20,,0,0.0,0.0,0.0,0.0,V
80.209,stepper_x,,20,,0,0.0,0.0,0.0,0.0,V
80.209,stepper_y,,20,,0,0.0,0.0,0.0,0.0,V
80.209,stepper_y1,,20,,0,0.0,0.0,0.0,0.0,V
80.23,stepper_x,,20,,0,0.0,0.0,0.0,0.0,V
80.23,stepper_y,,20,,0,0.0,0.0,0.0,0.0,V
80.23,stepper_y1,,20,,0,0.0,0.0,0.0,0.0,V
80.25,stepper_x,,20,,0,0.0,0.0,0.0,0.0,V
80.25,stepper_y,,20,,0,0.0,0.0,0.0,0.0,V
80.25,stepper_y1,,20,,0,0.0,0.0,0.0,0.0,V
80.271,stepper_x,,20,,0,0.0,0.0,0.0,0.0,V
80.271,stepper_y,,20,,0,0.0,0.0,0.0,0.0,V
80.271,stepper_y1,,20,,0,0.0,0.0,0.0,0.0,V
80.291,stepper_x,,20,,0,0.0,0.0,0.0,0.0,V
80.291,stepper_y,,20,,0,0.0,0.0,0.0,0.0,V
80.291,stepper_y1,,20,,0,0.0,0.0,0.0,0.0,V
80.311,stepper_x,,20,,0,0.0,0.0,0.0,0.0,V
80.311,stepper_y,,20,,0,0.0,0.0,0.0,0.0,V
80.311,stepper_y1,,20,,0,0.0,0.0,0.0,0.0,V
80.332,stepper_x,,20,,0,0.0,0.0,0.0,0.0,V
80.332,stepper_y,,20,,0,0.0,0.0,0.0,0.0,V
80.332,stepper_y1,,20,,0,0.0,0.0,0.0,0.0,V
80.352,stepper_x,,20,,0,0.0,0.0,0.0,0.0,V
80.352,stepper_y,,20,,0,0.0,0.0,0.0,0.0,V
80.352,stepper_y1,,20,,0,0.0,0.0,0.0,0.0,V
80.372,stepper_x,,20,,0,0.0,0.0,0.0,0.0,V
80.372,stepper_y,,20,,0,0.0,0.0,0.0,0.0,V
80.372,stepper_y1,,20,,0,0.0,0.0,0.0,0.0,V
80.392,stepper_x,,20,,0,0.0,0.0,0.0,0.0,V
80.392,stepper_y,,20,,0,0.0,0.0,0.0,0.0,V
80.392,stepper_y1,,20,,0,0.0,0.0,0.0,0.0,V
80.412,stepper_x,,20,,0,0.0,0.0,0.0,0.0,V
80.412,stepper_y,,20,,0,0.0,0.0,0.0,0.0,V
80.412,stepper_y1,,20,,0,0.0,0.0,0.0,0.0,V
80.433,stepper_x,,20,,0,0.0,0.0,0.0,0.0,V
80.433,stepper_y,,20,,0,0.0,0.0,0.0,0.0,V
80.433,stepper_y1,,20,,0,0.0,0.0,0.0,0.0,V
80.453,stepper_x,,20,,0,0.0,0.0,0.0,0.0,V
80.453,stepper_y,,20,,0,0.0,0.0,0.0,0.0,V
80.453,stepper_y1,,20,,0,0.0,0.0,0.0,0.0,V
80.473,stepper_x,,20,,0,0.0,0.0,0.0,0.0,V
80.473,stepper_y,,20,,0,0.0,0.0,0.0,0.0,V
80.473,stepper_y1,,20,,0,0.0,0.0,0.0,0.0,V
80.493,stepper_x,,20,,0,0.0,0.0,0.0,0.0,V
80.493,stepper_y,,20,,0,0.0,0.0,0.0,0.0,V
80.493,stepper_y1,,20,,0,0.0,0.0,0.0,0.0,V
80.514,stepper_x,,20,,0,0.0,0.0,0.0,0.0,V
80.514,stepper_y,,20,,0,0.0,0.0,0.0,0.0,V
80.514,stepper_y1,,20,,0,0.0,0.0,0.0,0.0,V
80.534,stepper_x,,20,,0,0.0,0.0,0.0,0.0,V
80.534,stepper_y,,20,,0,0.0,0.0,0.0,0.0,V
80.534,stepper_y1,,20,,0,0.0,0.0,0.0,0.0,V
80.554,stepper_x,,20,,0,0.0,0.0,0.0,0.0,V
80.554,stepper_y,,20,,0,0.0,0.0,0.0,0.0,V
80.554,stepper_y1,,20,,0,0.0,0.0,0.0,0.0,V
80.574,stepper_x,,20,,0,0.0,0.0,0.0,0.0,V
80.574,stepper_y,,20,,0,0.0,0.0,0.0,0.0,V
80.574,stepper_y1,,20,,0,0.0,0.0,0.0,0.0,V
80.594,stepper_x,,20,,0,0.0,0.0,0.0,0.0,V
80.594,stepper_y,,20,,0,0.0,0.0,0.0,0.0,V
80.594,stepper_y1,,20,,0,0.0,0.0,0.0,0.0,V
80.615,stepper_x,,20,,0,0.0,0.0,0.0,0.0,V
80.615,stepper_y,,20,,0,0.0,0.0,0.0,0.0,V
80.615,stepper_y1,,20,,0,0.0,0.0,0.0,0.0,V
80.635,stepper_x,,20,,0,0.0,0.0,0.0,0.0,V
80.635,stepper_y,,20,,0,0.0,0.0,0.0,0.0,V
80.635,stepper_y1,,20,,0,0.0,0.0,0.0,0.0,V
80.655,stepper_x,,20,,0,0.0,0.0,0.0,0.0,V
80.655,stepper_y,,20,,0,0.0,0.0,0.0,0.0,V
80.655,stepper_y1,,20,,0,0.0,0.0,0.0,0.0,V
80.675,stepper_x,,20,,0,0.0,0.0,0.0,0.0,V
80.675,stepper_y,,20,,0,0.0,0.0,0.0,0.0,V
80.675,stepper_y1,,20,,0,0.0,0.0,0.0,0.0,V
80.695,stepper_x,,20,,0,0.0,0.0,0.0,0.0,V
80.695,stepper_y,,20,,0,0.0,0.0,0.0,0.0,V
80.695,stepper_y1,,20,,0,0.0,0.0,0.0,0.0,V
80.716,stepper_x,,20,,0,0.0,0.0,0.0,0.0,V
80.716,stepper_y,,20,,0,0.0,0.0,0.0,0.0,V
80.716,stepper_y1,,20,,0,0.0,0.0,0.0,0.0,V
80.736,stepper_x,,20,,0,0.0,0.0,0.0,0.0,V
80.736,stepper_y,,20,,0,0.0,0.0,0.0,0.0,V
80.736,stepper_y1,,20,,0,0.0,0.0,0.0,0.0,V
80.757,stepper_x,,20,,0,0.0,0.0,0.0,0.0,V
80.757,stepper_y,,20,,0,0.0,0.0,0.0,0.0,V
80.757,stepper_y1,,20,,0,0.0,0.0,0.0,0.0,V
80.777,stepper_x,,20,,0,0.0,0.0,0.0,0.0,V
80.777,stepper_y,,20,,0,0.0,0.0,0.0,0.0,V
80.777,stepper_y1,,20,,0,0.0,0.0,0.0,0.0,V
80.798,stepper_x,,20,,0,0.0,0.0,0.0,0.0,V
80.798,stepper_y,,20,,0,0.0,0.0,0.0,0.0,V
80.798,stepper_y1,,20,,0,0.0,0.0,0.0,0.0,V
80.818,stepper_x,,20,,0,0.0,0.0,0.0,0.0,V
80.818,stepper_y,,20,,0,0.0,0.0,0.0,0.0,V
80.818,stepper_y1,,20,,0,0.0,0.0,0.0,0.0,V
80.838,stepper_x,,20,,0,0.0,0.0,0.0,0.0,V
80.838,stepper_y,,20,,0,0.0,0.0,0.0,0.0,V
80.838,stepper_y1,,20,,0,0.0,0.0,0.0,0.0,V
80.858,stepper_x,,20,,0,0.0,0.0,0.0,0.0,V
80.858,stepper_y,,20,,0,0.0,0.0,0.0,0.0,V
80.858,stepper_y1,,20,,0,0.0,0.0,0.0,0.0,V
80.878,stepper_x,,20,,0,0.0,0.0,0.0,0.0,V
80.878,stepper_y,,20,,0,0.0,0.0,0.0,0.0,V
80.878,stepper_y1,,20,,0,0.0,0.0,0.0,0.0,V
80.898,stepper_x,,20,,0,0.0,0.0,0.0,0.0,V
80.898,stepper_y,,20,,0,0.0,0.0,0.0,0.0,V
80.898,stepper_y1,,20,,0,0.0,0.0,0.0,0.0,V
80.919,stepper_x,,20,,0,0.0,0.0,0.0,0.0,V
80.919,stepper_y,,20,,0,0.0,0.0,0.0,0.0,V
80.919,stepper_y1,,20,,0,0.0,0.0,0.0,0.0,V
80.939,stepper_x,,20,,0,0.0,0.0,0.0,0.0,V
80.939,stepper_y,,20,,0,0.0,0.0,0.0,0.0,V
80.939,stepper_y1,,20,,0,0.0,0.0,0.0,0.0,V
80.959,stepper_x,,20,,0,0.0,0.0,0.0,0.0,V
80.959,stepper_y,,20,,0,0.0,0.0,0.0,0.0,V
80.959,stepper_y1,,20,,0,0.0,0.0,0.0,0.0,V
80.979,stepper_x,,20,,0,0.0,0.0,0.0,0.0,V
80.979,stepper_y,,20,,0,0.0,0.0,0.0,0.0,V
80.979,stepper_y1,,20,,0,0.0,0.0,0.0,0.0,V
80.999,stepper_x,,20,,0,0.0,0.0,0.0,0.0,V
80.999,stepper_y,,20,,0,0.0,0.0,0.0,0.0,V
80.999,stepper_y1,,20,,0,0.0,0.0,0.0,0.0,V
81.02,stepper_x,,20,,0,0.0,0.0,0.0,0.0,V
81.02,stepper_y,,20,,0,0.0,0.0,0.0,0.0,V
81.02,stepper_y1,,20,,0,0.0,0.0,0.0,0.0,V
81.04,stepper_x,,20,,0,0.0,0.0,0.0,0.0,V
81.04,stepper_y,,20,,0,0.0,0.0,0.0,0.0,V
81.04,stepper_y1,,20,,0,0.0,0.0,0.0,0.0,V
81.06,stepper_x,,20,,0,0.0,0.0,0.0,0.0,V
81.06,stepper_y,,20,,0,0.0,0.0,0.0,0.0,V
81.06,stepper_y1,,20,,0,0.0,0.0,0.0,0.0,V
81.08,stepper_x,,20,,0,0.0,0.0,0.0,0.0,V
81.08,stepper_y,,20,,0,0.0,0.0,0.0,0.0,V
81.08,stepper_y1,,20,,0,0.0,0.0,0.0,0.0,V
81.1,stepper_x,,20,,0,0.0,0.0,0.0,0.0,V
81.1,stepper_y,,20,,0,0.0,0.0,0.0,0.0,V
81.1,stepper_y1,,20,,0,0.0,0.0,0.0,0.0,V
81.121,stepper_x,,20,,0,0.0,0.0,0.0,0.0,V
81.121,stepper_y,,20,,0,0.0,0.0,0.0,0.0,V
81.121,stepper_y1,,20,,0,0.0,0.0,0.0,0.0,V
81.141,stepper_x,,20,,0,0.0,0.0,0.0,0.0,V
81.141,stepper_y,,20,,0,0.0,0.0,0.0,0.0,V
81.141,stepper_y1,,20,,0,0.0,0.0,0.0,0.0,V
81.161,stepper_x,,20,,0,0.0,0.0,0.0,0.0,V
81.161,stepper_y,,20,,0,0.0,0.0,0.0,0.0,V
81.161,stepper_y1,,20,,0,0.0,0.0,0.0,0.0,V
81.181,stepper_x,,20,,0,0.0,0.0,0.0,0.0,V
81.181,stepper_y,,20,,0,0.0,0.0,0.0,0.0,V
81.181,stepper_y1,,20,,0,0.0,0.0,0.0,0.0,V
81.201,stepper_x,,20,,0,0.0,0.0,0.0,0.0,V
81.201,stepper_y,,20,,0,0.0,0.0,0.0,0.0,V
81.201,stepper_y1,,20,,0,0.0,0.0,0.0,0.0,V
81.222,stepper_x,,20,,0,0.0,0.0,0.0,0.0,V
81.222,stepper_y,,20,,0,0.0,0.0,0.0,0.0,V
81.222,stepper_y1,,20,,0,0.0,0.0,0.0,0.0,V
81.242,stepper_x,,20,,0,0.0,0.0,0.0,0.0,V
81.242,stepper_y,,20,,0,0.0,0.0,0.0,0.0,V
81.242,stepper_y1,,20,,0,0.0,0.0,0.0,0.0,V
81.263,stepper_x,,20,,0,0.0,0.0,0.0,0.0,V
81.263,stepper_y,,20,,0,0.0,0.0,0.0,0.0,V
81.263,stepper_y1,,20,,0,0.0,0.0,0.0,0.0,V
81.283,stepper_x,,20,,0,0.0,0.0,0.0,0.0,V
81.283,stepper_y,,20,,0,0.0,0.0,0.0,0.0,V
81.283,stepper_y1,,20,,0,0.0,0.0,0.0,0.0,V
81.303,stepper_x,,20,,0,0.0,0.0,0.0,0.0,V
81.303,stepper_y,,20,,0,0.0,0.0,0.0,0.0,V
81.303,stepper_y1,,20,,0,0.0,0.0,0.0,0.0,V
81.324,stepper_x,,20,,0,0.0,0.0,0.0,0.0,V
81.324,stepper_y,,20,,0,0.0,0.0,0.0,0.0,V
81.324,stepper_y1,,20,,0,0.0,0.0,0.0,0.0,V
81.344,stepper_x,,20,,0,0.0,0.0,0.0,0.0,V
81.344,stepper_y,,20,,0,0.0,0.0,0.0,0.0,V
81.344,stepper_y1,,20,,0,0.0,0.0,0.0,0.0,V
81.364,stepper_x,,20,,0,0.0,0.0,0.0,0.0,V
81.364,stepper_y,,20,,0,0.0,0.0,0.0,0.0,V
81.364,stepper_y1,,20,,0,0.0,0.0,0.0,0.0,V
81.384,stepper_x,,20,,0,0.0,0.0,0.0,0.0,V
81.384,stepper_y,,20,,0,0.0,0.0,0.0,0.0,V
81.384,stepper_y1,,20,,0,0.0,0.0,0.0,0.0,V
81.404,stepper_x,,20,,0,0.0,0.0,0.0,0.0,V
81.404,stepper_y,,20,,0,0.0,0.0,0.0,0.0,V
81.404,stepper_y1,,20,,0,0.0,0.0,0.0,0.0,V
81.425,stepper_x,,20,,0,0.0,0.0,0.0,0.0,V
81.425,stepper_y,,20,,0,0.0,0.0,0.0,0.0,V
81.425,stepper_y1,,20,,0,0.0,0.0,0.0,0.0,V
81.445,stepper_x,,20,,0,0.0,0.0,0.0,0.0,V
81.445,stepper_y,,20,,0,0.0,0.0,0.0,0.0,V
81.445,stepper_y1,,20,,0,0.0,0.0,0.0,0.0,V
81.465,stepper_x,,20,,0,0.0,0.0,0.0,0.0,V
81.465,stepper_y,,20,,0,0.0,0.0,0.0,0.0,V
81.465,stepper_y1,,20,,0,0.0,0.0,0.0,0.0,V
81.485,stepper_x,,20,,0,0.0,0.0,0.0,0.0,V
81.485,stepper_y,,20,,0,0.0,0.0,0.0,0.0,V
81.485,stepper_y1,,20,,0,0.0,0.0,0.0,0.0,V
81.505,stepper_x,,20,,0,0.0,0.0,0.0,0.0,V
81.505,stepper_y,,20,,0,0.0,0.0,0.0,0.0,V
81.505,stepper_y1,,20,,0,0.0,0.0,0.0,0.0,V
81.526,stepper_x,,20,,0,0.0,0.0,0.0,0.0,V
81.526,stepper_y,,20,,0,0.0,0.0,0.0,0.0,V
81.526,stepper_y1,,20,,0,0.0,0.0,0.0,0.0,V
81.546,stepper_x,,20,,0,0.0,0.0,0.0,0.0,V
81.546,stepper_y,,20,,0,0.0,0.0,0.0,0.0,V
81.546,stepper_y1,,20,,0,0.0,0.0,0.0,0.0,V
81.566,stepper_x,,20,,0,0.0,0.0,0.0,0.0,V
81.566,stepper_y,,20,,0,0.0,0.0,0.0,0.0,V
81.566,stepper_y1,,20,,0,0.0,0.0,0.0,0.0,V
81.586,stepper_x,,20,,0,0.0,0.0,0.0,0.0,V
81.586,stepper_y,,20,,0,0.0,0.0,0.0,0.0,V
81.586,stepper_y1,,20,,0,0.0,0.0,0.0,0.0,V
81.606,stepper_x,,20,,0,0.0,0.0,0.0,0.0,V
81.606,stepper_y,,20,,0,0.0,0.0,0.0,0.0,V
81.606,stepper_y1,,20,,0,0.0,0.0,0.0,0.0,V
81.627,stepper_x,,20,,0,0.0,0.0,0.0,0.0,V
81.627,stepper_y,,20,,0,0.0,0.0,0.0,0.0,V
81.627,stepper_y1,,20,,0,0.0,0.0,0.0,0.0,V
81.647,stepper_x,,20,,0,0.0,0.0,0.0,0.0,V
81.647,stepper_y,,20,,0,0.0,0.0,0.0,0.0,V
81.647,stepper_y1,,20,,0,0.0,0.0,0.0,0.0,V
81.667,stepper_x,,20,,0,0.0,0.0,0.0,0.0,V
81.667,stepper_y,,20,,0,0.0,0.0,0.0,0.0,V
81.667,stepper_y1,,20,,0,0.0,0.0,0.0,0.0,V
81.687,stepper_x,,20,,0,0.0,0.0,0.0,0.0,V
81.687,stepper_y,,20,,0,0.0,0.0,0.0,0.0,V
81.687,stepper_y1,,20,,0,0.0,0.0,0.0,0.0,V
81.707,stepper_x,,20,,0,0.0,0.0,0.0,0.0,V
81.707,stepper_y,,20,,0,0.0,0.0,0.0,0.0,V
81.707,stepper_y1,,20,,0,0.0,0.0,0.0,0.0,V
81.728,stepper_x,,20,,0,0.0,0.0,0.0,0.0,V
81.728,stepper_y,,20,,0,0.0,0.0,0.0,0.0,V
81.728,stepper_y1,,20,,0,0.0,0.0,0.0,0.0,V
81.748,stepper_x,,20,,0,0.0,0.0,0.0,0.0,V
81.748,stepper_y,,20,,0,0.0,0.0,0.0,0.0,V
81.748,stepper_y1,,20,,0,0.0,0.0,0.0,0.0,V
81.768,stepper_x,,20,,0,0.0,0.0,0.0,0.0,V
81.768,stepper_y,,20,,0,0.0,0.0,0.0,0.0,V
81.768,stepper_y1,,20,,0,0.0,0.0,0.0,0.0,V
81.788,stepper_x,,20,,0,0.0,0.0,0.0,0.0,V
81.788,stepper_y,,20,,0,0.0,0.0,0.0,0.0,V
81.788,stepper_y1,,20,,0,0.0,0.0,0.0,0.0,V
81.808,stepper_x,,20,,0,0.0,0.0,0.0,0.0,V
81.808,stepper_y,,20,,0,0.0,0.0,0.0,0.0,V
81.808,stepper_y1,,20,,0,0.0,0.0,0.0,0.0,V
81.829,stepper_x,,20,,0,0.0,0.0,0.0,0.0,V
81.829,stepper_y,,20,,0,0.0,0.0,0.0,0.0,V
81.829,stepper_y1,,20,,0,0.0,0.0,0.0,0.0,V
81.849,stepper_x,,20,,0,0.0,0.0,0.0,0.0,V
81.849,stepper_y,,20,,0,0.0,0.0,0.0,0.0,V
81.849,stepper_y1,,20,,0,0.0,0.0,0.0,0.0,V
81.869,stepper_x,,20,,0,0.0,0.0,0.0,0.0,V
81.869,stepper_y,,20,,0,0.0,0.0,0.0,0.0,V
81.869,stepper_y1,,20,,0,0.0,0.0,0.0,0.0,V
81.889,stepper_x,,20,,0,0.0,0.0,0.0,0.0,V
81.889,stepper_y,,20,,0,0.0,0.0,0.0,0.0,V
81.889,stepper_y1,,20,,0,0.0,0.0,0.0,0.0,V
81.91,stepper_x,,20,,0,0.0,0.0,0.0,0.0,V
81.91,stepper_y,,20,,0,0.0,0.0,0.0,0.0,V
81.91,stepper_y1,,20,,0,0.0,0.0,0.0,0.0,V
81.93,stepper_x,,20,,0,0.0,0.0,0.0,0.0,V
81.93,stepper_y,,20,,0,0.0,0.0,0.0,0.0,V
81.93,stepper_y1,,20,,0,0.0,0.0,0.0,0.0,V
81.95,stepper_x,,20,,0,0.0,0.0,0.0,0.0,V
81.95,stepper_y,,20,,0,0.0,0.0,0.0,0.0,V
81.95,stepper_y1,,20,,0,0.0,0.0,0.0,0.0,V
81.97,stepper_x,,20,,0,0.0,0.0,0.0,0.0,V
81.97,stepper_y,,20,,0,0.0,0.0,0.0,0.0,V
81.97,stepper_y1,,20,,0,0.0,0.0,0.0,0.0,V
81.99,stepper_x,,20,,0,0.0,0.0,0.0,0.0,V
81.99,stepper_y,,20,,0,0.0,0.0,0.0,0.0,V
81.99,stepper_y1,,20,,0,0.0,0.0,0.0,0.0,V
82.011,stepper_x,,20,,0,0.0,0.0,0.0,0.0,V
82.011,stepper_y,,20,,0,0.0,0.0,0.0,0.0,V
82.011,stepper_y1,,20,,0,0.0,0.0,0.0,0.0,V
82.031,stepper_x,,20,,0,0.0,0.0,0.0,0.0,V
82.031,stepper_y,,20,,0,0.0,0.0,0.0,0.0,V
82.031,stepper_y1,,20,,0,0.0,0.0,0.0,0.0,V
82.051,stepper_x,,20,,0,0.0,0.0,0.0,0.0,V
82.051,stepper_y,,20,,0,0.0,0.0,0.0,0.0,V
82.051,stepper_y1,,20,,0,0.0,0.0,0.0,0.0,V
82.071,stepper_x,,20,,0,0.0,0.0,0.0,0.0,V
82.071,stepper_y,,20,,0,0.0,0.0,0.0,0.0,V
82.071,stepper_y1,,20,,0,0.0,0.0,0.0,0.0,V
82.091,stepper_x,,20,,0,0.0,0.0,0.0,0.0,V
82.091,stepper_y,,20,,0,0.0,0.0,0.0,0.0,V
82.091,stepper_y1,,20,,0,0.0,0.0,0.0,0.0,V
82.112,stepper_x,,20,,0,0.0,0.0,0.0,0.0,V
82.112,stepper_y,,20,,0,0.0,0.0,0.0,0.0,V
82.112,stepper_y1,,20,,0,0.0,0.0,0.0,0.0,V
82.132,stepper_x,,20,,0,0.0,0.0,0.0,0.0,V
82.132,stepper_y,,20,,0,0.0,0.0,0.0,0.0,V
82.132,stepper_y1,,20,,0,0.0,0.0,0.0,0.0,V
82.152,stepper_x,,20,,0,0.0,0.0,0.0,0.0,V
82.152,stepper_y,,20,,0,0.0,0.0,0.0,0.0,V
82.152,stepper_y1,,20,,0,0.0,0.0,0.0,0.0,V
82.172,stepper_x,,20,,0,0.0,0.0,0.0,0.0,V
82.172,stepper_y,,20,,0,0.0,0.0,0.0,0.0,V
82.172,stepper_y1,,20,,0,0.0,0.0,0.0,0.0,V
82.192,stepper_x,,20,,0,0.0,0.0,0.0,0.0,V
82.192,stepper_y,,20,,0,0.0,0.0,0.0,0.0,V
82.192,stepper_y1,,20,,0,0.0,0.0,0.0,0.0,V
82.212,stepper_x,,20,,0,0.0,0.0,0.0,0.0,V
82.212,stepper_y,,20,,0,0.0,0.0,0.0,0.0,V
82.212,stepper_y1,,20,,0,0.0,0.0,0.0,0.0,V
82.233,stepper_x,,20,,0,0.0,0.0,0.0,0.0,V
82.233,stepper_y,,20,,0,0.0,0.0,0.0,0.0,V
82.233,stepper_y1,,20,,0,0.0,0.0,0.0,0.0,V
82.253,stepper_x,,20,,0,0.0,0.0,0.0,0.0,V
82.253,stepper_y,,20,,0,0.0,0.0,0.0,0.0,V
82.253,stepper_y1,,20,,0,0.0,0.0,0.0,0.0,V
82.273,stepper_x,,20,,0,0.0,0.0,0.0,0.0,V
82.273,stepper_y,,20,,0,0.0,0.0,0.0,0.0,V
82.273,stepper_y1,,20,,0,0.0,0.0,0.0,0.0,V
82.294,stepper_x,,20,,0,0.0,0.0,0.0,0.0,V
82.294,stepper_y,,20,,0,0.0,0.0,0.0,0.0,V
82.294,stepper_y1,,20,,0,0.0,0.0,0.0,0.0,V
82.314,stepper_x,,20,,0,0.0,0.0,0.0,0.0,V
82.314,stepper_y,,20,,0,0.0,0.0,0.0,0.0,V
82.314,stepper_y1,,20,,0,0.0,0.0,0.0,0.0,V
82.334,stepper_x,,20,,0,0.0,0.0,0.0,0.0,V
82.334,stepper_y,,20,,0,0.0,0.0,0.0,0.0,V
82.334,stepper_y1,,20,,0,0.0,0.0,0.0,0.0,V
82.354,stepper_x,,20,,0,0.0,0.0,0.0,0.0,V
82.354,stepper_y,,20,,0,0.0,0.0,0.0,0.0,V
82.354,stepper_y1,,20,,0,0.0,0.0,0.0,0.0,V
82.374,stepper_x,,20,,0,0.0,0.0,0.0,0.0,V
82.374,stepper_y,,20,,0,0.0,0.0,0.0,0.0,V
82.374,stepper_y1,,20,,0,0.0,0.0,0.0,0.0,V
82.395,stepper_x,,20,,0,0.0,0.0,0.0,0.0,V
82.395,stepper_y,,20,,0,0.0,0.0,0.0,0.0,V
82.395,stepper_y1,,20,,0,0.0,0.0,0.0,0.0,V
82.415,stepper_x,,20,,0,0.0,0.0,0.0,0.0,V
82.415,stepper_y,,20,,0,0.0,0.0,0.0,0.0,V
82.415,stepper_y1,,20,,0,0.0,0.0,0.0,0.0,V
82.435,stepper_x,,20,,0,0.0,0.0,0.0,0.0,V
82.435,stepper_y,,20,,0,0.0,0.0,0.0,0.0,V
82.435,stepper_y1,,20,,0,0.0,0.0,0.0,0.0,V
82.455,stepper_x,,20,,0,0.0,0.0,0.0,0.0,V
82.455,stepper_y,,20,,0,0.0,0.0,0.0,0.0,V
82.455,stepper_y1,,20,,0,0.0,0.0,0.0,0.0,V
82.476,stepper_x,,20,,0,0.0,0.0,0.0,0.0,V
82.476,stepper_y,,20,,0,0.0,0.0,0.0,0.0,V
82.476,stepper_y1,,20,,0,0.0,0.0,0.0,0.0,V
82.496,stepper_x,,20,,0,0.0,0.0,0.0,0.0,V
82.496,stepper_y,,20,,0,0.0,0.0,0.0,0.0,V
82.496,stepper_y1,,20,,0,0.0,0.0,0.0,0.0,V
82.516,stepper_x,,20,,0,0.0,0.0,0.0,0.0,V
82.516,stepper_y,,20,,0,0.0,0.0,0.0,0.0,V
82.516,stepper_y1,,20,,0,0.0,0.0,0.0,0.0,V
82.537,stepper_x,,20,,0,0.0,0.0,0.0,0.0,V
82.537,stepper_y,,20,,0,0.0,0.0,0.0,0.0,V
82.537,stepper_y1,,20,,0,0.0,0.0,0.0,0.0,V
82.557,stepper_x,,20,,0,0.0,0.0,0.0,0.0,V
82.557,stepper_y,,20,,0,0.0,0.0,0.0,0.0,V
82.557,stepper_y1,,20,,0,0.0,0.0,0.0,0.0,V
82.577,stepper_x,,20,,0,0.0,0.0,0.0,0.0,V
82.577,stepper_y,,20,,0,0.0,0.0,0.0,0.0,V
82.577,stepper_y1,,20,,0,0.0,0.0,0.0,0.0,V
82.597,stepper_x,,20,,0,0.0,0.0,0.0,0.0,V
82.597,stepper_y,,20,,0,0.0,0.0,0.0,0.0,V
82.597,stepper_y1,,20,,0,0.0,0.0,0.0,0.0,V
82.618,stepper_x,,20,,0,0.0,0.0,0.0,0.0,V
82.618,stepper_y,,20,,0,0.0,0.0,0.0,0.0,V
82.618,stepper_y1,,20,,0,0.0,0.0,0.0,0.0,V
82.638,stepper_x,,20,,0,0.0,0.0,0.0,0.0,V
82.638,stepper_y,,20,,0,0.0,0.0,0.0,0.0,V
82.638,stepper_y1,,20,,0,0.0,0.0,0.0,0.0,V
82.659,stepper_x,,20,,0,0.0,0.0,0.0,0.0,V
82.659,stepper_y,,20,,0,0.0,0.0,0.0,0.0,V
82.659,stepper_y1,,20,,0,0.0,0.0,0.0,0.0,V
82.679,stepper_x,,20,,0,0.0,0.0,0.0,0.0,V
82.679,stepper_y,,20,,0,0.0,0.0,0.0,0.0,V
82.679,stepper_y1,,20,,0,0.0,0.0,0.0,0.0,V
82.699,stepper_x,,20,,0,0.0,0.0,0.0,0.0,V
82.699,stepper_y,,20,,0,0.0,0.0,0.0,0.0,V
82.699,stepper_y1,,20,,0,0.0,0.0,0.0,0.0,V
82.719,stepper_x,,20,,0,0.0,0.0,0.0,0.0,V
82.719,stepper_y,,20,,0,0.0,0.0,0.0,0.0,V
82.719,stepper_y1,,20,,0,0.0,0.0,0.0,0.0,V
82.739,stepper_x,,20,,0,0.0,0.0,0.0,0.0,V
82.739,stepper_y,,20,,0,0.0,0.0,0.0,0.0,V
82.739,stepper_y1,,20,,0,0.0,0.0,0.0,0.0,V
82.76,stepper_x,,20,,0,0.0,0.0,0.0,0.0,V
82.76,stepper_y,,20,,0,0.0,0.0,0.0,0.0,V
82.76,stepper_y1,,20,,0,0.0,0.0,0.0,0.0,V
82.78,stepper_x,,20,,0,0.0,0.0,0.0,0.0,V
82.78,stepper_y,,20,,0,0.0,0.0,0.0,0.0,V
82.78,stepper_y1,,20,,0,0.0,0.0,0.0,0.0,V
82.801,stepper_x,,20,,0,0.0,0.0,0.0,0.0,V
82.801,stepper_y,,20,,0,0.0,0.0,0.0,0.0,V
82.801,stepper_y1,,20,,0,0.0,0.0,0.0,0.0,V
82.821,stepper_x,,20,,0,0.0,0.0,0.0,0.0,V
82.821,stepper_y,,20,,0,0.0,0.0,0.0,0.0,V
82.821,stepper_y1,,20,,0,0.0,0.0,0.0,0.0,V
82.842,stepper_x,,20,,0,0.0,0.0,0.0,0.0,V
82.842,stepper_y,,20,,0,0.0,0.0,0.0,0.0,V
82.842,stepper_y1,,20,,0,0.0,0.0,0.0,0.0,V
82.862,stepper_x,,20,,0,0.0,0.0,0.0,0.0,V
82.862,stepper_y,,20,,0,0.0,0.0,0.0,0.0,V
82.862,stepper_y1,,20,,0,0.0,0.0,0.0,0.0,V
82.882,stepper_x,,20,,0,0.0,0.0,0.0,0.0,V
82.882,stepper_y,,20,,0,0.0,0.0,0.0,0.0,V
82.882,stepper_y1,,20,,0,0.0,0.0,0.0,0.0,V
82.902,stepper_x,,20,,0,0.0,0.0,0.0,0.0,V
82.902,stepper_y,,20,,0,0.0,0.0,0.0,0.0,V
82.902,stepper_y1,,20,,0,0.0,0.0,0.0,0.0,V
82.922,stepper_x,,20,,0,0.0,0.0,0.0,0.0,V
82.922,stepper_y,,20,,0,0.0,0.0,0.0,0.0,V
82.922,stepper_y1,,20,,0,0.0,0.0,0.0,0.0,V
82.942,stepper_x,,20,,0,0.0,0.0,0.0,0.0,V
82.942,stepper_y,,20,,0,0.0,0.0,0.0,0.0,V
82.942,stepper_y1,,20,,0,0.0,0.0,0.0,0.0,V
82.962,stepper_x,,20,,0,0.0,0.0,0.0,0.0,V
82.962,stepper_y,,20,,0,0.0,0.0,0.0,0.0,V
82.962,stepper_y1,,20,,0,0.0,0.0,0.0,0.0,V
82.983,stepper_x,,20,,0,0.0,0.0,0.0,0.0,V
82.983,stepper_y,,20,,0,0.0,0.0,0.0,0.0,V
82.983,stepper_y1,,20,,0,0.0,0.0,0.0,0.0,V
83.003,stepper_x,,20,,0,0.0,0.0,0.0,0.0,V
83.003,stepper_y,,20,,0,0.0,0.0,0.0,0.0,V
83.003,stepper_y1,,20,,0,0.0,0.0,0.0,0.0,V
83.024,stepper_x,,20,,0,0.0,0.0,0.0,0.0,V
83.024,stepper_y,,20,,0,0.0,0.0,0.0,0.0,V
83.024,stepper_y1,,20,,0,0.0,0.0,0.0,0.0,V
83.045,stepper_x,,20,,0,0.0,0.0,0.0,0.0,V
83.045,stepper_y,,20,,0,0.0,0.0,0.0,0.0,V
83.045,stepper_y1,,20,,0,0.0,0.0,0.0,0.0,V
83.065,stepper_x,,20,,0,0.0,0.0,0.0,0.0,V
83.065,stepper_y,,20,,0,0.0,0.0,0.0,0.0,V
83.065,stepper_y1,,20,,0,0.0,0.0,0.0,0.0,V
83.085,stepper_x,,20,,0,0.0,0.0,0.0,0.0,V
83.085,stepper_y,,20,,0,0.0,0.0,0.0,0.0,V
83.085,stepper_y1,,20,,0,0.0,0.0,0.0,0.0,V
83.105,stepper_x,,20,,0,0.0,0.0,0.0,0.0,V
83.105,stepper_y,,20,,0,0.0,0.0,0.0,0.0,V
83.105,stepper_y1,,20,,0,0.0,0.0,0.0,0.0,V
83.125,stepper_x,,20,,0,0.0,0.0,0.0,0.0,V
83.125,stepper_y,,20,,0,0.0,0.0,0.0,0.0,V
83.125,stepper_y1,,20,,0,0.0,0.0,0.0,0.0,V
83.145,stepper_x,,20,,0,0.0,0.0,0.0,0.0,V
83.145,stepper_y,,20,,0,0.0,0.0,0.0,0.0,V
83.145,stepper_y1,,20,,0,0.0,0.0,0.0,0.0,V
83.166,stepper_x,,20,,0,0.0,0.0,0.0,0.0,V
83.166,stepper_y,,20,,0,0.0,0.0,0.0,0.0,V
83.166,stepper_y1,,20,,0,0.0,0.0,0.0,0.0,V
83.186,stepper_x,,20,,0,0.0,0.0,0.0,0.0,V
83.186,stepper_y,,20,,0,0.0,0.0,0.0,0.0,V
83.186,stepper_y1,,20,,0,0.0,0.0,0.0,0.0,V
83.206,stepper_x,,20,,0,0.0,0.0,0.0,0.0,V
83.206,stepper_y,,20,,0,0.0,0.0,0.0,0.0,V
83.206,stepper_y1,,20,,0,0.0,0.0,0.0,0.0,V
83.226,stepper_x,,20,,0,0.0,0.0,0.0,0.0,V
83.226,stepper_y,,20,,0,0.0,0.0,0.0,0.0,V
83.226,stepper_y1,,20,,0,0.0,0.0,0.0,0.0,V
83.246,stepper_x,,20,,0,0.0,0.0,0.0,0.0,V
83.246,stepper_y,,20,,0,0.0,0.0,0.0,0.0,V
83.246,stepper_y1,,20,,0,0.0,0.0,0.0,0.0,V
83.268,stepper_x,,20,,0,0.0,0.0,0.0,0.0,V
83.268,stepper_y,,20,,0,0.0,0.0,0.0,0.0,V
83.268,stepper_y1,,20,,0,0.0,0.0,0.0,0.0,V
83.288,stepper_x,,20,,0,0.0,0.0,0.0,0.0,V
83.288,stepper_y,,20,,0,0.0,0.0,0.0,0.0,V
83.288,stepper_y1,,20,,0,0.0,0.0,0.0,0.0,V
83.308,stepper_x,,20,,0,0.0,0.0,0.0,0.0,V
83.308,stepper_y,,20,,0,0.0,0.0,0.0,0.0,V
83.308,stepper_y1,,20,,0,0.0,0.0,0.0,0.0,V
83.328,stepper_x,,20,,0,0.0,0.0,0.0,0.0,V
83.328,stepper_y,,20,,0,0.0,0.0,0.0,0.0,V
83.328,stepper_y1,,20,,0,0.0,0.0,0.0,0.0,V
83.348,stepper_x,,20,,0,0.0,0.0,0.0,0.0,V
83.348,stepper_y,,20,,0,0.0,0.0,0.0,0.0,V
83.348,stepper_y1,,20,,0,0.0,0.0,0.0,0.0,V
83.369,stepper_x,,20,,0,0.0,0.0,0.0,0.0,V
83.369,stepper_y,,20,,0,0.0,0.0,0.0,0.0,V
83.369,stepper_y1,,20,,0,0.0,0.0,0.0,0.0,V
83.389,stepper_x,,20,,0,0.0,0.0,0.0,0.0,V
83.389,stepper_y,,20,,0,0.0,0.0,0.0,0.0,V
83.389,stepper_y1,,20,,0,0.0,0.0,0.0,0.0,V
83.409,stepper_x,,20,,0,0.0,0.0,0.0,0.0,V
83.409,stepper_y,,20,,0,0.0,0.0,0.0,0.0,V
83.409,stepper_y1,,20,,0,0.0,0.0,0.0,0.0,V
83.429,stepper_x,,20,,0,0.0,0.0,0.0,0.0,V
83.429,stepper_y,,20,,0,0.0,0.0,0.0,0.0,V
83.429,stepper_y1,,20,,0,0.0,0.0,0.0,0.0,V
83.45,stepper_x,,20,,0,0.0,0.0,0.0,0.0,V
83.45,stepper_y,,20,,0,0.0,0.0,0.0,0.0,V
83.45,stepper_y1,,20,,0,0.0,0.0,0.0,0.0,V
83.47,stepper_x,,20,,0,0.0,0.0,0.0,0.0,V
83.47,stepper_y,,20,,0,0.0,0.0,0.0,0.0,V
83.47,stepper_y1,,20,,0,0.0,0.0,0.0,0.0,V
83.49,stepper_x,,20,,0,0.0,0.0,0.0,0.0,V
83.49,stepper_y,,20,,0,0.0,0.0,0.0,0.0,V
83.49,stepper_y1,,20,,0,0.0,0.0,0.0,0.0,V
83.511,stepper_x,,20,,0,0.0,0.0,0.0,0.0,V
83.511,stepper_y,,20,,0,0.0,0.0,0.0,0.0,V
83.511,stepper_y1,,20,,0,0.0,0.0,0.0,0.0,V
83.532,stepper_x,,20,,0,0.0,0.0,0.0,0.0,V
83.532,stepper_y,,20,,0,0.0,0.0,0.0,0.0,V
83.532,stepper_y1,,20,,0,0.0,0.0,0.0,0.0,V
83.552,stepper_x,,20,,0,0.0,0.0,0.0,0.0,V
83.552,stepper_y,,20,,0,0.0,0.0,0.0,0.0,V
83.552,stepper_y1,,20,,0,0.0,0.0,0.0,0.0,V
83.572,stepper_x,,20,,0,0.0,0.0,0.0,0.0,V
83.572,stepper_y,,20,,0,0.0,0.0,0.0,0.0,V
83.572,stepper_y1,,20,,0,0.0,0.0,0.0,0.0,V
83.592,stepper_x,,20,,0,0.0,0.0,0.0,0.0,V
83.592,stepper_y,,20,,0,0.0,0.0,0.0,0.0,V
83.592,stepper_y1,,20,,0,0.0,0.0,0.0,0.0,V
83.612,stepper_x,,20,,0,0.0,0.0,0.0,0.0,V
83.612,stepper_y,,20,,0,0.0,0.0,0.0,0.0,V
83.612,stepper_y1,,20,,0,0.0,0.0,0.0,0.0,V
83.632,stepper_x,,20,,0,0.0,0.0,0.0,0.0,V
83.632,stepper_y,,20,,0,0.0,0.0,0.0,0.0,V
83.632,stepper_y1,,20,,0,0.0,0.0,0.0,0.0,V
83.653,stepper_x,,20,,0,0.0,0.0,0.0,0.0,V
83.653,stepper_y,,20,,0,0.0,0.0,0.0,0.0,V
83.653,stepper_y1,,20,,0,0.0,0.0,0.0,0.0,V
83.673,stepper_x,,20,,0,0.0,0.0,0.0,0.0,V
83.673,stepper_y,,20,,0,0.0,0.0,0.0,0.0,V
83.673,stepper_y1,,20,,0,0.0,0.0,0.0,0.0,V
83.693,stepper_x,,20,,0,0.0,0.0,0.0,0.0,V
83.693,stepper_y,,20,,0,0.0,0.0,0.0,0.0,V
83.693,stepper_y1,,20,,0,0.0,0.0,0.0,0.0,V
83.713,stepper_x,,20,,0,0.0,0.0,0.0,0.0,V
83.713,stepper_y,,20,,0,0.0,0.0,0.0,0.0,V
83.713,stepper_y1,,20,,0,0.0,0.0,0.0,0.0,V
83.733,stepper_x,,20,,0,0.0,0.0,0.0,0.0,V
83.733,stepper_y,,20,,0,0.0,0.0,0.0,0.0,V
83.733,stepper_y1,,20,,0,0.0,0.0,0.0,0.0,V
83.754,stepper_x,,20,,0,0.0,0.0,0.0,0.0,V
83.754,stepper_y,,20,,0,0.0,0.0,0.0,0.0,V
83.754,stepper_y1,,20,,0,0.0,0.0,0.0,0.0,V
83.774,stepper_x,,20,,0,0.0,0.0,0.0,0.0,V
83.774,stepper_y,,20,,0,0.0,0.0,0.0,0.0,V
83.774,stepper_y1,,20,,0,0.0,0.0,0.0,0.0,V
83.794,stepper_x,,20,,0,0.0,0.0,0.0,0.0,V
83.794,stepper_y,,20,,0,0.0,0.0,0.0,0.0,V
83.794,stepper_y1,,20,,0,0.0,0.0,0.0,0.0,V
83.815,stepper_x,,20,,0,0.0,0.0,0.0,0.0,V
83.815,stepper_y,,20,,0,0.0,0.0,0.0,0.0,V
83.815,stepper_y1,,20,,0,0.0,0.0,0.0,0.0,V
83.835,stepper_x,,20,,0,0.0,0.0,0.0,0.0,V
83.835,stepper_y,,20,,0,0.0,0.0,0.0,0.0,V
83.835,stepper_y1,,20,,0,0.0,0.0,0.0,0.0,V
83.855,stepper_x,,20,,0,0.0,0.0,0.0,0.0,V
83.855,stepper_y,,20,,0,0.0,0.0,0.0,0.0,V
83.855,stepper_y1,,20,,0,0.0,0.0,0.0,0.0,V
83.875,stepper_x,,20,,0,0.0,0.0,0.0,0.0,V
83.875,stepper_y,,20,,0,0.0,0.0,0.0,0.0,V
83.875,stepper_y1,,20,,0,0.0,0.0,0.0,0.0,V
83.895,stepper_x,,20,,0,0.0,0.0,0.0,0.0,V
83.895,stepper_y,,20,,0,0.0,0.0,0.0,0.0,V
83.895,stepper_y1,,20,,0,0.0,0.0,0.0,0.0,V
83.915,stepper_x,,20,,0,0.0,0.0,0.0,0.0,V
83.915,stepper_y,,20,,0,0.0,0.0,0.0,0.0,V
83.915,stepper_y1,,20,,0,0.0,0.0,0.0,0.0,V
83.936,stepper_x,,20,,0,0.0,0.0,0.0,0.0,V
83.936,stepper_y,,20,,0,0.0,0.0,0.0,0.0,V
83.936,stepper_y1,,20,,0,0.0,0.0,0.0,0.0,V
83.956,stepper_x,,20,,0,0.0,0.0,0.0,0.0,V
83.956,stepper_y,,20,,0,0.0,0.0,0.0,0.0,V
83.956,stepper_y1,,20,,0,0.0,0.0,0.0,0.0,V
83.976,stepper_x,,20,,0,0.0,0.0,0.0,0.0,V
83.976,stepper_y,,20,,0,0.0,0.0,0.0,0.0,V
83.976,stepper_y1,,20,,0,0.0,0.0,0.0,0.0,V
83.996,stepper_x,,20,,0,0.0,0.0,0.0,0.0,V
83.996,stepper_y,,20,,0,0.0,0.0,0.0,0.0,V
83.996,stepper_y1,,20,,0,0.0,0.0,0.0,0.0,V
84.017,stepper_x,,20,,0,0.0,0.0,0.0,0.0,V
84.017,stepper_y,,20,,0,0.0,0.0,0.0,0.0,V
84.017,stepper_y1,,20,,0,0.0,0.0,0.0,0.0,V
84.037,stepper_x,,20,,0,0.0,0.0,0.0,0.0,V
84.037,stepper_y,,20,,0,0.0,0.0,0.0,0.0,V
84.037,stepper_y1,,20,,0,0.0,0.0,0.0,0.0,V
84.057,stepper_x,,20,,0,0.0,0.0,0.0,0.0,V
84.057,stepper_y,,20,,0,0.0,0.0,0.0,0.0,V
84.057,stepper_y1,,20,,0,0.0,0.0,0.0,0.0,V
84.077,stepper_x,,20,,0,0.0,0.0,0.0,0.0,V
84.077,stepper_y,,20,,0,0.0,0.0,0.0,0.0,V
84.077,stepper_y1,,20,,0,0.0,0.0,0.0,0.0,V
84.097,stepper_x,,20,,0,0.0,0.0,0.0,0.0,V
84.097,stepper_y,,20,,0,0.0,0.0,0.0,0.0,V
84.097,stepper_y1,,20,,0,0.0,0.0,0.0,0.0,V
84.118,stepper_x,,20,,0,0.0,0.0,0.0,0.0,V
84.118,stepper_y,,20,,0,0.0,0.0,0.0,0.0,V
84.118,stepper_y1,,20,,0,0.0,0.0,0.0,0.0,V
84.138,stepper_x,,20,,0,0.0,0.0,0.0,0.0,V
84.138,stepper_y,,20,,0,0.0,0.0,0.0,0.0,V
84.138,stepper_y1,,20,,0,0.0,0.0,0.0,0.0,V
84.158,stepper_x,,20,,0,0.0,0.0,0.0,0.0,V
84.158,stepper_y,,20,,0,0.0,0.0,0.0,0.0,V
84.158,stepper_y1,,20,,0,0.0,0.0,0.0,0.0,V
84.178,stepper_x,,20,,0,0.0,0.0,0.0,0.0,V
84.178,stepper_y,,20,,0,0.0,0.0,0.0,0.0,V
84.178,stepper_y1,,20,,0,0.0,0.0,0.0,0.0,V
84.198,stepper_x,,20,,0,0.0,0.0,0.0,0.0,V
84.198,stepper_y,,20,,0,0.0,0.0,0.0,0.0,V
84.198,stepper_y1,,20,,0,0.0,0.0,0.0,0.0,V
84.219,stepper_x,,20,,0,0.0,0.0,0.0,0.0,V
84.219,stepper_y,,20,,0,0.0,0.0,0.0,0.0,V
84.219,stepper_y1,,20,,0,0.0,0.0,0.0,0.0,V
84.239,stepper_x,,20,,0,0.0,0.0,0.0,0.0,V
84.239,stepper_y,,20,,0,0.0,0.0,0.0,0.0,V
84.239,stepper_y1,,20,,0,0.0,0.0,0.0,0.0,V
84.259,stepper_x,,20,,0,0.0,0.0,0.0,0.0,V
84.259,stepper_y,,20,,0,0.0,0.0,0.0,0.0,V
84.259,stepper_y1,,20,,0,0.0,0.0,0.0,0.0,V
84.279,stepper_x,,20,,0,0.0,0.0,0.0,0.0,V
84.279,stepper_y,,20,,0,0.0,0.0,0.0,0.0,V
84.279,stepper_y1,,20,,0,0.0,0.0,0.0,0.0,V
84.299,stepper_x,,20,,0,0.0,0.0,0.0,0.0,V
84.299,stepper_y,,20,,0,0.0,0.0,0.0,0.0,V
84.299,stepper_y1,,20,,0,0.0,0.0,0.0,0.0,V
84.32,stepper_x,,20,,0,0.0,0.0,0.0,0.0,V
84.32,stepper_y,,20,,0,0.0,0.0,0.0,0.0,V
84.32,stepper_y1,,20,,0,0.0,0.0,0.0,0.0,V
84.34,stepper_x,,20,,0,0.0,0.0,0.0,0.0,V
84.34,stepper_y,,20,,0,0.0,0.0,0.0,0.0,V
84.34,stepper_y1,,20,,0,0.0,0.0,0.0,0.0,V
84.36,stepper_x,,20,,0,0.0,0.0,0.0,0.0,V
84.36,stepper_y,,20,,0,0.0,0.0,0.0,0.0,V
84.36,stepper_y1,,20,,0,0.0,0.0,0.0,0.0,V
84.38,stepper_x,,20,,0,0.0,0.0,0.0,0.0,V
84.38,stepper_y,,20,,0,0.0,0.0,0.0,0.0,V
84.38,stepper_y1,,20,,0,0.0,0.0,0.0,0.0,V
84.4,stepper_x,,20,,0,0.0,0.0,0.0,0.0,V
84.4,stepper_y,,20,,0,0.0,0.0,0.0,0.0,V
84.4,stepper_y1,,20,,0,0.0,0.0,0.0,0.0,V
84.421,stepper_x,,20,,0,0.0,0.0,0.0,0.0,V
84.421,stepper_y,,20,,0,0.0,0.0,0.0,0.0,V
84.421,stepper_y1,,20,,0,0.0,0.0,0.0,0.0,V
84.441,stepper_x,,20,,0,0.0,0.0,0.0,0.0,V
84.441,stepper_y,,20,,0,0.0,0.0,0.0,0.0,V
84.441,stepper_y1,,20,,0,0.0,0.0,0.0,0.0,V
84.461,stepper_x,,20,,0,0.0,0.0,0.0,0.0,V
84.461,stepper_y,,20,,0,0.0,0.0,0.0,0.0,V
84.461,stepper_y1,,20,,0,0.0,0.0,0.0,0.0,V
84.481,stepper_x,,20,,0,0.0,0.0,0.0,0.0,V
84.481,stepper_y,,20,,0,0.0,0.0,0.0,0.0,V
84.481,stepper_y1,,20,,0,0.0,0.0,0.0,0.0,V
84.501,stepper_x,,20,,0,0.0,0.0,0.0,0.0,V
84.501,stepper_y,,20,,0,0.0,0.0,0.0,0.0,V
84.501,stepper_y1,,20,,0,0.0,0.0,0.0,0.0,V
84.522,stepper_x,,20,,0,0.0,0.0,0.0,0.0,V
84.522,stepper_y,,20,,0,0.0,0.0,0.0,0.0,V
84.522,stepper_y1,,20,,0,0.0,0.0,0.0,0.0,V
84.542,stepper_x,,20,,0,0.0,0.0,0.0,0.0,V
84.542,stepper_y,,20,,0,0.0,0.0,0.0,0.0,V
84.542,stepper_y1,,20,,0,0.0,0.0,0.0,0.0,V
84.562,stepper_x,,20,,0,0.0,0.0,0.0,0.0,V
84.562,stepper_y,,20,,0,0.0,0.0,0.0,0.0,V
84.562,stepper_y1,,20,,0,0.0,0.0,0.0,0.0,V
84.582,stepper_x,,20,,0,0.0,0.0,0.0,0.0,V
84.582,stepper_y,,20,,0,0.0,0.0,0.0,0.0,V
84.582,stepper_y1,,20,,0,0.0,0.0,0.0,0.0,V
84.602,stepper_x,,20,,0,0.0,0.0,0.0,0.0,V
84.602,stepper_y,,20,,0,0.0,0.0,0.0,0.0,V
84.602,stepper_y1,,20,,0,0.0,0.0,0.0,0.0,V
84.623,stepper_x,,20,,0,0.0,0.0,0.0,0.0,V
84.623,stepper_y,,20,,0,0.0,0.0,0.0,0.0,V
84.623,stepper_y1,,20,,0,0.0,0.0,0.0,0.0,V
84.643,stepper_x,,20,,0,0.0,0.0,0.0,0.0,V
84.643,stepper_y,,20,,0,0.0,0.0,0.0,0.0,V
84.643,stepper_y1,,20,,0,0.0,0.0,0.0,0.0,V
84.663,stepper_x,,20,,0,0.0,0.0,0.0,0.0,V
84.663,stepper_y,,20,,0,0.0,0.0,0.0,0.0,V
84.663,stepper_y1,,20,,0,0.0,0.0,0.0,0.0,V
84.683,stepper_x,,20,,0,0.0,0.0,0.0,0.0,V
84.683,stepper_y,,20,,0,0.0,0.0,0.0,0.0,V
84.683,stepper_y1,,20,,0,0.0,0.0,0.0,0.0,V
84.703,stepper_x,,20,,0,0.0,0.0,0.0,0.0,V
84.703,stepper_y,,20,,0,0.0,0.0,0.0,0.0,V
84.703,stepper_y1,,20,,0,0.0,0.0,0.0,0.0,V
84.724,stepper_x,,20,,0,0.0,0.0,0.0,0.0,V
84.724,stepper_y,,20,,0,0.0,0.0,0.0,0.0,V
84.724,stepper_y1,,20,,0,0.0,0.0,0.0,0.0,V
84.744,stepper_x,,20,,0,0.0,0.0,0.0,0.0,V
84.744,stepper_y,,20,,0,0.0,0.0,0.0,0.0,V
84.744,stepper_y1,,20,,0,0.0,0.0,0.0,0.0,V
84.764,stepper_x,,20,,0,0.0,0.0,0.0,0.0,V
84.764,stepper_y,,20,,0,0.0,0.0,0.0,0.0,V
84.764,stepper_y1,,20,,0,0.0,0.0,0.0,0.0,V
84.784,stepper_x,,20,,0,0.0,0.0,0.0,0.0,V
84.784,stepper_y,,20,,0,0.0,0.0,0.0,0.0,V
84.784,stepper_y1,,20,,0,0.0,0.0,0.0,0.0,V
84.804,stepper_x,,20,,0,0.0,0.0,0.0,0.0,V
84.804,stepper_y,,20,,0,0.0,0.0,0.0,0.0,V
84.804,stepper_y1,,20,,0,0.0,0.0,0.0,0.0,V
84.825,stepper_x,,20,,0,0.0,0.0,0.0,0.0,V
84.825,stepper_y,,20,,0,0.0,0.0,0.0,0.0,V
84.825,stepper_y1,,20,,0,0.0,0.0,0.0,0.0,V
84.845,stepper_x,,20,,0,0.0,0.0,0.0,0.0,V
84.845,stepper_y,,20,,0,0.0,0.0,0.0,0.0,V
84.845,stepper_y1,,20,,0,0.0,0.0,0.0,0.0,V
84.865,stepper_x,,20,,0,0.0,0.0,0.0,0.0,V
84.865,stepper_y,,20,,0,0.0,0.0,0.0,0.0,V
84.865,stepper_y1,,20,,0,0.0,0.0,0.0,0.0,V
84.885,stepper_x,,20,,0,0.0,0.0,0.0,0.0,V
84.885,stepper_y,,20,,0,0.0,0.0,0.0,0.0,V
84.885,stepper_y1,,20,,0,0.0,0.0,0.0,0.0,V
84.905,stepper_x,,20,,0,0.0,0.0,0.0,0.0,V
84.905,stepper_y,,20,,0,0.0,0.0,0.0,0.0,V
84.905,stepper_y1,,20,,0,0.0,0.0,0.0,0.0,V
84.926,stepper_x,,20,,0,0.0,0.0,0.0,0.0,V
84.926,stepper_y,,20,,0,0.0,0.0,0.0,0.0,V
84.926,stepper_y1,,20,,0,0.0,0.0,0.0,0.0,V
84.946,stepper_x,,20,,0,0.0,0.0,0.0,0.0,V
84.946,stepper_y,,20,,0,0.0,0.0,0.0,0.0,V
84.946,stepper_y1,,20,,0,0.0,0.0,0.0,0.0,V
84.966,stepper_x,,20,,0,0.0,0.0,0.0,0.0,V
84.966,stepper_y,,20,,0,0.0,0.0,0.0,0.0,V
84.966,stepper_y1,,20,,0,0.0,0.0,0.0,0.0,V
84.986,stepper_x,,20,,0,0.0,0.0,0.0,0.0,V
84.986,stepper_y,,20,,0,0.0,0.0,0.0,0.0,V
84.986,stepper_y1,,20,,0,0.0,0.0,0.0,0.0,V
85.007,stepper_x,,20,,0,0.0,0.0,0.0,0.0,V
85.007,stepper_y,,20,,0,0.0,0.0,0.0,0.0,V
85.007,stepper_y1,,20,,0,0.0,0.0,0.0,0.0,V
85.027,stepper_x,,20,,0,0.0,0.0,0.0,0.0,V
85.027,stepper_y,,20,,0,0.0,0.0,0.0,0.0,V
85.027,stepper_y1,,20,,0,0.0,0.0,0.0,0.0,V
85.047,stepper_x,,20,,0,0.0,0.0,0.0,0.0,V
85.047,stepper_y,,20,,0,0.0,0.0,0.0,0.0,V
85.047,stepper_y1,,20,,0,0.0,0.0,0.0,0.0,V
85.068,stepper_x,,20,,0,0.0,0.0,0.0,0.0,V
85.068,stepper_y,,20,,0,0.0,0.0,0.0,0.0,V
85.068,stepper_y1,,20,,0,0.0,0.0,0.0,0.0,V
85.088,stepper_x,,20,,0,0.0,0.0,0.0,0.0,V
85.088,stepper_y,,20,,0,0.0,0.0,0.0,0.0,V
85.088,stepper_y1,,20,,0,0.0,0.0,0.0,0.0,V
85.108,stepper_x,,20,,0,0.0,0.0,0.0,0.0,V
85.108,stepper_y,,20,,0,0.0,0.0,0.0,0.0,V
85.108,stepper_y1,,20,,0,0.0,0.0,0.0,0.0,V
85.129,stepper_x,,20,,0,0.0,0.0,0.0,0.0,V
85.129,stepper_y,,20,,0,0.0,0.0,0.0,0.0,V
85.129,stepper_y1,,20,,0,0.0,0.0,0.0,0.0,V
85.149,stepper_x,,20,,0,0.0,0.0,0.0,0.0,V
85.149,stepper_y,,20,,0,0.0,0.0,0.0,0.0,V
85.149,stepper_y1,,20,,0,0.0,0.0,0.0,0.0,V
85.169,stepper_x,,20,,0,0.0,0.0,0.0,0.0,V
85.169,stepper_y,,20,,0,0.0,0.0,0.0,0.0,V
85.169,stepper_y1,,20,,0,0.0,0.0,0.0,0.0,V
85.189,stepper_x,,20,,0,0.0,0.0,0.0,0.0,V
85.189,stepper_y,,20,,0,0.0,0.0,0.0,0.0,V
85.189,stepper_y1,,20,,0,0.0,0.0,0.0,0.0,V
85.209,stepper_x,,20,,0,0.0,0.0,0.0,0.0,V
85.209,stepper_y,,20,,0,0.0,0.0,0.0,0.0,V
85.209,stepper_y1,,20,,0,0.0,0.0,0.0,0.0,V
85.23,stepper_x,,20,,0,0.0,0.0,0.0,0.0,V
85.23,stepper_y,,20,,0,0.0,0.0,0.0,0.0,V
85.23,stepper_y1,,20,,0,0.0,0.0,0.0,0.0,V
85.25,stepper_x,,20,,0,0.0,0.0,0.0,0.0,V
85.25,stepper_y,,20,,0,0.0,0.0,0.0,0.0,V
85.25,stepper_y1,,20,,0,0.0,0.0,0.0,0.0,V
85.271,stepper_x,,20,,0,0.0,0.0,0.0,0.0,V
85.271,stepper_y,,20,,0,0.0,0.0,0.0,0.0,V
85.271,stepper_y1,,20,,0,0.0,0.0,0.0,0.0,V
85.291,stepper_x,,20,,0,0.0,0.0,0.0,0.0,V
85.291,stepper_y,,20,,0,0.0,0.0,0.0,0.0,V
85.291,stepper_y1,,20,,0,0.0,0.0,0.0,0.0,V
85.311,stepper_x,,20,,0,0.0,0.0,0.0,0.0,V
85.311,stepper_y,,20,,0,0.0,0.0,0.0,0.0,V
85.311,stepper_y1,,20,,0,0.0,0.0,0.0,0.0,V
85.332,stepper_x,,20,,0,0.0,0.0,0.0,0.0,V
85.332,stepper_y,,20,,0,0.0,0.0,0.0,0.0,V
85.332,stepper_y1,,20,,0,0.0,0.0,0.0,0.0,V
85.352,stepper_x,,20,,0,0.0,0.0,0.0,0.0,V
85.352,stepper_y,,20,,0,0.0,0.0,0.0,0.0,V
85.352,stepper_y1,,20,,0,0.0,0.0,0.0,0.0,V
85.372,stepper_x,,20,,0,0.0,0.0,0.0,0.0,V
85.372,stepper_y,,20,,0,0.0,0.0,0.0,0.0,V
85.372,stepper_y1,,20,,0,0.0,0.0,0.0,0.0,V
85.392,stepper_x,,20,,0,0.0,0.0,0.0,0.0,V
85.392,stepper_y,,20,,0,0.0,0.0,0.0,0.0,V
85.392,stepper_y1,,20,,0,0.0,0.0,0.0,0.0,V
85.412,stepper_x,,20,,0,0.0,0.0,0.0,0.0,V
85.412,stepper_y,,20,,0,0.0,0.0,0.0,0.0,V
85.412,stepper_y1,,20,,0,0.0,0.0,0.0,0.0,V
85.433,stepper_x,,20,,0,0.0,0.0,0.0,0.0,V
85.433,stepper_y,,20,,0,0.0,0.0,0.0,0.0,V
85.433,stepper_y1,,20,,0,0.0,0.0,0.0,0.0,V
85.453,stepper_x,,20,,0,0.0,0.0,0.0,0.0,V
85.453,stepper_y,,20,,0,0.0,0.0,0.0,0.0,V
85.453,stepper_y1,,20,,0,0.0,0.0,0.0,0.0,V
85.473,stepper_x,,20,,0,0.0,0.0,0.0,0.0,V
85.473,stepper_y,,20,,0,0.0,0.0,0.0,0.0,V
85.473,stepper_y1,,20,,0,0.0,0.0,0.0,0.0,V
85.493,stepper_x,,20,,0,0.0,0.0,0.0,0.0,V
85.493,stepper_y,,20,,0,0.0,0.0,0.0,0.0,V
85.493,stepper_y1,,20,,0,0.0,0.0,0.0,0.0,V
85.513,stepper_x,,20,,0,0.0,0.0,0.0,0.0,V
85.513,stepper_y,,20,,0,0.0,0.0,0.0,0.0,V
85.513,stepper_y1,,20,,0,0.0,0.0,0.0,0.0,V
85.534,stepper_x,,20,,0,0.0,0.0,0.0,0.0,V
85.534,stepper_y,,20,,0,0.0,0.0,0.0,0.0,V
85.534,stepper_y1,,20,,0,0.0,0.0,0.0,0.0,V
85.554,stepper_x,,20,,0,0.0,0.0,0.0,0.0,V
85.554,stepper_y,,20,,0,0.0,0.0,0.0,0.0,V
85.554,stepper_y1,,20,,0,0.0,0.0,0.0,0.0,V
85.575,stepper_x,,20,,0,0.0,0.0,0.0,0.0,V
85.575,stepper_y,,20,,0,0.0,0.0,0.0,0.0,V
85.575,stepper_y1,,20,,0,0.0,0.0,0.0,0.0,V
85.595,stepper_x,,20,,0,0.0,0.0,0.0,0.0,V
85.595,stepper_y,,20,,0,0.0,0.0,0.0,0.0,V
85.595,stepper_y1,,20,,0,0.0,0.0,0.0,0.0,V
85.615,stepper_x,,20,,0,0.0,0.0,0.0,0.0,V
85.615,stepper_y,,20,,0,0.0,0.0,0.0,0.0,V
85.615,stepper_y1,,20,,0,0.0,0.0,0.0,0.0,V
85.635,stepper_x,,20,,0,0.0,0.0,0.0,0.0,V
85.635,stepper_y,,20,,0,0.0,0.0,0.0,0.0,V
85.635,stepper_y1,,20,,0,0.0,0.0,0.0,0.0,V
85.655,stepper_x,,20,,0,0.0,0.0,0.0,0.0,V
85.655,stepper_y,,20,,0,0.0,0.0,0.0,0.0,V
85.655,stepper_y1,,20,,0,0.0,0.0,0.0,0.0,V
85.675,stepper_x,,20,,0,0.0,0.0,0.0,0.0,V
85.675,stepper_y,,20,,0,0.0,0.0,0.0,0.0,V
85.675,stepper_y1,,20,,0,0.0,0.0,0.0,0.0,V
85.695,stepper_x,,20,,0,0.0,0.0,0.0,0.0,V
85.695,stepper_y,,20,,0,0.0,0.0,0.0,0.0,V
85.695,stepper_y1,,20,,0,0.0,0.0,0.0,0.0,V
85.716,stepper_x,,20,,0,0.0,0.0,0.0,0.0,V
85.716,stepper_y,,20,,0,0.0,0.0,0.0,0.0,V
85.716,stepper_y1,,20,,0,0.0,0.0,0.0,0.0,V
85.736,stepper_x,,20,,0,0.0,0.0,0.0,0.0,V
85.736,stepper_y,,20,,0,0.0,0.0,0.0,0.0,V
85.736,stepper_y1,,20,,0,0.0,0.0,0.0,0.0,V
85.756,stepper_x,,20,,0,0.0,0.0,0.0,0.0,V
85.756,stepper_y,,20,,0,0.0,0.0,0.0,0.0,V
85.756,stepper_y1,,20,,0,0.0,0.0,0.0,0.0,V
85.777,stepper_x,,20,,0,0.0,0.0,0.0,0.0,V
85.777,stepper_y,,20,,0,0.0,0.0,0.0,0.0,V
85.777,stepper_y1,,20,,0,0.0,0.0,0.0,0.0,V
85.797,stepper_x,,20,,0,0.0,0.0,0.0,0.0,V
85.797,stepper_y,,20,,0,0.0,0.0,0.0,0.0,V
85.797,stepper_y1,,20,,0,0.0,0.0,0.0,0.0,V
85.818,stepper_x,,20,,0,0.0,0.0,0.0,0.0,V
85.818,stepper_y,,20,,0,0.0,0.0,0.0,0.0,V
85.818,stepper_y1,,20,,0,0.0,0.0,0.0,0.0,V
85.838,stepper_x,,20,,0,0.0,0.0,0.0,0.0,V
85.838,stepper_y,,20,,0,0.0,0.0,0.0,0.0,V
85.838,stepper_y1,,20,,0,0.0,0.0,0.0,0.0,V
85.858,stepper_x,,20,,0,0.0,0.0,0.0,0.0,V
85.858,stepper_y,,20,,0,0.0,0.0,0.0,0.0,V
85.858,stepper_y1,,20,,0,0.0,0.0,0.0,0.0,V
85.878,stepper_x,,20,,0,0.0,0.0,0.0,0.0,V
85.878,stepper_y,,20,,0,0.0,0.0,0.0,0.0,V
85.878,stepper_y1,,20,,0,0.0,0.0,0.0,0.0,V
85.898,stepper_x,,20,,0,0.0,0.0,0.0,0.0,V
85.898,stepper_y,,20,,0,0.0,0.0,0.0,0.0,V
85.898,stepper_y1,,20,,0,0.0,0.0,0.0,0.0,V
85.919,stepper_x,,20,,0,0.0,0.0,0.0,0.0,V
85.919,stepper_y,,20,,0,0.0,0.0,0.0,0.0,V
85.919,stepper_y1,,20,,0,0.0,0.0,0.0,0.0,V
85.939,stepper_x,,20,,0,0.0,0.0,0.0,0.0,V
85.939,stepper_y,,20,,0,0.0,0.0,0.0,0.0,V
85.939,stepper_y1,,20,,0,0.0,0.0,0.0,0.0,V
85.959,stepper_x,,20,,0,0.0,0.0,0.0,0.0,V
85.959,stepper_y,,20,,0,0.0,0.0,0.0,0.0,V
85.959,stepper_y1,,20,,0,0.0,0.0,0.0,0.0,V
85.979,stepper_x,,20,,0,0.0,0.0,0.0,0.0,V
85.979,stepper_y,,20,,0,0.0,0.0,0.0,0.0,V
85.979,stepper_y1,,20,,0,0.0,0.0,0.0,0.0,V
86.0,stepper_x,,20,,0,0.0,0.0,0.0,0.0,V
86.0,stepper_y,,20,,0,0.0,0.0,0.0,0.0,V
86.0,stepper_y1,,20,,0,0.0,0.0,0.0,0.0,V
86.02,stepper_x,,20,,0,0.0,0.0,0.0,0.0,V
86.02,stepper_y,,20,,0,0.0,0.0,0.0,0.0,V
86.02,stepper_y1,,20,,0,0.0,0.0,0.0,0.0,V
86.04,stepper_x,,20,,0,0.0,0.0,0.0,0.0,V
86.04,stepper_y,,20,,0,0.0,0.0,0.0,0.0,V
86.04,stepper_y1,,20,,0,0.0,0.0,0.0,0.0,V
86.06,stepper_x,,20,,0,0.0,0.0,0.0,0.0,V
86.06,stepper_y,,20,,0,0.0,0.0,0.0,0.0,V
86.06,stepper_y1,,20,,0,0.0,0.0,0.0,0.0,V
86.08,stepper_x,,20,,0,0.0,0.0,0.0,0.0,V
86.08,stepper_y,,20,,0,0.0,0.0,0.0,0.0,V
86.08,stepper_y1,,20,,0,0.0,0.0,0.0,0.0,V
86.101,stepper_x,,20,,0,0.0,0.0,0.0,0.0,V
86.101,stepper_y,,20,,0,0.0,0.0,0.0,0.0,V
86.101,stepper_y1,,20,,0,0.0,0.0,0.0,0.0,V
86.121,stepper_x,,20,,0,0.0,0.0,0.0,0.0,V
86.121,stepper_y,,20,,0,0.0,0.0,0.0,0.0,V
86.121,stepper_y1,,20,,0,0.0,0.0,0.0,0.0,V
86.141,stepper_x,,20,,0,0.0,0.0,0.0,0.0,V
86.141,stepper_y,,20,,0,0.0,0.0,0.0,0.0,V
86.141,stepper_y1,,20,,0,0.0,0.0,0.0,0.0,V
86.161,stepper_x,,20,,0,0.0,0.0,0.0,0.0,V
86.161,stepper_y,,20,,0,0.0,0.0,0.0,0.0,V
86.161,stepper_y1,,20,,0,0.0,0.0,0.0,0.0,V
86.181,stepper_x,,20,,0,0.0,0.0,0.0,0.0,V
86.181,stepper_y,,20,,0,0.0,0.0,0.0,0.0,V
86.181,stepper_y1,,20,,0,0.0,0.0,0.0,0.0,V
86.202,stepper_x,,20,,0,0.0,0.0,0.0,0.0,V
86.202,stepper_y,,20,,0,0.0,0.0,0.0,0.0,V
86.202,stepper_y1,,20,,0,0.0,0.0,0.0,0.0,V
86.222,stepper_x,,20,,0,0.0,0.0,0.0,0.0,V
86.222,stepper_y,,20,,0,0.0,0.0,0.0,0.0,V
86.222,stepper_y1,,20,,0,0.0,0.0,0.0,0.0,V
86.242,stepper_x,,20,,0,0.0,0.0,0.0,0.0,V
86.242,stepper_y,,20,,0,0.0,0.0,0.0,0.0,V
86.242,stepper_y1,,20,,0,0.0,0.0,0.0,0.0,V
86.262,stepper_x,,20,,0,0.0,0.0,0.0,0.0,V
86.262,stepper_y,,20,,0,0.0,0.0,0.0,0.0,V
86.262,stepper_y1,,20,,0,0.0,0.0,0.0,0.0,V
86.283,stepper_x,,20,,0,0.0,0.0,0.0,0.0,V
86.283,stepper_y,,20,,0,0.0,0.0,0.0,0.0,V
86.283,stepper_y1,,20,,0,0.0,0.0,0.0,0.0,V
86.303,stepper_x,,20,,0,0.0,0.0,0.0,0.0,V
86.303,stepper_y,,20,,0,0.0,0.0,0.0,0.0,V
86.303,stepper_y1,,20,,0,0.0,0.0,0.0,0.0,V
86.324,stepper_x,,20,,0,0.0,0.0,0.0,0.0,V
86.324,stepper_y,,20,,0,0.0,0.0,0.0,0.0,V
86.324,stepper_y1,,20,,0,0.0,0.0,0.0,0.0,V
86.344,stepper_x,,20,,0,0.0,0.0,0.0,0.0,V
86.344,stepper_y,,20,,0,0.0,0.0,0.0,0.0,V
86.344,stepper_y1,,20,,0,0.0,0.0,0.0,0.0,V
86.364,stepper_x,,20,,0,0.0,0.0,0.0,0.0,V
86.364,stepper_y,,20,,0,0.0,0.0,0.0,0.0,V
86.364,stepper_y1,,20,,0,0.0,0.0,0.0,0.0,V
86.385,stepper_x,,20,,0,0.0,0.0,0.0,0.0,V
86.385,stepper_y,,20,,0,0.0,0.0,0.0,0.0,V
86.385,stepper_y1,,20,,0,0.0,0.0,0.0,0.0,V
86.405,stepper_x,,20,,0,0.0,0.0,0.0,0.0,V
86.405,stepper_y,,20,,0,0.0,0.0,0.0,0.0,V
86.405,stepper_y1,,20,,0,0.0,0.0,0.0,0.0,V
86.425,stepper_x,,20,,0,0.0,0.0,0.0,0.0,V
86.425,stepper_y,,20,,0,0.0,0.0,0.0,0.0,V
86.425,stepper_y1,,20,,0,0.0,0.0,0.0,0.0,V
86.445,stepper_x,,20,,0,0.0,0.0,0.0,0.0,V
86.445,stepper_y,,20,,0,0.0,0.0,0.0,0.0,V
86.445,stepper_y1,,20,,0,0.0,0.0,0.0,0.0,V
86.465,stepper_x,,20,,0,0.0,0.0,0.0,0.0,V
86.465,stepper_y,,20,,0,0.0,0.0,0.0,0.0,V
86.465,stepper_y1,,20,,0,0.0,0.0,0.0,0.0,V
86.485,stepper_x,,20,,0,0.0,0.0,0.0,0.0,V
86.485,stepper_y,,20,,0,0.0,0.0,0.0,0.0,V
86.485,stepper_y1,,20,,0,0.0,0.0,0.0,0.0,V
86.506,stepper_x,,20,,0,0.0,0.0,0.0,0.0,V
86.506,stepper_y,,20,,0,0.0,0.0,0.0,0.0,V
86.506,stepper_y1,,20,,0,0.0,0.0,0.0,0.0,V
86.526,stepper_x,,20,,0,0.0,0.0,0.0,0.0,V
86.526,stepper_y,,20,,0,0.0,0.0,0.0,0.0,V
86.526,stepper_y1,,20,,0,0.0,0.0,0.0,0.0,V
86.546,stepper_x,,20,,0,0.0,0.0,0.0,0.0,V
86.546,stepper_y,,20,,0,0.0,0.0,0.0,0.0,V
86.546,stepper_y1,,20,,0,0.0,0.0,0.0,0.0,V
86.566,stepper_x,,20,,0,0.0,0.0,0.0,0.0,V
86.566,stepper_y,,20,,0,0.0,0.0,0.0,0.0,V
86.566,stepper_y1,,20,,0,0.0,0.0,0.0,0.0,V
86.586,stepper_x,,20,,0,0.0,0.0,0.0,0.0,V
86.586,stepper_y,,20,,0,0.0,0.0,0.0,0.0,V
86.586,stepper_y1,,20,,0,0.0,0.0,0.0,0.0,V
86.607,stepper_x,,20,,0,0.0,0.0,0.0,0.0,V
86.607,stepper_y,,20,,0,0.0,0.0,0.0,0.0,V
86.607,stepper_y1,,20,,0,0.0,0.0,0.0,0.0,V
86.627,stepper_x,,20,,0,0.0,0.0,0.0,0.0,V
86.627,stepper_y,,20,,0,0.0,0.0,0.0,0.0,V
86.627,stepper_y1,,20,,0,0.0,0.0,0.0,0.0,V
86.647,stepper_x,,20,,0,0.0,0.0,0.0,0.0,V
86.647,stepper_y,,20,,0,0.0,0.0,0.0,0.0,V
86.647,stepper_y1,,20,,0,0.0,0.0,0.0,0.0,V
86.667,stepper_x,,20,,0,0.0,0.0,0.0,0.0,V
86.667,stepper_y,,20,,0,0.0,0.0,0.0,0.0,V
86.667,stepper_y1,,20,,0,0.0,0.0,0.0,0.0,V
86.688,stepper_x,,20,,0,0.0,0.0,0.0,0.0,V
86.688,stepper_y,,20,,0,0.0,0.0,0.0,0.0,V
86.688,stepper_y1,,20,,0,0.0,0.0,0.0,0.0,V
86.708,stepper_x,,20,,0,0.0,0.0,0.0,0.0,V
86.708,stepper_y,,20,,0,0.0,0.0,0.0,0.0,V
86.708,stepper_y1,,20,,0,0.0,0.0,0.0,0.0,V
86.728,stepper_x,,20,,0,0.0,0.0,0.0,0.0,V
86.728,stepper_y,,20,,0,0.0,0.0,0.0,0.0,V
86.728,stepper_y1,,20,,0,0.0,0.0,0.0,0.0,V
86.748,stepper_x,,20,,0,0.0,0.0,0.0,0.0,V
86.748,stepper_y,,20,,0,0.0,0.0,0.0,0.0,V
86.748,stepper_y1,,20,,0,0.0,0.0,0.0,0.0,V
86.769,stepper_x,,20,,0,0.0,0.0,0.0,0.0,V
86.769,stepper_y,,20,,0,0.0,0.0,0.0,0.0,V
86.769,stepper_y1,,20,,0,0.0,0.0,0.0,0.0,V
86.789,stepper_x,,20,,0,0.0,0.0,0.0,0.0,V
86.789,stepper_y,,20,,0,0.0,0.0,0.0,0.0,V
86.789,stepper_y1,,20,,0,0.0,0.0,0.0,0.0,V
86.81,stepper_x,,20,,0,0.0,0.0,0.0,0.0,V
86.81,stepper_y,,20,,0,0.0,0.0,0.0,0.0,V
86.81,stepper_y1,,20,,0,0.0,0.0,0.0,0.0,V
86.83,stepper_x,,20,,0,0.0,0.0,0.0,0.0,V
86.83,stepper_y,,20,,0,0.0,0.0,0.0,0.0,V
86.83,stepper_y1,,20,,0,0.0,0.0,0.0,0.0,V
86.85,stepper_x,,20,,0,0.0,0.0,0.0,0.0,V
86.85,stepper_y,,20,,0,0.0,0.0,0.0,0.0,V
86.85,stepper_y1,,20,,0,0.0,0.0,0.0,0.0,V
86.871,stepper_x,,20,,0,0.0,0.0,0.0,0.0,V
86.871,stepper_y,,20,,0,0.0,0.0,0.0,0.0,V
86.871,stepper_y1,,20,,0,0.0,0.0,0.0,0.0,V
86.891,stepper_x,,20,,0,0.0,0.0,0.0,0.0,V
86.891,stepper_y,,20,,0,0.0,0.0,0.0,0.0,V
86.891,stepper_y1,,20,,0,0.0,0.0,0.0,0.0,V
86.911,stepper_x,,20,,0,0.0,0.0,0.0,0.0,V
86.911,stepper_y,,20,,0,0.0,0.0,0.0,0.0,V
86.911,stepper_y1,,20,,0,0.0,0.0,0.0,0.0,V
86.931,stepper_x,,20,,0,0.0,0.0,0.0,0.0,V
86.931,stepper_y,,20,,0,0.0,0.0,0.0,0.0,V
86.931,stepper_y1,,20,,0,0.0,0.0,0.0,0.0,V
86.951,stepper_x,,20,,0,0.0,0.0,0.0,0.0,V
86.951,stepper_y,,20,,0,0.0,0.0,0.0,0.0,V
86.951,stepper_y1,,20,,0,0.0,0.0,0.0,0.0,V
86.971,stepper_x,,20,,0,0.0,0.0,0.0,0.0,V
86.971,stepper_y,,20,,0,0.0,0.0,0.0,0.0,V
86.971,stepper_y1,,20,,0,0.0,0.0,0.0,0.0,V
86.992,stepper_x,,20,,0,0.0,0.0,0.0,0.0,V
86.992,stepper_y,,20,,0,0.0,0.0,0.0,0.0,V
86.992,stepper_y1,,20,,0,0.0,0.0,0.0,0.0,V
87.012,stepper_x,,20,,0,0.0,0.0,0.0,0.0,V
87.012,stepper_y,,20,,0,0.0,0.0,0.0,0.0,V
87.012,stepper_y1,,20,,0,0.0,0.0,0.0,0.0,V
87.033,stepper_x,,20,,0,0.0,0.0,0.0,0.0,V
87.033,stepper_y,,20,,0,0.0,0.0,0.0,0.0,V
87.033,stepper_y1,,20,,0,0.0,0.0,0.0,0.0,V
87.053,stepper_x,,20,,0,0.0,0.0,0.0,0.0,V
87.053,stepper_y,,20,,0,0.0,0.0,0.0,0.0,V
87.053,stepper_y1,,20,,0,0.0,0.0,0.0,0.0,V
87.073,stepper_x,,20,,0,0.0,0.0,0.0,0.0,V
87.073,stepper_y,,20,,0,0.0,0.0,0.0,0.0,V
87.073,stepper_y1,,20,,0,0.0,0.0,0.0,0.0,V
87.094,stepper_x,,20,,0,0.0,0.0,0.0,0.0,V
87.094,stepper_y,,20,,0,0.0,0.0,0.0,0.0,V
87.094,stepper_y1,,20,,0,0.0,0.0,0.0,0.0,V
87.114,stepper_x,,20,,0,0.0,0.0,0.0,0.0,V
87.114,stepper_y,,20,,0,0.0,0.0,0.0,0.0,V
87.114,stepper_y1,,20,,0,0.0,0.0,0.0,0.0,V
87.134,stepper_x,,20,,0,0.0,0.0,0.0,0.0,V
87.134,stepper_y,,20,,0,0.0,0.0,0.0,0.0,V
87.134,stepper_y1,,20,,0,0.0,0.0,0.0,0.0,V
87.154,stepper_x,,20,,0,0.0,0.0,0.0,0.0,V
87.154,stepper_y,,20,,0,0.0,0.0,0.0,0.0,V
87.154,stepper_y1,,20,,0,0.0,0.0,0.0,0.0,V
87.175,stepper_x,,20,,0,0.0,0.0,0.0,0.0,V
87.175,stepper_y,,20,,0,0.0,0.0,0.0,0.0,V
87.175,stepper_y1,,20,,0,0.0,0.0,0.0,0.0,V
87.195,stepper_x,,20,,0,0.0,0.0,0.0,0.0,V
87.195,stepper_y,,20,,0,0.0,0.0,0.0,0.0,V
87.195,stepper_y1,,20,,0,0.0,0.0,0.0,0.0,V
87.215,stepper_x,,20,,0,0.0,0.0,0.0,0.0,V
87.215,stepper_y,,20,,0,0.0,0.0,0.0,0.0,V
87.215,stepper_y1,,20,,0,0.0,0.0,0.0,0.0,V
87.235,stepper_x,,20,,0,0.0,0.0,0.0,0.0,V
87.235,stepper_y,,20,,0,0.0,0.0,0.0,0.0,V
87.235,stepper_y1,,20,,0,0.0,0.0,0.0,0.0,V
87.256,stepper_x,,20,,0,0.0,0.0,0.0,0.0,V
87.256,stepper_y,,20,,0,0.0,0.0,0.0,0.0,V
87.256,stepper_y1,,20,,0,0.0,0.0,0.0,0.0,V
87.277,stepper_x,,20,,0,0.0,0.0,0.0,0.0,V
87.277,stepper_y,,20,,0,0.0,0.0,0.0,0.0,V
87.277,stepper_y1,,20,,0,0.0,0.0,0.0,0.0,V
87.297,stepper_x,,20,,0,0.0,0.0,0.0,0.0,V
87.297,stepper_y,,20,,0,0.0,0.0,0.0,0.0,V
87.297,stepper_y1,,20,,0,0.0,0.0,0.0,0.0,V
87.317,stepper_x,,20,,0,0.0,0.0,0.0,0.0,V
87.317,stepper_y,,20,,0,0.0,0.0,0.0,0.0,V
87.317,stepper_y1,,20,,0,0.0,0.0,0.0,0.0,V
87.337,stepper_x,,20,,0,0.0,0.0,0.0,0.0,V
87.337,stepper_y,,20,,0,0.0,0.0,0.0,0.0,V
87.337,stepper_y1,,20,,0,0.0,0.0,0.0,0.0,V
87.358,stepper_x,,20,,0,0.0,0.0,0.0,0.0,V
87.358,stepper_y,,20,,0,0.0,0.0,0.0,0.0,V
87.358,stepper_y1,,20,,0,0.0,0.0,0.0,0.0,V
87.378,stepper_x,,20,,0,0.0,0.0,0.0,0.0,V
87.378,stepper_y,,20,,0,0.0,0.0,0.0,0.0,V
87.378,stepper_y1,,20,,0,0.0,0.0,0.0,0.0,V
87.398,stepper_x,,20,,0,0.0,0.0,0.0,0.0,V
87.398,stepper_y,,20,,0,0.0,0.0,0.0,0.0,V
87.398,stepper_y1,,20,,0,0.0,0.0,0.0,0.0,V
87.418,stepper_x,,20,,0,0.0,0.0,0.0,0.0,V
87.418,stepper_y,,20,,0,0.0,0.0,0.0,0.0,V
87.418,stepper_y1,,20,,0,0.0,0.0,0.0,0.0,V
87.438,stepper_x,,20,,0,0.0,0.0,0.0,0.0,V
87.438,stepper_y,,20,,0,0.0,0.0,0.0,0.0,V
87.438,stepper_y1,,20,,0,0.0,0.0,0.0,0.0,V
87.459,stepper_x,,20,,0,0.0,0.0,0.0,0.0,V
87.459,stepper_y,,20,,0,0.0,0.0,0.0,0.0,V
87.459,stepper_y1,,20,,0,0.0,0.0,0.0,0.0,V
87.479,stepper_x,,20,,0,0.0,0.0,0.0,0.0,V
87.479,stepper_y,,20,,0,0.0,0.0,0.0,0.0,V
87.479,stepper_y1,,20,,0,0.0,0.0,0.0,0.0,V
87.499,stepper_x,,20,,0,0.0,0.0,0.0,0.0,V
87.499,stepper_y,,20,,0,0.0,0.0,0.0,0.0,V
87.499,stepper_y1,,20,,0,0.0,0.0,0.0,0.0,V
87.521,stepper_x,,20,,0,0.0,0.0,0.0,0.0,V
87.521,stepper_y,,20,,0,0.0,0.0,0.0,0.0,V
87.521,stepper_y1,,20,,0,0.0,0.0,0.0,0.0,V
87.541,stepper_x,,20,,0,0.0,0.0,0.0,0.0,V
87.541,stepper_y,,20,,0,0.0,0.0,0.0,0.0,V
87.541,stepper_y1,,20,,0,0.0,0.0,0.0,0.0,V
87.561,stepper_x,,20,,0,0.0,0.0,0.0,0.0,V
87.561,stepper_y,,20,,0,0.0,0.0,0.0,0.0,V
87.561,stepper_y1,,20,,0,0.0,0.0,0.0,0.0,V
87.581,stepper_x,,20,,0,0.0,0.0,0.0,0.0,V
87.581,stepper_y,,20,,0,0.0,0.0,0.0,0.0,V
87.581,stepper_y1,,20,,0,0.0,0.0,0.0,0.0,V
87.601,stepper_x,,20,,0,0.0,0.0,0.0,0.0,V
87.601,stepper_y,,20,,0,0.0,0.0,0.0,0.0,V
87.601,stepper_y1,,20,,0,0.0,0.0,0.0,0.0,V
87.622,stepper_x,,20,,0,0.0,0.0,0.0,0.0,V
87.622,stepper_y,,20,,0,0.0,0.0,0.0,0.0,V
87.622,stepper_y1,,20,,0,0.0,0.0,0.0,0.0,V
87.642,stepper_x,,20,,0,0.0,0.0,0.0,0.0,V
87.642,stepper_y,,20,,0,0.0,0.0,0.0,0.0,V
87.642,stepper_y1,,20,,0,0.0,0.0,0.0,0.0,V
87.662,stepper_x,,20,,0,0.0,0.0,0.0,0.0,V
87.662,stepper_y,,20,,0,0.0,0.0,0.0,0.0,V
87.662,stepper_y1,,20,,0,0.0,0.0,0.0,0.0,V
87.682,stepper_x,,20,,0,0.0,0.0,0.0,0.0,V
87.682,stepper_y,,20,,0,0.0,0.0,0.0,0.0,V
87.682,stepper_y1,,20,,0,0.0,0.0,0.0,0.0,V
87.702,stepper_x,,20,,0,0.0,0.0,0.0,0.0,V
87.702,stepper_y,,20,,0,0.0,0.0,0.0,0.0,V
87.702,stepper_y1,,20,,0,0.0,0.0,0.0,0.0,V
87.722,stepper_x,,20,,0,0.0,0.0,0.0,0.0,V
87.722,stepper_y,,20,,0,0.0,0.0,0.0,0.0,V
87.722,stepper_y1,,20,,0,0.0,0.0,0.0,0.0,V
87.743,stepper_x,,20,,0,0.0,0.0,0.0,0.0,V
87.743,stepper_y,,20,,0,0.0,0.0,0.0,0.0,V
87.743,stepper_y1,,20,,0,0.0,0.0,0.0,0.0,V
87.763,stepper_x,,20,,0,0.0,0.0,0.0,0.0,V
87.763,stepper_y,,20,,0,0.0,0.0,0.0,0.0,V
87.763,stepper_y1,,20,,0,0.0,0.0,0.0,0.0,V
87.784,stepper_x,,20,,0,0.0,0.0,0.0,0.0,V
87.784,stepper_y,,20,,0,0.0,0.0,0.0,0.0,V
87.784,stepper_y1,,20,,0,0.0,0.0,0.0,0.0,V
87.804,stepper_x,,20,,0,0.0,0.0,0.0,0.0,V
87.804,stepper_y,,20,,0,0.0,0.0,0.0,0.0,V
87.804,stepper_y1,,20,,0,0.0,0.0,0.0,0.0,V
87.824,stepper_x,,20,,0,0.0,0.0,0.0,0.0,V
87.824,stepper_y,,20,,0,0.0,0.0,0.0,0.0,V
87.824,stepper_y1,,20,,0,0.0,0.0,0.0,0.0,V
87.845,stepper_x,,20,,0,0.0,0.0,0.0,0.0,V
87.845,stepper_y,,20,,0,0.0,0.0,0.0,0.0,V
87.845,stepper_y1,,20,,0,0.0,0.0,0.0,0.0,V
87.865,stepper_x,,20,,0,0.0,0.0,0.0,0.0,V
87.865,stepper_y,,20,,0,0.0,0.0,0.0,0.0,V
87.865,stepper_y1,,20,,0,0.0,0.0,0.0,0.0,V
87.885,stepper_x,,20,,0,0.0,0.0,0.0,0.0,V
87.885,stepper_y,,20,,0,0.0,0.0,0.0,0.0,V
87.885,stepper_y1,,20,,0,0.0,0.0,0.0,0.0,V
87.905,stepper_x,,20,,0,0.0,0.0,0.0,0.0,V
87.905,stepper_y,,20,,0,0.0,0.0,0.0,0.0,V
87.905,stepper_y1,,20,,0,0.0,0.0,0.0,0.0,V
87.925,stepper_x,,20,,0,0.0,0.0,0.0,0.0,V
87.925,stepper_y,,20,,0,0.0,0.0,0.0,0.0,V
87.925,stepper_y1,,20,,0,0.0,0.0,0.0,0.0,V
87.946,stepper_x,,20,,0,0.0,0.0,0.0,0.0,V
87.946,stepper_y,,20,,0,0.0,0.0,0.0,0.0,V
87.946,stepper_y1,,20,,0,0.0,0.0,0.0,0.0,V
87.966,stepper_x,,20,,0,0.0,0.0,0.0,0.0,V
87.966,stepper_y,,20,,0,0.0,0.0,0.0,0.0,V
87.966,stepper_y1,,20,,0,0.0,0.0,0.0,0.0,V
87.986,stepper_x,,20,,0,0.0,0.0,0.0,0.0,V
87.986,stepper_y,,20,,0,0.0,0.0,0.0,0.0,V
87.986,stepper_y1,,20,,0,0.0,0.0,0.0,0.0,V
88.007,stepper_x,,20,,0,0.0,0.0,0.0,0.0,V
88.007,stepper_y,,20,,0,0.0,0.0,0.0,0.0,V
88.007,stepper_y1,,20,,0,0.0,0.0,0.0,0.0,V
88.027,stepper_x,,20,,0,0.0,0.0,0.0,0.0,V
88.027,stepper_y,,20,,0,0.0,0.0,0.0,0.0,V
88.027,stepper_y1,,20,,0,0.0,0.0,0.0,0.0,V
88.048,stepper_x,,20,,0,0.0,0.0,0.0,0.0,V
88.048,stepper_y,,20,,0,0.0,0.0,0.0,0.0,V
88.048,stepper_y1,,20,,0,0.0,0.0,0.0,0.0,V
88.068,stepper_x,,20,,0,0.0,0.0,0.0,0.0,V
88.068,stepper_y,,20,,0,0.0,0.0,0.0,0.0,V
88.068,stepper_y1,,20,,0,0.0,0.0,0.0,0.0,V
88.088,stepper_x,,20,,0,0.0,0.0,0.0,0.0,V
88.088,stepper_y,,20,,0,0.0,0.0,0.0,0.0,V
88.088,stepper_y1,,20,,0,0.0,0.0,0.0,0.0,V
88.108,stepper_x,,20,,0,0.0,0.0,0.0,0.0,V
88.108,stepper_y,,20,,0,0.0,0.0,0.0,0.0,V
88.108,stepper_y1,,20,,0,0.0,0.0,0.0,0.0,V
88.129,stepper_x,,20,,0,0.0,0.0,0.0,0.0,V
88.129,stepper_y,,20,,0,0.0,0.0,0.0,0.0,V
88.129,stepper_y1,,20,,0,0.0,0.0,0.0,0.0,V
88.149,stepper_x,,20,,0,0.0,0.0,0.0,0.0,V
88.149,stepper_y,,20,,0,0.0,0.0,0.0,0.0,V
88.149,stepper_y1,,20,,0,0.0,0.0,0.0,0.0,V
88.169,stepper_x,,20,,0,0.0,0.0,0.0,0.0,V
88.169,stepper_y,,20,,0,0.0,0.0,0.0,0.0,V
88.169,stepper_y1,,20,,0,0.0,0.0,0.0,0.0,V
88.189,stepper_x,,20,,0,0.0,0.0,0.0,0.0,V
88.189,stepper_y,,20,,0,0.0,0.0,0.0,0.0,V
88.189,stepper_y1,,20,,0,0.0,0.0,0.0,0.0,V
88.209,stepper_x,,20,,0,0.0,0.0,0.0,0.0,V
88.209,stepper_y,,20,,0,0.0,0.0,0.0,0.0,V
88.209,stepper_y1,,20,,0,0.0,0.0,0.0,0.0,V
88.23,stepper_x,,20,,0,0.0,0.0,0.0,0.0,V
88.23,stepper_y,,20,,0,0.0,0.0,0.0,0.0,V
88.23,stepper_y1,,20,,0,0.0,0.0,0.0,0.0,V
88.25,stepper_x,,20,,0,0.0,0.0,0.0,0.0,V
88.25,stepper_y,,20,,0,0.0,0.0,0.0,0.0,V
88.25,stepper_y1,,20,,0,0.0,0.0,0.0,0.0,V
88.27,stepper_x,,20,,0,0.0,0.0,0.0,0.0,V
88.27,stepper_y,,20,,0,0.0,0.0,0.0,0.0,V
88.27,stepper_y1,,20,,0,0.0,0.0,0.0,0.0,V
88.291,stepper_x,,20,,0,0.0,0.0,0.0,0.0,V
88.291,stepper_y,,20,,0,0.0,0.0,0.0,0.0,V
88.291,stepper_y1,,20,,0,0.0,0.0,0.0,0.0,V
88.311,stepper_x,,20,,0,0.0,0.0,0.0,0.0,V
88.311,stepper_y,,20,,0,0.0,0.0,0.0,0.0,V
88.311,stepper_y1,,20,,0,0.0,0.0,0.0,0.0,V
88.332,stepper_x,,20,,0,0.0,0.0,0.0,0.0,V
88.332,stepper_y,,20,,0,0.0,0.0,0.0,0.0,V
88.332,stepper_y1,,20,,0,0.0,0.0,0.0,0.0,V
88.352,stepper_x,,20,,0,0.0,0.0,0.0,0.0,V
88.352,stepper_y,,20,,0,0.0,0.0,0.0,0.0,V
88.352,stepper_y1,,20,,0,0.0,0.0,0.0,0.0,V
88.372,stepper_x,,20,,0,0.0,0.0,0.0,0.0,V
88.372,stepper_y,,20,,0,0.0,0.0,0.0,0.0,V
88.372,stepper_y1,,20,,0,0.0,0.0,0.0,0.0,V
88.392,stepper_x,,20,,0,0.0,0.0,0.0,0.0,V
88.392,stepper_y,,20,,0,0.0,0.0,0.0,0.0,V
88.392,stepper_y1,,20,,0,0.0,0.0,0.0,0.0,V
88.412,stepper_x,,20,,0,0.0,0.0,0.0,0.0,V
88.412,stepper_y,,20,,0,0.0,0.0,0.0,0.0,V
88.412,stepper_y1,,20,,0,0.0,0.0,0.0,0.0,V
88.433,stepper_x,,20,,0,0.0,0.0,0.0,0.0,V
88.433,stepper_y,,20,,0,0.0,0.0,0.0,0.0,V
88.433,stepper_y1,,20,,0,0.0,0.0,0.0,0.0,V
88.453,stepper_x,,20,,0,0.0,0.0,0.0,0.0,V
88.453,stepper_y,,20,,0,0.0,0.0,0.0,0.0,V
88.453,stepper_y1,,20,,0,0.0,0.0,0.0,0.0,V
88.473,stepper_x,,20,,0,0.0,0.0,0.0,0.0,V
88.473,stepper_y,,20,,0,0.0,0.0,0.0,0.0,V
88.473,stepper_y1,,20,,0,0.0,0.0,0.0,0.0,V
88.493,stepper_x,,20,,0,0.0,0.0,0.0,0.0,V
88.493,stepper_y,,20,,0,0.0,0.0,0.0,0.0,V
88.493,stepper_y1,,20,,0,0.0,0.0,0.0,0.0,V
88.513,stepper_x,,20,,0,0.0,0.0,0.0,0.0,V
88.513,stepper_y,,20,,0,0.0,0.0,0.0,0.0,V
88.513,stepper_y1,,20,,0,0.0,0.0,0.0,0.0,V
88.533,stepper_x,,20,,0,0.0,0.0,0.0,0.0,V
88.533,stepper_y,,20,,0,0.0,0.0,0.0,0.0,V
88.533,stepper_y1,,20,,0,0.0,0.0,0.0,0.0,V
88.554,stepper_x,,20,,0,0.0,0.0,0.0,0.0,V
88.554,stepper_y,,20,,0,0.0,0.0,0.0,0.0,V
88.554,stepper_y1,,20,,0,0.0,0.0,0.0,0.0,V
88.574,stepper_x,,20,,0,0.0,0.0,0.0,0.0,V
88.574,stepper_y,,20,,0,0.0,0.0,0.0,0.0,V
88.574,stepper_y1,,20,,0,0.0,0.0,0.0,0.0,V
88.594,stepper_x,,20,,0,0.0,0.0,0.0,0.0,V
88.594,stepper_y,,20,,0,0.0,0.0,0.0,0.0,V
88.594,stepper_y1,,20,,0,0.0,0.0,0.0,0.0,V
88.614,stepper_x,,20,,0,0.0,0.0,0.0,0.0,V
88.614,stepper_y,,20,,0,0.0,0.0,0.0,0.0,V
88.614,stepper_y1,,20,,0,0.0,0.0,0.0,0.0,V
88.635,stepper_x,,20,,0,0.0,0.0,0.0,0.0,V
88.635,stepper_y,,20,,0,0.0,0.0,0.0,0.0,V
88.635,stepper_y1,,20,,0,0.0,0.0,0.0,0.0,V
88.655,stepper_x,,20,,0,0.0,0.0,0.0,0.0,V
88.655,stepper_y,,20,,0,0.0,0.0,0.0,0.0,V
88.655,stepper_y1,,20,,0,0.0,0.0,0.0,0.0,V
88.675,stepper_x,,20,,0,0.0,0.0,0.0,0.0,V
88.675,stepper_y,,20,,0,0.0,0.0,0.0,0.0,V
88.675,stepper_y1,,20,,0,0.0,0.0,0.0,0.0,V
88.695,stepper_x,,20,,0,0.0,0.0,0.0,0.0,V
88.695,stepper_y,,20,,0,0.0,0.0,0.0,0.0,V
88.695,stepper_y1,,20,,0,0.0,0.0,0.0,0.0,V
88.716,stepper_x,,20,,0,0.0,0.0,0.0,0.0,V
88.716,stepper_y,,20,,0,0.0,0.0,0.0,0.0,V
88.716,stepper_y1,,20,,0,0.0,0.0,0.0,0.0,V
88.736,stepper_x,,20,,0,0.0,0.0,0.0,0.0,V
88.736,stepper_y,,20,,0,0.0,0.0,0.0,0.0,V
88.736,stepper_y1,,20,,0,0.0,0.0,0.0,0.0,V
88.756,stepper_x,,20,,0,0.0,0.0,0.0,0.0,V
88.756,stepper_y,,20,,0,0.0,0.0,0.0,0.0,V
88.756,stepper_y1,,20,,0,0.0,0.0,0.0,0.0,V
88.777,stepper_x,,20,,0,0.0,0.0,0.0,0.0,V
88.777,stepper_y,,20,,0,0.0,0.0,0.0,0.0,V
88.777,stepper_y1,,20,,0,0.0,0.0,0.0,0.0,V
88.797,stepper_x,,20,,0,0.0,0.0,0.0,0.0,V
88.797,stepper_y,,20,,0,0.0,0.0,0.0,0.0,V
88.797,stepper_y1,,20,,0,0.0,0.0,0.0,0.0,V
88.818,stepper_x,,20,,0,0.0,0.0,0.0,0.0,V
88.818,stepper_y,,20,,0,0.0,0.0,0.0,0.0,V
88.818,stepper_y1,,20,,0,0.0,0.0,0.0,0.0,V
88.838,stepper_x,,20,,0,0.0,0.0,0.0,0.0,V
88.838,stepper_y,,20,,0,0.0,0.0,0.0,0.0,V
88.838,stepper_y1,,20,,0,0.0,0.0,0.0,0.0,V
88.858,stepper_x,,20,,0,0.0,0.0,0.0,0.0,V
88.858,stepper_y,,20,,0,0.0,0.0,0.0,0.0,V
88.858,stepper_y1,,20,,0,0.0,0.0,0.0,0.0,V
88.878,stepper_x,,20,,0,0.0,0.0,0.0,0.0,V
88.878,stepper_y,,20,,0,0.0,0.0,0.0,0.0,V
88.878,stepper_y1,,20,,0,0.0,0.0,0.0,0.0,V
88.898,stepper_x,,20,,0,0.0,0.0,0.0,0.0,V
88.898,stepper_y,,20,,0,0.0,0.0,0.0,0.0,V
88.898,stepper_y1,,20,,0,0.0,0.0,0.0,0.0,V
88.919,stepper_x,,20,,0,0.0,0.0,0.0,0.0,V
88.919,stepper_y,,20,,0,0.0,0.0,0.0,0.0,V
88.919,stepper_y1,,20,,0,0.0,0.0,0.0,0.0,V
88.939,stepper_x,,20,,0,0.0,0.0,0.0,0.0,V
88.939,stepper_y,,20,,0,0.0,0.0,0.0,0.0,V
88.939,stepper_y1,,20,,0,0.0,0.0,0.0,0.0,V
88.959,stepper_x,,20,,0,0.0,0.0,0.0,0.0,V
88.959,stepper_y,,20,,0,0.0,0.0,0.0,0.0,V
88.959,stepper_y1,,20,,0,0.0,0.0,0.0,0.0,V
88.979,stepper_x,,20,,0,0.0,0.0,0.0,0.0,V
88.979,stepper_y,,20,,0,0.0,0.0,0.0,0.0,V
88.979,stepper_y1,,20,,0,0.0,0.0,0.0,0.0,V
88.999,stepper_x,,20,,0,0.0,0.0,0.0,0.0,V
88.999,stepper_y,,20,,0,0.0,0.0,0.0,0.0,V
88.999,stepper_y1,,20,,0,0.0,0.0,0.0,0.0,V
89.02,stepper_x,,20,,0,0.0,0.0,0.0,0.0,V
89.02,stepper_y,,20,,0,0.0,0.0,0.0,0.0,V
89.02,stepper_y1,,20,,0,0.0,0.0,0.0,0.0,V
89.041,stepper_x,,20,,0,0.0,0.0,0.0,0.0,V
89.041,stepper_y,,20,,0,0.0,0.0,0.0,0.0,V
89.041,stepper_y1,,20,,0,0.0,0.0,0.0,0.0,V
89.061,stepper_x,,20,,0,0.0,0.0,0.0,0.0,V
89.061,stepper_y,,20,,0,0.0,0.0,0.0,0.0,V
89.061,stepper_y1,,20,,0,0.0,0.0,0.0,0.0,V
89.081,stepper_x,,20,,0,0.0,0.0,0.0,0.0,V
89.081,stepper_y,,20,,0,0.0,0.0,0.0,0.0,V
89.081,stepper_y1,,20,,0,0.0,0.0,0.0,0.0,V
89.101,stepper_x,,20,,0,0.0,0.0,0.0,0.0,V
89.101,stepper_y,,20,,0,0.0,0.0,0.0,0.0,V
89.101,stepper_y1,,20,,0,0.0,0.0,0.0,0.0,V
89.122,stepper_x,,20,,0,0.0,0.0,0.0,0.0,V
89.122,stepper_y,,20,,0,0.0,0.0,0.0,0.0,V
89.122,stepper_y1,,20,,0,0.0,0.0,0.0,0.0,V
89.142,stepper_x,,20,,0,0.0,0.0,0.0,0.0,V
89.142,stepper_y,,20,,0,0.0,0.0,0.0,0.0,V
89.142,stepper_y1,,20,,0,0.0,0.0,0.0,0.0,V
89.162,stepper_x,,20,,0,0.0,0.0,0.0,0.0,V
89.162,stepper_y,,20,,0,0.0,0.0,0.0,0.0,V
89.162,stepper_y1,,20,,0,0.0,0.0,0.0,0.0,V
89.182,stepper_x,,20,,0,0.0,0.0,0.0,0.0,V
89.182,stepper_y,,20,,0,0.0,0.0,0.0,0.0,V
89.182,stepper_y1,,20,,0,0.0,0.0,0.0,0.0,V
89.202,stepper_x,,20,,0,0.0,0.0,0.0,0.0,V
89.202,stepper_y,,20,,0,0.0,0.0,0.0,0.0,V
89.202,stepper_y1,,20,,0,0.0,0.0,0.0,0.0,V
89.223,stepper_x,,20,,0,0.0,0.0,0.0,0.0,V
89.223,stepper_y,,20,,0,0.0,0.0,0.0,0.0,V
89.223,stepper_y1,,20,,0,0.0,0.0,0.0,0.0,V
89.243,stepper_x,,20,,0,0.0,0.0,0.0,0.0,V
89.243,stepper_y,,20,,0,0.0,0.0,0.0,0.0,V
89.243,stepper_y1,,20,,0,0.0,0.0,0.0,0.0,V
89.263,stepper_x,,20,,0,0.0,0.0,0.0,0.0,V
89.263,stepper_y,,20,,0,0.0,0.0,0.0,0.0,V
89.263,stepper_y1,,20,,0,0.0,0.0,0.0,0.0,V
89.283,stepper_x,,20,,0,0.0,0.0,0.0,0.0,V
89.283,stepper_y,,20,,0,0.0,0.0,0.0,0.0,V
89.283,stepper_y1,,20,,0,0.0,0.0,0.0,0.0,V
89.303,stepper_x,,20,,0,0.0,0.0,0.0,0.0,V
89.303,stepper_y,,20,,0,0.0,0.0,0.0,0.0,V
89.303,stepper_y1,,20,,0,0.0,0.0,0.0,0.0,V
89.324,stepper_x,,20,,0,0.0,0.0,0.0,0.0,V
89.324,stepper_y,,20,,0,0.0,0.0,0.0,0.0,V
89.324,stepper_y1,,20,,0,0.0,0.0,0.0,0.0,V
89.344,stepper_x,,20,,0,0.0,0.0,0.0,0.0,V
89.344,stepper_y,,20,,0,0.0,0.0,0.0,0.0,V
89.344,stepper_y1,,20,,0,0.0,0.0,0.0,0.0,V
89.364,stepper_x,,20,,0,0.0,0.0,0.0,0.0,V
89.364,stepper_y,,20,,0,0.0,0.0,0.0,0.0,V
89.364,stepper_y1,,20,,0,0.0,0.0,0.0,0.0,V
89.384,stepper_x,,20,,0,0.0,0.0,0.0,0.0,V
89.384,stepper_y,,20,,0,0.0,0.0,0.0,0.0,V
89.384,stepper_y1,,20,,0,0.0,0.0,0.0,0.0,V
89.404,stepper_x,,20,,0,0.0,0.0,0.0,0.0,V
89.404,stepper_y,,20,,0,0.0,0.0,0.0,0.0,V
89.404,stepper_y1,,20,,0,0.0,0.0,0.0,0.0,V
89.425,stepper_x,,20,,0,0.0,0.0,0.0,0.0,V
89.425,stepper_y,,20,,0,0.0,0.0,0.0,0.0,V
89.425,stepper_y1,,20,,0,0.0,0.0,0.0,0.0,V
89.445,stepper_x,,20,,0,0.0,0.0,0.0,0.0,V
89.445,stepper_y,,20,,0,0.0,0.0,0.0,0.0,V
89.445,stepper_y1,,20,,0,0.0,0.0,0.0,0.0,V
89.465,stepper_x,,20,,0,0.0,0.0,0.0,0.0,V
89.465,stepper_y,,20,,0,0.0,0.0,0.0,0.0,V
89.465,stepper_y1,,20,,0,0.0,0.0,0.0,0.0,V
89.485,stepper_x,,20,,0,0.0,0.0,0.0,0.0,V
89.485,stepper_y,,20,,0,0.0,0.0,0.0,0.0,V
89.485,stepper_y1,,20,,0,0.0,0.0,0.0,0.0,V
89.505,stepper_x,,20,,0,0.0,0.0,0.0,0.0,V
89.505,stepper_y,,20,,0,0.0,0.0,0.0,0.0,V
89.505,stepper_y1,,20,,0,0.0,0.0,0.0,0.0,V
89.526,stepper_x,,20,,0,0.0,0.0,0.0,0.0,V
89.526,stepper_y,,20,,0,0.0,0.0,0.0,0.0,V
89.526,stepper_y1,,20,,0,0.0,0.0,0.0,0.0,V
89.546,stepper_x,,20,,0,0.0,0.0,0.0,0.0,V
89.546,stepper_y,,20,,0,0.0,0.0,0.0,0.0,V
89.546,stepper_y1,,20,,0,0.0,0.0,0.0,0.0,V
89.566,stepper_x,,20,,0,0.0,0.0,0.0,0.0,V
89.566,stepper_y,,20,,0,0.0,0.0,0.0,0.0,V
89.566,stepper_y1,,20,,0,0.0,0.0,0.0,0.0,V
89.586,stepper_x,,20,,0,0.0,0.0,0.0,0.0,V
89.586,stepper_y,,20,,0,0.0,0.0,0.0,0.0,V
89.586,stepper_y1,,20,,0,0.0,0.0,0.0,0.0,V
89.606,stepper_x,,20,,0,0.0,0.0,0.0,0.0,V
89.606,stepper_y,,20,,0,0.0,0.0,0.0,0.0,V
89.606,stepper_y1,,20,,0,0.0,0.0,0.0,0.0,V
89.627,stepper_x,,20,,0,0.0,0.0,0.0,0.0,V
89.627,stepper_y,,20,,0,0.0,0.0,0.0,0.0,V
89.627,stepper_y1,,20,,0,0.0,0.0,0.0,0.0,V
89.647,stepper_x,,20,,0,0.0,0.0,0.0,0.0,V
89.647,stepper_y,,20,,0,0.0,0.0,0.0,0.0,V
89.647,stepper_y1,,20,,0,0.0,0.0,0.0,0.0,V
89.667,stepper_x,,20,,0,0.0,0.0,0.0,0.0,V
89.667,stepper_y,,20,,0,0.0,0.0,0.0,0.0,V
89.667,stepper_y1,,20,,0,0.0,0.0,0.0,0.0,V
89.687,stepper_x,,20,,0,0.0,0.0,0.0,0.0,V
89.687,stepper_y,,20,,0,0.0,0.0,0.0,0.0,V
89.687,stepper_y1,,20,,0,0.0,0.0,0.0,0.0,V
89.707,stepper_x,,20,,0,0.0,0.0,0.0,0.0,V
89.707,stepper_y,,20,,0,0.0,0.0,0.0,0.0,V
89.707,stepper_y1,,20,,0,0.0,0.0,0.0,0.0,V
89.728,stepper_x,,20,,0,0.0,0.0,0.0,0.0,V
89.728,stepper_y,,20,,0,0.0,0.0,0.0,0.0,V
89.728,stepper_y1,,20,,0,0.0,0.0,0.0,0.0,V
89.748,stepper_x,,20,,0,0.0,0.0,0.0,0.0,V
89.748,stepper_y,,20,,0,0.0,0.0,0.0,0.0,V
89.748,stepper_y1,,20,,0,0.0,0.0,0.0,0.0,V
89.768,stepper_x,,20,,0,0.0,0.0,0.0,0.0,V
89.768,stepper_y,,20,,0,0.0,0.0,0.0,0.0,V
89.768,stepper_y1,,20,,0,0.0,0.0,0.0,0.0,V
89.788,stepper_x,,20,,0,0.0,0.0,0.0,0.0,V
89.788,stepper_y,,20,,0,0.0,0.0,0.0,0.0,V
89.788,stepper_y1,,20,,0,0.0,0.0,0.0,0.0,V
89.809,stepper_x,,20,,0,0.0,0.0,0.0,0.0,V
89.809,stepper_y,,20,,0,0.0,0.0,0.0,0.0,V
89.809,stepper_y1,,20,,0,0.0,0.0,0.0,0.0,V
89.829,stepper_x,,20,,0,0.0,0.0,0.0,0.0,V
89.829,stepper_y,,20,,0,0.0,0.0,0.0,0.0,V
89.829,stepper_y1,,20,,0,0.0,0.0,0.0,0.0,V
89.849,stepper_x,,20,,0,0.0,0.0,0.0,0.0,V
89.849,stepper_y,,20,,0,0.0,0.0,0.0,0.0,V
89.849,stepper_y1,,20,,0,0.0,0.0,0.0,0.0,V
89.869,stepper_x,,20,,0,0.0,0.0,0.0,0.0,V
89.869,stepper_y,,20,,0,0.0,0.0,0.0,0.0,V
89.869,stepper_y1,,20,,0,0.0,0.0,0.0,0.0,V
89.889,stepper_x,,20,,0,0.0,0.0,0.0,0.0,V
89.889,stepper_y,,20,,0,0.0,0.0,0.0,0.0,V
89.889,stepper_y1,,20,,0,0.0,0.0,0.0,0.0,V
89.91,stepper_x,,20,,0,0.0,0.0,0.0,0.0,V
89.91,stepper_y,,20,,0,0.0,0.0,0.0,0.0,V
89.91,stepper_y1,,20,,0,0.0,0.0,0.0,0.0,V
89.93,stepper_x,,20,,0,0.0,0.0,0.0,0.0,V
89.93,stepper_y,,20,,0,0.0,0.0,0.0,0.0,V
89.93,stepper_y1,,20,,0,0.0,0.0,0.0,0.0,V
89.95,stepper_x,,20,,0,0.0,0.0,0.0,0.0,V
89.95,stepper_y,,20,,0,0.0,0.0,0.0,0.0,V
89.95,stepper_y1,,20,,0,0.0,0.0,0.0,0.0,V
89.97,stepper_x,,20,,0,0.0,0.0,0.0,0.0,V
89.97,stepper_y,,20,,0,0.0,0.0,0.0,0.0,V
89.97,stepper_y1,,20,,0,0.0,0.0,0.0,0.0,V
89.99,stepper_x,,20,,0,0.0,0.0,0.0,0.0,V
89.99,stepper_y,,20,,0,0.0,0.0,0.0,0.0,V
89.99,stepper_y1,,20,,0,0.0,0.0,0.0,0.0,V
90.011,stepper_x,,20,,0,0.0,0.0,0.0,0.0,V
90.011,stepper_y,,20,,0,0.0,0.0,0.0,0.0,V
90.011,stepper_y1,,20,,0,0.0,0.0,0.0,0.0,V
90.032,stepper_x,,20,,0,0.0,0.0,0.0,0.0,V
90.032,stepper_y,,20,,0,0.0,0.0,0.0,0.0,V
90.032,stepper_y1,,20,,0,0.0,0.0,0.0,0.0,V
90.052,stepper_x,,20,,0,0.0,0.0,0.0,0.0,V
90.052,stepper_y,,20,,0,0.0,0.0,0.0,0.0,V
90.052,stepper_y1,,20,,0,0.0,0.0,0.0,0.0,V
90.072,stepper_x,,20,,0,0.0,0.0,0.0,0.0,V
90.072,stepper_y,,20,,0,0.0,0.0,0.0,0.0,V
90.072,stepper_y1,,20,,0,0.0,0.0,0.0,0.0,V
90.092,stepper_x,,20,,0,0.0,0.0,0.0,0.0,V
90.092,stepper_y,,20,,0,0.0,0.0,0.0,0.0,V
90.092,stepper_y1,,20,,0,0.0,0.0,0.0,0.0,V
90.113,stepper_x,,20,,0,0.0,0.0,0.0,0.0,V
90.113,stepper_y,,20,,0,0.0,0.0,0.0,0.0,V
90.113,stepper_y1,,20,,0,0.0,0.0,0.0,0.0,V
90.133,stepper_x,,20,,0,0.0,0.0,0.0,0.0,V
90.133,stepper_y,,20,,0,0.0,0.0,0.0,0.0,V
90.133,stepper_y1,,20,,0,0.0,0.0,0.0,0.0,V
90.153,stepper_x,,20,,0,0.0,0.0,0.0,0.0,V
90.153,stepper_y,,20,,0,0.0,0.0,0.0,0.0,V
90.153,stepper_y1,,20,,0,0.0,0.0,0.0,0.0,V
90.173,stepper_x,,20,,0,0.0,0.0,0.0,0.0,V
90.173,stepper_y,,20,,0,0.0,0.0,0.0,0.0,V
90.173,stepper_y1,,20,,0,0.0,0.0,0.0,0.0,V
90.193,stepper_x,,20,,0,0.0,0.0,0.0,0.0,V
90.193,stepper_y,,20,,0,0.0,0.0,0.0,0.0,V
90.193,stepper_y1,,20,,0,0.0,0.0,0.0,0.0,V
90.214,stepper_x,,20,,0,0.0,0.0,0.0,0.0,V
90.214,stepper_y,,20,,0,0.0,0.0,0.0,0.0,V
90.214,stepper_y1,,20,,0,0.0,0.0,0.0,0.0,V
90.234,stepper_x,,20,,0,0.0,0.0,0.0,0.0,V
90.234,stepper_y,,20,,0,0.0,0.0,0.0,0.0,V
90.234,stepper_y1,,20,,0,0.0,0.0,0.0,0.0,V
90.254,stepper_x,,20,,0,0.0,0.0,0.0,0.0,V
90.254,stepper_y,,20,,0,0.0,0.0,0.0,0.0,V
90.254,stepper_y1,,20,,0,0.0,0.0,0.0,0.0,V
90.274,stepper_x,,20,,0,0.0,0.0,0.0,0.0,V
90.274,stepper_y,,20,,0,0.0,0.0,0.0,0.0,V
90.274,stepper_y1,,20,,0,0.0,0.0,0.0,0.0,V
90.295,stepper_x,,20,,0,0.0,0.0,0.0,0.0,V
90.295,stepper_y,,20,,0,0.0,0.0,0.0,0.0,V
90.295,stepper_y1,,20,,0,0.0,0.0,0.0,0.0,V
90.316,stepper_x,,20,,0,0.0,0.0,0.0,0.0,V
90.316,stepper_y,,20,,0,0.0,0.0,0.0,0.0,V
90.316,stepper_y1,,20,,0,0.0,0.0,0.0,0.0,V
90.336,stepper_x,,20,,0,0.0,0.0,0.0,0.0,V
90.336,stepper_y,,20,,0,0.0,0.0,0.0,0.0,V
90.336,stepper_y1,,20,,0,0.0,0.0,0.0,0.0,V
90.356,stepper_x,,20,,0,0.0,0.0,0.0,0.0,V
90.356,stepper_y,,20,,0,0.0,0.0,0.0,0.0,V
90.356,stepper_y1,,20,,0,0.0,0.0,0.0,0.0,V
90.376,stepper_x,,20,,0,0.0,0.0,0.0,0.0,V
90.376,stepper_y,,20,,0,0.0,0.0,0.0,0.0,V
90.376,stepper_y1,,20,,0,0.0,0.0,0.0,0.0,V
90.397,stepper_x,,20,,0,0.0,0.0,0.0,0.0,V
90.397,stepper_y,,20,,0,0.0,0.0,0.0,0.0,V
90.397,stepper_y1,,20,,0,0.0,0.0,0.0,0.0,V
90.417,stepper_x,,20,,0,0.0,0.0,0.0,0.0,V
90.417,stepper_y,,20,,0,0.0,0.0,0.0,0.0,V
90.417,stepper_y1,,20,,0,0.0,0.0,0.0,0.0,V
90.437,stepper_x,,20,,0,0.0,0.0,0.0,0.0,V
90.437,stepper_y,,20,,0,0.0,0.0,0.0,0.0,V
90.437,stepper_y1,,20,,0,0.0,0.0,0.0,0.0,V
90.457,stepper_x,,20,,0,0.0,0.0,0.0,0.0,V
90.457,stepper_y,,20,,0,0.0,0.0,0.0,0.0,V
90.457,stepper_y1,,20,,0,0.0,0.0,0.0,0.0,V
90.477,stepper_x,,20,,0,0.0,0.0,0.0,0.0,V
90.477,stepper_y,,20,,0,0.0,0.0,0.0,0.0,V
90.477,stepper_y1,,20,,0,0.0,0.0,0.0,0.0,V
90.498,stepper_x,,20,,0,0.0,0.0,0.0,0.0,V
90.498,stepper_y,,20,,0,0.0,0.0,0.0,0.0,V
90.498,stepper_y1,,20,,0,0.0,0.0,0.0,0.0,V
90.518,stepper_x,,20,,0,0.0,0.0,0.0,0.0,V
90.518,stepper_y,,20,,0,0.0,0.0,0.0,0.0,V
90.518,stepper_y1,,20,,0,0.0,0.0,0.0,0.0,V
90.539,stepper_x,,20,,0,0.0,0.0,0.0,0.0,V
90.539,stepper_y,,20,,0,0.0,0.0,0.0,0.0,V
90.539,stepper_y1,,20,,0,0.0,0.0,0.0,0.0,V
90.559,stepper_x,,20,,0,0.0,0.0,0.0,0.0,V
90.559,stepper_y,,20,,0,0.0,0.0,0.0,0.0,V
90.559,stepper_y1,,20,,0,0.0,0.0,0.0,0.0,V
90.58,stepper_x,,20,,0,0.0,0.0,0.0,0.0,V
90.58,stepper_y,,20,,0,0.0,0.0,0.0,0.0,V
90.58,stepper_y1,,20,,0,0.0,0.0,0.0,0.0,V
90.6,stepper_x,,20,,0,0.0,0.0,0.0,0.0,V
90.6,stepper_y,,20,,0,0.0,0.0,0.0,0.0,V
90.6,stepper_y1,,20,,0,0.0,0.0,0.0,0.0,V
90.62,stepper_x,,20,,0,0.0,0.0,0.0,0.0,V
90.62,stepper_y,,20,,0,0.0,0.0,0.0,0.0,V
90.62,stepper_y1,,20,,0,0.0,0.0,0.0,0.0,V
90.64,stepper_x,,20,,0,0.0,0.0,0.0,0.0,V
90.64,stepper_y,,20,,0,0.0,0.0,0.0,0.0,V
90.64,stepper_y1,,20,,0,0.0,0.0,0.0,0.0,V
90.66,stepper_x,,20,,0,0.0,0.0,0.0,0.0,V
90.66,stepper_y,,20,,0,0.0,0.0,0.0,0.0,V
90.66,stepper_y1,,20,,0,0.0,0.0,0.0,0.0,V
90.681,stepper_x,,20,,0,0.0,0.0,0.0,0.0,V
90.681,stepper_y,,20,,0,0.0,0.0,0.0,0.0,V
90.681,stepper_y1,,20,,0,0.0,0.0,0.0,0.0,V
90.701,stepper_x,,20,,0,0.0,0.0,0.0,0.0,V
90.701,stepper_y,,20,,0,0.0,0.0,0.0,0.0,V
90.701,stepper_y1,,20,,0,0.0,0.0,0.0,0.0,V
90.721,stepper_x,,20,,0,0.0,0.0,0.0,0.0,V
90.721,stepper_y,,20,,0,0.0,0.0,0.0,0.0,V
90.721,stepper_y1,,20,,0,0.0,0.0,0.0,0.0,V
90.741,stepper_x,,20,,0,0.0,0.0,0.0,0.0,V
90.741,stepper_y,,20,,0,0.0,0.0,0.0,0.0,V
90.741,stepper_y1,,20,,0,0.0,0.0,0.0,0.0,V
90.761,stepper_x,,20,,0,0.0,0.0,0.0,0.0,V
90.761,stepper_y,,20,,0,0.0,0.0,0.0,0.0,V
90.761,stepper_y1,,20,,0,0.0,0.0,0.0,0.0,V
90.782,stepper_x,,20,,0,0.0,0.0,0.0,0.0,V
90.782,stepper_y,,20,,0,0.0,0.0,0.0,0.0,V
90.782,stepper_y1,,20,,0,0.0,0.0,0.0,0.0,V
90.803,stepper_x,,20,,0,0.0,0.0,0.0,0.0,V
90.803,stepper_y,,20,,0,0.0,0.0,0.0,0.0,V
90.803,stepper_y1,,20,,0,0.0,0.0,0.0,0.0,V
90.823,stepper_x,,20,,0,0.0,0.0,0.0,0.0,V
90.823,stepper_y,,20,,0,0.0,0.0,0.0,0.0,V
90.823,stepper_y1,,20,,0,0.0,0.0,0.0,0.0,V
90.843,stepper_x,,20,,0,0.0,0.0,0.0,0.0,V
90.843,stepper_y,,20,,0,0.0,0.0,0.0,0.0,V
90.843,stepper_y1,,20,,0,0.0,0.0,0.0,0.0,V
90.863,stepper_x,,20,,0,0.0,0.0,0.0,0.0,V
90.863,stepper_y,,20,,0,0.0,0.0,0.0,0.0,V
90.863,stepper_y1,,20,,0,0.0,0.0,0.0,0.0,V
90.884,stepper_x,,20,,0,0.0,0.0,0.0,0.0,V
90.884,stepper_y,,20,,0,0.0,0.0,0.0,0.0,V
90.884,stepper_y1,,20,,0,0.0,0.0,0.0,0.0,V
90.904,stepper_x,,20,,0,0.0,0.0,0.0,0.0,V
90.904,stepper_y,,20,,0,0.0,0.0,0.0,0.0,V
90.904,stepper_y1,,20,,0,0.0,0.0,0.0,0.0,V
90.924,stepper_x,,20,,0,0.0,0.0,0.0,0.0,V
90.924,stepper_y,,20,,0,0.0,0.0,0.0,0.0,V
90.924,stepper_y1,,20,,0,0.0,0.0,0.0,0.0,V
90.944,stepper_x,,20,,0,0.0,0.0,0.0,0.0,V
90.944,stepper_y,,20,,0,0.0,0.0,0.0,0.0,V
90.944,stepper_y1,,20,,0,0.0,0.0,0.0,0.0,V
90.964,stepper_x,,20,,0,0.0,0.0,0.0,0.0,V
90.964,stepper_y,,20,,0,0.0,0.0,0.0,0.0,V
90.964,stepper_y1,,20,,0,0.0,0.0,0.0,0.0,V
90.985,stepper_x,,20,,0,0.0,0.0,0.0,0.0,V
90.985,stepper_y,,20,,0,0.0,0.0,0.0,0.0,V
90.985,stepper_y1,,20,,0,0.0,0.0,0.0,0.0,V
91.005,stepper_x,,20,,0,0.0,0.0,0.0,0.0,V
91.005,stepper_y,,20,,0,0.0,0.0,0.0,0.0,V
91.005,stepper_y1,,20,,0,0.0,0.0,0.0,0.0,V
91.026,stepper_x,,20,,0,0.0,0.0,0.0,0.0,V
91.026,stepper_y,,20,,0,0.0,0.0,0.0,0.0,V
91.026,stepper_y1,,20,,0,0.0,0.0,0.0,0.0,V
91.047,stepper_x,,20,,0,0.0,0.0,0.0,0.0,V
91.047,stepper_y,,20,,0,0.0,0.0,0.0,0.0,V
91.047,stepper_y1,,20,,0,0.0,0.0,0.0,0.0,V
91.067,stepper_x,,20,,0,0.0,0.0,0.0,0.0,V
91.067,stepper_y,,20,,0,0.0,0.0,0.0,0.0,V
91.067,stepper_y1,,20,,0,0.0,0.0,0.0,0.0,V
91.088,stepper_x,,20,,0,0.0,0.0,0.0,0.0,V
91.088,stepper_y,,20,,0,0.0,0.0,0.0,0.0,V
91.088,stepper_y1,,20,,0,0.0,0.0,0.0,0.0,V
91.108,stepper_x,,20,,0,0.0,0.0,0.0,0.0,V
91.108,stepper_y,,20,,0,0.0,0.0,0.0,0.0,V
91.108,stepper_y1,,20,,0,0.0,0.0,0.0,0.0,V
91.128,stepper_x,,20,,0,0.0,0.0,0.0,0.0,V
91.128,stepper_y,,20,,0,0.0,0.0,0.0,0.0,V
91.128,stepper_y1,,20,,0,0.0,0.0,0.0,0.0,V
91.148,stepper_x,,20,,0,0.0,0.0,0.0,0.0,V
91.148,stepper_y,,20,,0,0.0,0.0,0.0,0.0,V
91.148,stepper_y1,,20,,0,0.0,0.0,0.0,0.0,V
91.169,stepper_x,,20,,0,0.0,0.0,0.0,0.0,V
91.169,stepper_y,,20,,0,0.0,0.0,0.0,0.0,V
91.169,stepper_y1,,20,,0,0.0,0.0,0.0,0.0,V
91.189,stepper_x,,20,,0,0.0,0.0,0.0,0.0,V
91.189,stepper_y,,20,,0,0.0,0.0,0.0,0.0,V
91.189,stepper_y1,,20,,0,0.0,0.0,0.0,0.0,V
91.209,stepper_x,,20,,0,0.0,0.0,0.0,0.0,V
91.209,stepper_y,,20,,0,0.0,0.0,0.0,0.0,V
91.209,stepper_y1,,20,,0,0.0,0.0,0.0,0.0,V
91.229,stepper_x,,20,,0,0.0,0.0,0.0,0.0,V
91.229,stepper_y,,20,,0,0.0,0.0,0.0,0.0,V
91.229,stepper_y1,,20,,0,0.0,0.0,0.0,0.0,V
91.249,stepper_x,,20,,0,0.0,0.0,0.0,0.0,V
91.249,stepper_y,,20,,0,0.0,0.0,0.0,0.0,V
91.249,stepper_y1,,20,,0,0.0,0.0,0.0,0.0,V
91.269,stepper_x,,20,,0,0.0,0.0,0.0,0.0,V
91.269,stepper_y,,20,,0,0.0,0.0,0.0,0.0,V
91.269,stepper_y1,,20,,0,0.0,0.0,0.0,0.0,V
91.29,stepper_x,,20,,0,0.0,0.0,0.0,0.0,V
91.29,stepper_y,,20,,0,0.0,0.0,0.0,0.0,V
91.29,stepper_y1,,20,,0,0.0,0.0,0.0,0.0,V
91.31,stepper_x,,20,,0,0.0,0.0,0.0,0.0,V
91.31,stepper_y,,20,,0,0.0,0.0,0.0,0.0,V
91.31,stepper_y1,,20,,0,0.0,0.0,0.0,0.0,V
91.33,stepper_x,,20,,0,0.0,0.0,0.0,0.0,V
91.33,stepper_y,,20,,0,0.0,0.0,0.0,0.0,V
91.33,stepper_y1,,20,,0,0.0,0.0,0.0,0.0,V
91.35,stepper_x,,20,,0,0.0,0.0,0.0,0.0,V
91.35,stepper_y,,20,,0,0.0,0.0,0.0,0.0,V
91.35,stepper_y1,,20,,0,0.0,0.0,0.0,0.0,V
91.371,stepper_x,,20,,0,0.0,0.0,0.0,0.0,V
91.371,stepper_y,,20,,0,0.0,0.0,0.0,0.0,V
91.371,stepper_y1,,20,,0,0.0,0.0,0.0,0.0,V
91.391,stepper_x,,20,,0,0.0,0.0,0.0,0.0,V
91.391,stepper_y,,20,,0,0.0,0.0,0.0,0.0,V
91.391,stepper_y1,,20,,0,0.0,0.0,0.0,0.0,V
91.411,stepper_x,,20,,0,0.0,0.0,0.0,0.0,V
91.411,stepper_y,,20,,0,0.0,0.0,0.0,0.0,V
91.411,stepper_y1,,20,,0,0.0,0.0,0.0,0.0,V
91.431,stepper_x,,20,,0,0.0,0.0,0.0,0.0,V
91.431,stepper_y,,20,,0,0.0,0.0,0.0,0.0,V
91.431,stepper_y1,,20,,0,0.0,0.0,0.0,0.0,V
91.451,stepper_x,,20,,0,0.0,0.0,0.0,0.0,V
91.451,stepper_y,,20,,0,0.0,0.0,0.0,0.0,V
91.451,stepper_y1,,20,,0,0.0,0.0,0.0,0.0,V
91.472,stepper_x,,20,,0,0.0,0.0,0.0,0.0,V
91.472,stepper_y,,20,,0,0.0,0.0,0.0,0.0,V
91.472,stepper_y1,,20,,0,0.0,0.0,0.0,0.0,V
91.492,stepper_x,,20,,0,0.0,0.0,0.0,0.0,V
91.492,stepper_y,,20,,0,0.0,0.0,0.0,0.0,V
91.492,stepper_y1,,20,,0,0.0,0.0,0.0,0.0,V
91.512,stepper_x,,20,,0,0.0,0.0,0.0,0.0,V
91.512,stepper_y,,20,,0,0.0,0.0,0.0,0.0,V
91.512,stepper_y1,,20,,0,0.0,0.0,0.0,0.0,V
91.532,stepper_x,,20,,0,0.0,0.0,0.0,0.0,V
91.532,stepper_y,,20,,0,0.0,0.0,0.0,0.0,V
91.532,stepper_y1,,20,,0,0.0,0.0,0.0,0.0,V
91.552,stepper_x,,20,,0,0.0,0.0,0.0,0.0,V
91.552,stepper_y,,20,,0,0.0,0.0,0.0,0.0,V
91.552,stepper_y1,,20,,0,0.0,0.0,0.0,0.0,V
91.573,stepper_x,,20,,0,0.0,0.0,0.0,0.0,V
91.573,stepper_y,,20,,0,0.0,0.0,0.0,0.0,V
91.573,stepper_y1,,20,,0,0.0,0.0,0.0,0.0,V
91.593,stepper_x,,20,,0,0.0,0.0,0.0,0.0,V
91.593,stepper_y,,20,,0,0.0,0.0,0.0,0.0,V
91.593,stepper_y1,,20,,0,0.0,0.0,0.0,0.0,V
91.613,stepper_x,,20,,0,0.0,0.0,0.0,0.0,V
91.613,stepper_y,,20,,0,0.0,0.0,0.0,0.0,V
91.613,stepper_y1,,20,,0,0.0,0.0,0.0,0.0,V
91.633,stepper_x,,20,,0,0.0,0.0,0.0,0.0,V
91.633,stepper_y,,20,,0,0.0,0.0,0.0,0.0,V
91.633,stepper_y1,,20,,0,0.0,0.0,0.0,0.0,V
91.654,stepper_x,,20,,0,0.0,0.0,0.0,0.0,V
91.654,stepper_y,,20,,0,0.0,0.0,0.0,0.0,V
91.654,stepper_y1,,20,,0,0.0,0.0,0.0,0.0,V
91.674,stepper_x,,20,,0,0.0,0.0,0.0,0.0,V
91.674,stepper_y,,20,,0,0.0,0.0,0.0,0.0,V
91.674,stepper_y1,,20,,0,0.0,0.0,0.0,0.0,V
91.694,stepper_x,,20,,0,0.0,0.0,0.0,0.0,V
91.694,stepper_y,,20,,0,0.0,0.0,0.0,0.0,V
91.694,stepper_y1,,20,,0,0.0,0.0,0.0,0.0,V
91.714,stepper_x,,20,,0,0.0,0.0,0.0,0.0,V
91.714,stepper_y,,20,,0,0.0,0.0,0.0,0.0,V
91.714,stepper_y1,,20,,0,0.0,0.0,0.0,0.0,V
91.734,stepper_x,,20,,0,0.0,0.0,0.0,0.0,V
91.734,stepper_y,,20,,0,0.0,0.0,0.0,0.0,V
91.734,stepper_y1,,20,,0,0.0,0.0,0.0,0.0,V
91.755,stepper_x,,20,,0,0.0,0.0,0.0,0.0,V
91.755,stepper_y,,20,,0,0.0,0.0,0.0,0.0,V
91.755,stepper_y1,,20,,0,0.0,0.0,0.0,0.0,V
91.775,stepper_x,,20,,0,0.0,0.0,0.0,0.0,V
91.775,stepper_y,,20,,0,0.0,0.0,0.0,0.0,V
91.775,stepper_y1,,20,,0,0.0,0.0,0.0,0.0,V
91.796,stepper_x,,20,,0,0.0,0.0,0.0,0.0,V
91.796,stepper_y,,20,,0,0.0,0.0,0.0,0.0,V
91.796,stepper_y1,,20,,0,0.0,0.0,0.0,0.0,V
91.816,stepper_x,,20,,0,0.0,0.0,0.0,0.0,V
91.816,stepper_y,,20,,0,0.0,0.0,0.0,0.0,V
91.816,stepper_y1,,20,,0,0.0,0.0,0.0,0.0,V
91.837,stepper_x,,20,,0,0.0,0.0,0.0,0.0,V
91.837,stepper_y,,20,,0,0.0,0.0,0.0,0.0,V
91.837,stepper_y1,,20,,0,0.0,0.0,0.0,0.0,V
91.857,stepper_x,,20,,0,0.0,0.0,0.0,0.0,V
91.857,stepper_y,,20,,0,0.0,0.0,0.0,0.0,V
91.857,stepper_y1,,20,,0,0.0,0.0,0.0,0.0,V
91.877,stepper_x,,20,,0,0.0,0.0,0.0,0.0,V
91.877,stepper_y,,20,,0,0.0,0.0,0.0,0.0,V
91.877,stepper_y1,,20,,0,0.0,0.0,0.0,0.0,V
91.897,stepper_x,,20,,0,0.0,0.0,0.0,0.0,V
91.897,stepper_y,,20,,0,0.0,0.0,0.0,0.0,V
91.897,stepper_y1,,20,,0,0.0,0.0,0.0,0.0,V
91.917,stepper_x,,20,,0,0.0,0.0,0.0,0.0,V
91.917,stepper_y,,20,,0,0.0,0.0,0.0,0.0,V
91.917,stepper_y1,,20,,0,0.0,0.0,0.0,0.0,V
91.938,stepper_x,,20,,0,0.0,0.0,0.0,0.0,V
91.938,stepper_y,,20,,0,0.0,0.0,0.0,0.0,V
91.938,stepper_y1,,20,,0,0.0,0.0,0.0,0.0,V
91.958,stepper_x,,20,,0,0.0,0.0,0.0,0.0,V
91.958,stepper_y,,20,,0,0.0,0.0,0.0,0.0,V
91.958,stepper_y1,,20,,0,0.0,0.0,0.0,0.0,V
91.978,stepper_x,,20,,0,0.0,0.0,0.0,0.0,V
91.978,stepper_y,,20,,0,0.0,0.0,0.0,0.0,V
91.978,stepper_y1,,20,,0,0.0,0.0,0.0,0.0,V
91.998,stepper_x,,20,,0,0.0,0.0,0.0,0.0,V
91.998,stepper_y,,20,,0,0.0,0.0,0.0,0.0,V
91.998,stepper_y1,,20,,0,0.0,0.0,0.0,0.0,V
92.018,stepper_x,,20,,0,0.0,0.0,0.0,0.0,V
92.018,stepper_y,,20,,0,0.0,0.0,0.0,0.0,V
92.018,stepper_y1,,20,,0,0.0,0.0,0.0,0.0,V
92.04,stepper_x,,20,,0,0.0,0.0,0.0,0.0,V
92.04,stepper_y,,20,,0,0.0,0.0,0.0,0.0,V
92.04,stepper_y1,,20,,0,0.0,0.0,0.0,0.0,V
92.06,stepper_x,,20,,0,0.0,0.0,0.0,0.0,V
92.06,stepper_y,,20,,0,0.0,0.0,0.0,0.0,V
92.06,stepper_y1,,20,,0,0.0,0.0,0.0,0.0,V
92.08,stepper_x,,20,,0,0.0,0.0,0.0,0.0,V
92.08,stepper_y,,20,,0,0.0,0.0,0.0,0.0,V
92.08,stepper_y1,,20,,0,0.0,0.0,0.0,0.0,V
92.1,stepper_x,,20,,0,0.0,0.0,0.0,0.0,V
92.1,stepper_y,,20,,0,0.0,0.0,0.0,0.0,V
92.1,stepper_y1,,20,,0,0.0,0.0,0.0,0.0,V
92.121,stepper_x,,20,,0,0.0,0.0,0.0,0.0,V
92.121,stepper_y,,20,,0,0.0,0.0,0.0,0.0,V
92.121,stepper_y1,,20,,0,0.0,0.0,0.0,0.0,V
92.141,stepper_x,,20,,0,0.0,0.0,0.0,0.0,V
92.141,stepper_y,,20,,0,0.0,0.0,0.0,0.0,V
92.141,stepper_y1,,20,,0,0.0,0.0,0.0,0.0,V
92.161,stepper_x,,20,,0,0.0,0.0,0.0,0.0,V
92.161,stepper_y,,20,,0,0.0,0.0,0.0,0.0,V
92.161,stepper_y1,,20,,0,0.0,0.0,0.0,0.0,V
92.181,stepper_x,,20,,0,0.0,0.0,0.0,0.0,V
92.181,stepper_y,,20,,0,0.0,0.0,0.0,0.0,V
92.181,stepper_y1,,20,,0,0.0,0.0,0.0,0.0,V
92.201,stepper_x,,20,,0,0.0,0.0,0.0,0.0,V
92.201,stepper_y,,20,,0,0.0,0.0,0.0,0.0,V
92.201,stepper_y1,,20,,0,0.0,0.0,0.0,0.0,V
92.222,stepper_x,,20,,0,0.0,0.0,0.0,0.0,V
92.222,stepper_y,,20,,0,0.0,0.0,0.0,0.0,V
92.222,stepper_y1,,20,,0,0.0,0.0,0.0,0.0,V
92.242,stepper_x,,20,,0,0.0,0.0,0.0,0.0,V
92.242,stepper_y,,20,,0,0.0,0.0,0.0,0.0,V
92.242,stepper_y1,,20,,0,0.0,0.0,0.0,0.0,V
92.262,stepper_x,,20,,0,0.0,0.0,0.0,0.0,V
92.262,stepper_y,,20,,0,0.0,0.0,0.0,0.0,V
92.262,stepper_y1,,20,,0,0.0,0.0,0.0,0.0,V
92.282,stepper_x,,20,,0,0.0,0.0,0.0,0.0,V
92.282,stepper_y,,20,,0,0.0,0.0,0.0,0.0,V
92.282,stepper_y1,,20,,0,0.0,0.0,0.0,0.0,V
92.302,stepper_x,,20,,0,0.0,0.0,0.0,0.0,V
92.302,stepper_y,,20,,0,0.0,0.0,0.0,0.0,V
92.302,stepper_y1,,20,,0,0.0,0.0,0.0,0.0,V
92.323,stepper_x,,20,,0,0.0,0.0,0.0,0.0,V
92.323,stepper_y,,20,,0,0.0,0.0,0.0,0.0,V
92.323,stepper_y1,,20,,0,0.0,0.0,0.0,0.0,V
92.343,stepper_x,,20,,0,0.0,0.0,0.0,0.0,V
92.343,stepper_y,,20,,0,0.0,0.0,0.0,0.0,V
92.343,stepper_y1,,20,,0,0.0,0.0,0.0,0.0,V
92.363,stepper_x,,20,,0,0.0,0.0,0.0,0.0,V
92.363,stepper_y,,20,,0,0.0,0.0,0.0,0.0,V
92.363,stepper_y1,,20,,0,0.0,0.0,0.0,0.0,V
92.383,stepper_x,,20,,0,0.0,0.0,0.0,0.0,V
92.383,stepper_y,,20,,0,0.0,0.0,0.0,0.0,V
92.383,stepper_y1,,20,,0,0.0,0.0,0.0,0.0,V
92.403,stepper_x,,20,,0,0.0,0.0,0.0,0.0,V
92.403,stepper_y,,20,,0,0.0,0.0,0.0,0.0,V
92.403,stepper_y1,,20,,0,0.0,0.0,0.0,0.0,V
92.424,stepper_x,,20,,0,0.0,0.0,0.0,0.0,V
92.424,stepper_y,,20,,0,0.0,0.0,0.0,0.0,V
92.424,stepper_y1,,20,,0,0.0,0.0,0.0,0.0,V
92.444,stepper_x,,20,,0,0.0,0.0,0.0,0.0,V
92.444,stepper_y,,20,,0,0.0,0.0,0.0,0.0,V
92.444,stepper_y1,,20,,0,0.0,0.0,0.0,0.0,V
92.464,stepper_x,,20,,0,0.0,0.0,0.0,0.0,V
92.464,stepper_y,,20,,0,0.0,0.0,0.0,0.0,V
92.464,stepper_y1,,20,,0,0.0,0.0,0.0,0.0,V
92.484,stepper_x,,20,,0,0.0,0.0,0.0,0.0,V
92.484,stepper_y,,20,,0,0.0,0.0,0.0,0.0,V
92.484,stepper_y1,,20,,0,0.0,0.0,0.0,0.0,V
92.504,stepper_x,,20,,0,0.0,0.0,0.0,0.0,V
92.504,stepper_y,,20,,0,0.0,0.0,0.0,0.0,V
92.504,stepper_y1,,20,,0,0.0,0.0,0.0,0.0,V
92.525,stepper_x,,20,,0,0.0,0.0,0.0,0.0,V
92.525,stepper_y,,20,,0,0.0,0.0,0.0,0.0,V
92.525,stepper_y1,,20,,0,0.0,0.0,0.0,0.0,V
92.546,stepper_x,,20,,0,0.0,0.0,0.0,0.0,V
92.546,stepper_y,,20,,0,0.0,0.0,0.0,0.0,V
92.546,stepper_y1,,20,,0,0.0,0.0,0.0,0.0,V
92.566,stepper_x,,20,,0,0.0,0.0,0.0,0.0,V
92.566,stepper_y,,20,,0,0.0,0.0,0.0,0.0,V
92.566,stepper_y1,,20,,0,0.0,0.0,0.0,0.0,V
92.586,stepper_x,,20,,0,0.0,0.0,0.0,0.0,V
92.586,stepper_y,,20,,0,0.0,0.0,0.0,0.0,V
92.586,stepper_y1,,20,,0,0.0,0.0,0.0,0.0,V
92.606,stepper_x,,20,,0,0.0,0.0,0.0,0.0,V
92.606,stepper_y,,20,,0,0.0,0.0,0.0,0.0,V
92.606,stepper_y1,,20,,0,0.0,0.0,0.0,0.0,V
92.627,stepper_x,,20,,0,0.0,0.0,0.0,0.0,V
92.627,stepper_y,,20,,0,0.0,0.0,0.0,0.0,V
92.627,stepper_y1,,20,,0,0.0,0.0,0.0,0.0,V
92.647,stepper_x,,20,,0,0.0,0.0,0.0,0.0,V
92.647,stepper_y,,20,,0,0.0,0.0,0.0,0.0,V
92.647,stepper_y1,,20,,0,0.0,0.0,0.0,0.0,V
92.667,stepper_x,,20,,0,0.0,0.0,0.0,0.0,V
92.667,stepper_y,,20,,0,0.0,0.0,0.0,0.0,V
92.667,stepper_y1,,20,,0,0.0,0.0,0.0,0.0,V
92.687,stepper_x,,20,,0,0.0,0.0,0.0,0.0,V
92.687,stepper_y,,20,,0,0.0,0.0,0.0,0.0,V
92.687,stepper_y1,,20,,0,0.0,0.0,0.0,0.0,V
92.707,stepper_x,,20,,0,0.0,0.0,0.0,0.0,V
92.707,stepper_y,,20,,0,0.0,0.0,0.0,0.0,V
92.707,stepper_y1,,20,,0,0.0,0.0,0.0,0.0,V
92.728,stepper_x,,20,,0,0.0,0.0,0.0,0.0,V
92.728,stepper_y,,20,,0,0.0,0.0,0.0,0.0,V
92.728,stepper_y1,,20,,0,0.0,0.0,0.0,0.0,V
92.748,stepper_x,,20,,0,0.0,0.0,0.0,0.0,V
92.748,stepper_y,,20,,0,0.0,0.0,0.0,0.0,V
92.748,stepper_y1,,20,,0,0.0,0.0,0.0,0.0,V
92.768,stepper_x,,20,,0,0.0,0.0,0.0,0.0,V
92.768,stepper_y,,20,,0,0.0,0.0,0.0,0.0,V
92.768,stepper_y1,,20,,0,0.0,0.0,0.0,0.0,V
92.789,stepper_x,,20,,0,0.0,0.0,0.0,0.0,V
92.789,stepper_y,,20,,0,0.0,0.0,0.0,0.0,V
92.789,stepper_y1,,20,,0,0.0,0.0,0.0,0.0,V
92.809,stepper_x,,20,,0,0.0,0.0,0.0,0.0,V
92.809,stepper_y,,20,,0,0.0,0.0,0.0,0.0,V
92.809,stepper_y1,,20,,0,0.0,0.0,0.0,0.0,V
92.83,stepper_x,,20,,0,0.0,0.0,0.0,0.0,V
92.83,stepper_y,,20,,0,0.0,0.0,0.0,0.0,V
92.83,stepper_y1,,20,,0,0.0,0.0,0.0,0.0,V
92.85,stepper_x,,20,,0,0.0,0.0,0.0,0.0,V
92.85,stepper_y,,20,,0,0.0,0.0,0.0,0.0,V
92.85,stepper_y1,,20,,0,0.0,0.0,0.0,0.0,V
92.87,stepper_x,,20,,0,0.0,0.0,0.0,0.0,V
92.87,stepper_y,,20,,0,0.0,0.0,0.0,0.0,V
92.87,stepper_y1,,20,,0,0.0,0.0,0.0,0.0,V
92.89,stepper_x,,20,,0,0.0,0.0,0.0,0.0,V
92.89,stepper_y,,20,,0,0.0,0.0,0.0,0.0,V
92.89,stepper_y1,,20,,0,0.0,0.0,0.0,0.0,V
92.91,stepper_x,,20,,0,0.0,0.0,0.0,0.0,V
92.91,stepper_y,,20,,0,0.0,0.0,0.0,0.0,V
92.91,stepper_y1,,20,,0,0.0,0.0,0.0,0.0,V
92.931,stepper_x,,20,,0,0.0,0.0,0.0,0.0,V
92.931,stepper_y,,20,,0,0.0,0.0,0.0,0.0,V
92.931,stepper_y1,,20,,0,0.0,0.0,0.0,0.0,V
92.951,stepper_x,,20,,0,0.0,0.0,0.0,0.0,V
92.951,stepper_y,,20,,0,0.0,0.0,0.0,0.0,V
92.951,stepper_y1,,20,,0,0.0,0.0,0.0,0.0,V
92.971,stepper_x,,20,,0,0.0,0.0,0.0,0.0,V
92.971,stepper_y,,20,,0,0.0,0.0,0.0,0.0,V
92.971,stepper_y1,,20,,0,0.0,0.0,0.0,0.0,V
92.991,stepper_x,,20,,0,0.0,0.0,0.0,0.0,V
92.991,stepper_y,,20,,0,0.0,0.0,0.0,0.0,V
92.991,stepper_y1,,20,,0,0.0,0.0,0.0,0.0,V
93.012,stepper_x,,20,,0,0.0,0.0,0.0,0.0,V
93.012,stepper_y,,20,,0,0.0,0.0,0.0,0.0,V
93.012,stepper_y1,,20,,0,0.0,0.0,0.0,0.0,V
93.033,stepper_x,,20,,0,0.0,0.0,0.0,0.0,V
93.033,stepper_y,,20,,0,0.0,0.0,0.0,0.0,V
93.033,stepper_y1,,20,,0,0.0,0.0,0.0,0.0,V
93.053,stepper_x,,20,,0,0.0,0.0,0.0,0.0,V
93.053,stepper_y,,20,,0,0.0,0.0,0.0,0.0,V
93.053,stepper_y1,,20,,0,0.0,0.0,0.0,0.0,V
93.073,stepper_x,,20,,0,0.0,0.0,0.0,0.0,V
93.073,stepper_y,,20,,0,0.0,0.0,0.0,0.0,V
93.073,stepper_y1,,20,,0,0.0,0.0,0.0,0.0,V
93.093,stepper_x,,20,,0,0.0,0.0,0.0,0.0,V
93.093,stepper_y,,20,,0,0.0,0.0,0.0,0.0,V
93.093,stepper_y1,,20,,0,0.0,0.0,0.0,0.0,V
93.113,stepper_x,,20,,0,0.0,0.0,0.0,0.0,V
93.113,stepper_y,,20,,0,0.0,0.0,0.0,0.0,V
93.113,stepper_y1,,20,,0,0.0,0.0,0.0,0.0,V
93.134,stepper_x,,20,,0,0.0,0.0,0.0,0.0,V
93.134,stepper_y,,20,,0,0.0,0.0,0.0,0.0,V
93.134,stepper_y1,,20,,0,0.0,0.0,0.0,0.0,V
93.154,stepper_x,,20,,0,0.0,0.0,0.0,0.0,V
93.154,stepper_y,,20,,0,0.0,0.0,0.0,0.0,V
93.154,stepper_y1,,20,,0,0.0,0.0,0.0,0.0,V
93.174,stepper_x,,20,,0,0.0,0.0,0.0,0.0,V
93.174,stepper_y,,20,,0,0.0,0.0,0.0,0.0,V
93.174,stepper_y1,,20,,0,0.0,0.0,0.0,0.0,V
93.194,stepper_x,,20,,0,0.0,0.0,0.0,0.0,V
93.194,stepper_y,,20,,0,0.0,0.0,0.0,0.0,V
93.194,stepper_y1,,20,,0,0.0,0.0,0.0,0.0,V
93.214,stepper_x,,20,,0,0.0,0.0,0.0,0.0,V
93.214,stepper_y,,20,,0,0.0,0.0,0.0,0.0,V
93.214,stepper_y1,,20,,0,0.0,0.0,0.0,0.0,V
93.235,stepper_x,,20,,0,0.0,0.0,0.0,0.0,V
93.235,stepper_y,,20,,0,0.0,0.0,0.0,0.0,V
93.235,stepper_y1,,20,,0,0.0,0.0,0.0,0.0,V
93.255,stepper_x,,20,,0,0.0,0.0,0.0,0.0,V
93.255,stepper_y,,20,,0,0.0,0.0,0.0,0.0,V
93.255,stepper_y1,,20,,0,0.0,0.0,0.0,0.0,V
93.275,stepper_x,,20,,0,0.0,0.0,0.0,0.0,V
93.275,stepper_y,,20,,0,0.0,0.0,0.0,0.0,V
93.275,stepper_y1,,20,,0,0.0,0.0,0.0,0.0,V
93.295,stepper_x,,20,,0,0.0,0.0,0.0,0.0,V
93.295,stepper_y,,20,,0,0.0,0.0,0.0,0.0,V
93.295,stepper_y1,,20,,0,0.0,0.0,0.0,0.0,V
93.315,stepper_x,,20,,0,0.0,0.0,0.0,0.0,V
93.315,stepper_y,,20,,0,0.0,0.0,0.0,0.0,V
93.315,stepper_y1,,20,,0,0.0,0.0,0.0,0.0,V
93.336,stepper_x,,20,,0,0.0,0.0,0.0,0.0,V
93.336,stepper_y,,20,,0,0.0,0.0,0.0,0.0,V
93.336,stepper_y1,,20,,0,0.0,0.0,0.0,0.0,V
93.356,stepper_x,,20,,0,0.0,0.0,0.0,0.0,V
93.356,stepper_y,,20,,0,0.0,0.0,0.0,0.0,V
93.356,stepper_y1,,20,,0,0.0,0.0,0.0,0.0,V
93.376,stepper_x,,20,,0,0.0,0.0,0.0,0.0,V
93.376,stepper_y,,20,,0,0.0,0.0,0.0,0.0,V
93.376,stepper_y1,,20,,0,0.0,0.0,0.0,0.0,V
93.396,stepper_x,,20,,0,0.0,0.0,0.0,0.0,V
93.396,stepper_y,,20,,0,0.0,0.0,0.0,0.0,V
93.396,stepper_y1,,20,,0,0.0,0.0,0.0,0.0,V
93.417,stepper_x,,20,,0,0.0,0.0,0.0,0.0,V
93.417,stepper_y,,20,,0,0.0,0.0,0.0,0.0,V
93.417,stepper_y1,,20,,0,0.0,0.0,0.0,0.0,V
93.437,stepper_x,,20,,0,0.0,0.0,0.0,0.0,V
93.437,stepper_y,,20,,0,0.0,0.0,0.0,0.0,V
93.437,stepper_y1,,20,,0,0.0,0.0,0.0,0.0,V
93.457,stepper_x,,20,,0,0.0,0.0,0.0,0.0,V
93.457,stepper_y,,20,,0,0.0,0.0,0.0,0.0,V
93.457,stepper_y1,,20,,0,0.0,0.0,0.0,0.0,V
93.477,stepper_x,,20,,0,0.0,0.0,0.0,0.0,V
93.477,stepper_y,,20,,0,0.0,0.0,0.0,0.0,V
93.477,stepper_y1,,20,,0,0.0,0.0,0.0,0.0,V
93.497,stepper_x,,20,,0,0.0,0.0,0.0,0.0,V
93.497,stepper_y,,20,,0,0.0,0.0,0.0,0.0,V
93.497,stepper_y1,,20,,0,0.0,0.0,0.0,0.0,V
93.518,stepper_x,,20,,0,0.0,0.0,0.0,0.0,V
93.518,stepper_y,,20,,0,0.0,0.0,0.0,0.0,V
93.518,stepper_y1,,20,,0,0.0,0.0,0.0,0.0,V
93.539,stepper_x,,20,,0,0.0,0.0,0.0,0.0,V
93.539,stepper_y,,20,,0,0.0,0.0,0.0,0.0,V
93.539,stepper_y1,,20,,0,0.0,0.0,0.0,0.0,V
93.559,stepper_x,,20,,0,0.0,0.0,0.0,0.0,V
93.559,stepper_y,,20,,0,0.0,0.0,0.0,0.0,V
93.559,stepper_y1,,20,,0,0.0,0.0,0.0,0.0,V
93.579,stepper_x,,20,,0,0.0,0.0,0.0,0.0,V
93.579,stepper_y,,20,,0,0.0,0.0,0.0,0.0,V
93.579,stepper_y1,,20,,0,0.0,0.0,0.0,0.0,V
93.599,stepper_x,,20,,0,0.0,0.0,0.0,0.0,V
93.599,stepper_y,,20,,0,0.0,0.0,0.0,0.0,V
93.599,stepper_y1,,20,,0,0.0,0.0,0.0,0.0,V
93.62,stepper_x,,20,,0,0.0,0.0,0.0,0.0,V
93.62,stepper_y,,20,,0,0.0,0.0,0.0,0.0,V
93.62,stepper_y1,,20,,0,0.0,0.0,0.0,0.0,V
93.64,stepper_x,,20,,0,0.0,0.0,0.0,0.0,V
93.64,stepper_y,,20,,0,0.0,0.0,0.0,0.0,V
93.64,stepper_y1,,20,,0,0.0,0.0,0.0,0.0,V
93.66,stepper_x,,20,,0,0.0,0.0,0.0,0.0,V
93.66,stepper_y,,20,,0,0.0,0.0,0.0,0.0,V
93.66,stepper_y1,,20,,0,0.0,0.0,0.0,0.0,V
93.68,stepper_x,,20,,0,0.0,0.0,0.0,0.0,V
93.68,stepper_y,,20,,0,0.0,0.0,0.0,0.0,V
93.68,stepper_y1,,20,,0,0.0,0.0,0.0,0.0,V
93.7,stepper_x,,20,,0,0.0,0.0,0.0,0.0,V
93.7,stepper_y,,20,,0,0.0,0.0,0.0,0.0,V
93.7,stepper_y1,,20,,0,0.0,0.0,0.0,0.0,V
93.721,stepper_x,,20,,0,0.0,0.0,0.0,0.0,V
93.721,stepper_y,,20,,0,0.0,0.0,0.0,0.0,V
93.721,stepper_y1,,20,,0,0.0,0.0,0.0,0.0,V
93.741,stepper_x,,20,,0,0.0,0.0,0.0,0.0,V
93.741,stepper_y,,20,,0,0.0,0.0,0.0,0.0,V
93.741,stepper_y1,,20,,0,0.0,0.0,0.0,0.0,V
93.761,stepper_x,,20,,0,0.0,0.0,0.0,0.0,V
93.761,stepper_y,,20,,0,0.0,0.0,0.0,0.0,V
93.761,stepper_y1,,20,,0,0.0,0.0,0.0,0.0,V
93.781,stepper_x,,20,,0,0.0,0.0,0.0,0.0,V
93.781,stepper_y,,20,,0,0.0,0.0,0.0,0.0,V
93.781,stepper_y1,,20,,0,0.0,0.0,0.0,0.0,V
93.802,stepper_x,,20,,0,0.0,0.0,0.0,0.0,V
93.802,stepper_y,,20,,0,0.0,0.0,0.0,0.0,V
93.802,stepper_y1,,20,,0,0.0,0.0,0.0,0.0,V
93.823,stepper_x,,20,,0,0.0,0.0,0.0,0.0,V
93.823,stepper_y,,20,,0,0.0,0.0,0.0,0.0,V
93.823,stepper_y1,,20,,0,0.0,0.0,0.0,0.0,V
93.843,stepper_x,,20,,0,0.0,0.0,0.0,0.0,V
93.843,stepper_y,,20,,0,0.0,0.0,0.0,0.0,V
93.843,stepper_y1,,20,,0,0.0,0.0,0.0,0.0,V
93.863,stepper_x,,20,,0,0.0,0.0,0.0,0.0,V
93.863,stepper_y,,20,,0,0.0,0.0,0.0,0.0,V
93.863,stepper_y1,,20,,0,0.0,0.0,0.0,0.0,V
93.883,stepper_x,,20,,0,0.0,0.0,0.0,0.0,V
93.883,stepper_y,,20,,0,0.0,0.0,0.0,0.0,V
93.883,stepper_y1,,20,,0,0.0,0.0,0.0,0.0,V
93.903,stepper_x,,20,,0,0.0,0.0,0.0,0.0,V
93.903,stepper_y,,20,,0,0.0,0.0,0.0,0.0,V
93.903,stepper_y1,,20,,0,0.0,0.0,0.0,0.0,V
93.924,stepper_x,,20,,0,0.0,0.0,0.0,0.0,V
93.924,stepper_y,,20,,0,0.0,0.0,0.0,0.0,V
93.924,stepper_y1,,20,,0,0.0,0.0,0.0,0.0,V
93.944,stepper_x,,20,,0,0.0,0.0,0.0,0.0,V
93.944,stepper_y,,20,,0,0.0,0.0,0.0,0.0,V
93.944,stepper_y1,,20,,0,0.0,0.0,0.0,0.0,V
93.964,stepper_x,,20,,0,0.0,0.0,0.0,0.0,V
93.964,stepper_y,,20,,0,0.0,0.0,0.0,0.0,V
93.964,stepper_y1,,20,,0,0.0,0.0,0.0,0.0,V
93.984,stepper_x,,20,,0,0.0,0.0,0.0,0.0,V
93.984,stepper_y,,20,,0,0.0,0.0,0.0,0.0,V
93.984,stepper_y1,,20,,0,0.0,0.0,0.0,0.0,V
94.005,stepper_x,,20,,0,0.0,0.0,0.0,0.0,V
94.005,stepper_y,,20,,0,0.0,0.0,0.0,0.0,V
94.005,stepper_y1,,20,,0,0.0,0.0,0.0,0.0,V
94.026,stepper_x,,20,,0,0.0,0.0,0.0,0.0,V
94.026,stepper_y,,20,,0,0.0,0.0,0.0,0.0,V
94.026,stepper_y1,,20,,0,0.0,0.0,0.0,0.0,V
94.047,stepper_x,,20,,0,0.0,0.0,0.0,0.0,V
94.047,stepper_y,,20,,0,0.0,0.0,0.0,0.0,V
94.047,stepper_y1,,20,,0,0.0,0.0,0.0,0.0,V
94.067,stepper_x,,20,,0,0.0,0.0,0.0,0.0,V
94.067,stepper_y,,20,,0,0.0,0.0,0.0,0.0,V
94.067,stepper_y1,,20,,0,0.0,0.0,0.0,0.0,V
94.087,stepper_x,,20,,0,0.0,0.0,0.0,0.0,V
94.087,stepper_y,,20,,0,0.0,0.0,0.0,0.0,V
94.087,stepper_y1,,20,,0,0.0,0.0,0.0,0.0,V
94.108,stepper_x,,20,,0,0.0,0.0,0.0,0.0,V
94.108,stepper_y,,20,,0,0.0,0.0,0.0,0.0,V
94.108,stepper_y1,,20,,0,0.0,0.0,0.0,0.0,V
94.128,stepper_x,,20,,0,0.0,0.0,0.0,0.0,V
94.128,stepper_y,,20,,0,0.0,0.0,0.0,0.0,V
94.128,stepper_y1,,20,,0,0.0,0.0,0.0,0.0,V
94.148,stepper_x,,20,,0,0.0,0.0,0.0,0.0,V
94.148,stepper_y,,20,,0,0.0,0.0,0.0,0.0,V
94.148,stepper_y1,,20,,0,0.0,0.0,0.0,0.0,V
94.168,stepper_x,,20,,0,0.0,0.0,0.0,0.0,V
94.168,stepper_y,,20,,0,0.0,0.0,0.0,0.0,V
94.168,stepper_y1,,20,,0,0.0,0.0,0.0,0.0,V
94.188,stepper_x,,20,,0,0.0,0.0,0.0,0.0,V
94.188,stepper_y,,20,,0,0.0,0.0,0.0,0.0,V
94.188,stepper_y1,,20,,0,0.0,0.0,0.0,0.0,V
94.209,stepper_x,,20,,0,0.0,0.0,0.0,0.0,V
94.209,stepper_y,,20,,0,0.0,0.0,0.0,0.0,V
94.209,stepper_y1,,20,,0,0.0,0.0,0.0,0.0,V
94.229,stepper_x,,20,,0,0.0,0.0,0.0,0.0,V
94.229,stepper_y,,20,,0,0.0,0.0,0.0,0.0,V
94.229,stepper_y1,,20,,0,0.0,0.0,0.0,0.0,V
94.249,stepper_x,,20,,0,0.0,0.0,0.0,0.0,V
94.249,stepper_y,,20,,0,0.0,0.0,0.0,0.0,V
94.249,stepper_y1,,20,,0,0.0,0.0,0.0,0.0,V
94.269,stepper_x,,20,,0,0.0,0.0,0.0,0.0,V
94.269,stepper_y,,20,,0,0.0,0.0,0.0,0.0,V
94.269,stepper_y1,,20,,0,0.0,0.0,0.0,0.0,V
94.29,stepper_x,,20,,0,0.0,0.0,0.0,0.0,V
94.29,stepper_y,,20,,0,0.0,0.0,0.0,0.0,V
94.29,stepper_y1,,20,,0,0.0,0.0,0.0,0.0,V
94.311,stepper_x,,20,,0,0.0,0.0,0.0,0.0,V
94.311,stepper_y,,20,,0,0.0,0.0,0.0,0.0,V
94.311,stepper_y1,,20,,0,0.0,0.0,0.0,0.0,V
94.331,stepper_x,,20,,0,0.0,0.0,0.0,0.0,V
94.331,stepper_y,,20,,0,0.0,0.0,0.0,0.0,V
94.331,stepper_y1,,20,,0,0.0,0.0,0.0,0.0,V
94.351,stepper_x,,20,,0,0.0,0.0,0.0,0.0,V
94.351,stepper_y,,20,,0,0.0,0.0,0.0,0.0,V
94.351,stepper_y1,,20,,0,0.0,0.0,0.0,0.0,V
94.371,stepper_x,,20,,0,0.0,0.0,0.0,0.0,V
94.371,stepper_y,,20,,0,0.0,0.0,0.0,0.0,V
94.371,stepper_y1,,20,,0,0.0,0.0,0.0,0.0,V
94.391,stepper_x,,20,,0,0.0,0.0,0.0,0.0,V
94.391,stepper_y,,20,,0,0.0,0.0,0.0,0.0,V
94.391,stepper_y1,,20,,0,0.0,0.0,0.0,0.0,V
94.412,stepper_x,,20,,0,0.0,0.0,0.0,0.0,V
94.412,stepper_y,,20,,0,0.0,0.0,0.0,0.0,V
94.412,stepper_y1,,20,,0,0.0,0.0,0.0,0.0,V
94.432,stepper_x,,20,,0,0.0,0.0,0.0,0.0,V
94.432,stepper_y,,20,,0,0.0,0.0,0.0,0.0,V
94.432,stepper_y1,,20,,0,0.0,0.0,0.0,0.0,V
94.452,stepper_x,,20,,0,0.0,0.0,0.0,0.0,V
94.452,stepper_y,,20,,0,0.0,0.0,0.0,0.0,V
94.452,stepper_y1,,20,,0,0.0,0.0,0.0,0.0,V
94.472,stepper_x,,20,,0,0.0,0.0,0.0,0.0,V
94.472,stepper_y,,20,,0,0.0,0.0,0.0,0.0,V
94.472,stepper_y1,,20,,0,0.0,0.0,0.0,0.0,V
94.492,stepper_x,,20,,0,0.0,0.0,0.0,0.0,V
94.492,stepper_y,,20,,0,0.0,0.0,0.0,0.0,V
94.492,stepper_y1,,20,,0,0.0,0.0,0.0,0.0,V
94.513,stepper_x,,20,,0,0.0,0.0,0.0,0.0,V
94.513,stepper_y,,20,,0,0.0,0.0,0.0,0.0,V
94.513,stepper_y1,,20,,0,0.0,0.0,0.0,0.0,V
94.533,stepper_x,,20,,0,0.0,0.0,0.0,0.0,V
94.533,stepper_y,,20,,0,0.0,0.0,0.0,0.0,V
94.533,stepper_y1,,20,,0,0.0,0.0,0.0,0.0,V
94.554,stepper_x,,20,,0,0.0,0.0,0.0,0.0,V
94.554,stepper_y,,20,,0,0.0,0.0,0.0,0.0,V
94.554,stepper_y1,,20,,0,0.0,0.0,0.0,0.0,V
94.574,stepper_x,,20,,0,0.0,0.0,0.0,0.0,V
94.574,stepper_y,,20,,0,0.0,0.0,0.0,0.0,V
94.574,stepper_y1,,20,,0,0.0,0.0,0.0,0.0,V
94.594,stepper_x,,20,,0,0.0,0.0,0.0,0.0,V
94.594,stepper_y,,20,,0,0.0,0.0,0.0,0.0,V
94.594,stepper_y1,,20,,0,0.0,0.0,0.0,0.0,V
94.615,stepper_x,,20,,0,0.0,0.0,0.0,0.0,V
94.615,stepper_y,,20,,0,0.0,0.0,0.0,0.0,V
94.615,stepper_y1,,20,,0,0.0,0.0,0.0,0.0,V
94.635,stepper_x,,20,,0,0.0,0.0,0.0,0.0,V
94.635,stepper_y,,20,,0,0.0,0.0,0.0,0.0,V
94.635,stepper_y1,,20,,0,0.0,0.0,0.0,0.0,V
94.655,stepper_x,,20,,0,0.0,0.0,0.0,0.0,V
94.655,stepper_y,,20,,0,0.0,0.0,0.0,0.0,V
94.655,stepper_y1,,20,,0,0.0,0.0,0.0,0.0,V
94.676,stepper_x,,20,,0,0.0,0.0,0.0,0.0,V
94.676,stepper_y,,20,,0,0.0,0.0,0.0,0.0,V
94.676,stepper_y1,,20,,0,0.0,0.0,0.0,0.0,V
94.696,stepper_x,,20,,0,0.0,0.0,0.0,0.0,V
94.696,stepper_y,,20,,0,0.0,0.0,0.0,0.0,V
94.696,stepper_y1,,20,,0,0.0,0.0,0.0,0.0,V
94.716,stepper_x,,20,,0,0.0,0.0,0.0,0.0,V
94.716,stepper_y,,20,,0,0.0,0.0,0.0,0.0,V
94.716,stepper_y1,,20,,0,0.0,0.0,0.0,0.0,V
94.736,stepper_x,,20,,0,0.0,0.0,0.0,0.0,V
94.736,stepper_y,,20,,0,0.0,0.0,0.0,0.0,V
94.736,stepper_y1,,20,,0,0.0,0.0,0.0,0.0,V
94.756,stepper_x,,20,,0,0.0,0.0,0.0,0.0,V
94.756,stepper_y,,20,,0,0.0,0.0,0.0,0.0,V
94.756,stepper_y1,,20,,0,0.0,0.0,0.0,0.0,V
94.777,stepper_x,,20,,0,0.0,0.0,0.0,0.0,V
94.777,stepper_y,,20,,0,0.0,0.0,0.0,0.0,V
94.777,stepper_y1,,20,,0,0.0,0.0,0.0,0.0,V
94.798,stepper_x,,20,,0,0.0,0.0,0.0,0.0,V
94.798,stepper_y,,20,,0,0.0,0.0,0.0,0.0,V
94.798,stepper_y1,,20,,0,0.0,0.0,0.0,0.0,V
94.818,stepper_x,,20,,0,0.0,0.0,0.0,0.0,V
94.818,stepper_y,,20,,0,0.0,0.0,0.0,0.0,V
94.818,stepper_y1,,20,,0,0.0,0.0,0.0,0.0,V
94.838,stepper_x,,20,,0,0.0,0.0,0.0,0.0,V
94.838,stepper_y,,20,,0,0.0,0.0,0.0,0.0,V
94.838,stepper_y1,,20,,0,0.0,0.0,0.0,0.0,V
94.858,stepper_x,,20,,0,0.0,0.0,0.0,0.0,V
94.858,stepper_y,,20,,0,0.0,0.0,0.0,0.0,V
94.858,stepper_y1,,20,,0,0.0,0.0,0.0,0.0,V
94.879,stepper_x,,20,,0,0.0,0.0,0.0,0.0,V
94.879,stepper_y,,20,,0,0.0,0.0,0.0,0.0,V
94.879,stepper_y1,,20,,0,0.0,0.0,0.0,0.0,V
94.899,stepper_x,,20,,0,0.0,0.0,0.0,0.0,V
94.899,stepper_y,,20,,0,0.0,0.0,0.0,0.0,V
94.899,stepper_y1,,20,,0,0.0,0.0,0.0,0.0,V
94.919,stepper_x,,20,,0,0.0,0.0,0.0,0.0,V
94.919,stepper_y,,20,,0,0.0,0.0,0.0,0.0,V
94.919,stepper_y1,,20,,0,0.0,0.0,0.0,0.0,V
94.939,stepper_x,,20,,0,0.0,0.0,0.0,0.0,V
94.939,stepper_y,,20,,0,0.0,0.0,0.0,0.0,V
94.939,stepper_y1,,20,,0,0.0,0.0,0.0,0.0,V
94.959,stepper_x,,20,,0,0.0,0.0,0.0,0.0,V
94.959,stepper_y,,20,,0,0.0,0.0,0.0,0.0,V
94.959,stepper_y1,,20,,0,0.0,0.0,0.0,0.0,V
94.98,stepper_x,,20,,0,0.0,0.0,0.0,0.0,V
94.98,stepper_y,,20,,0,0.0,0.0,0.0,0.0,V
94.98,stepper_y1,,20,,0,0.0,0.0,0.0,0.0,V
95.0,stepper_x,,20,,0,0.0,0.0,0.0,0.0,V
95.0,stepper_y,,20,,0,0.0,0.0,0.0,0.0,V
95.0,stepper_y1,,20,,0,0.0,0.0,0.0,0.0,V
95.02,stepper_x,,20,,0,0.0,0.0,0.0,0.0,V
95.02,stepper_y,,20,,0,0.0,0.0,0.0,0.0,V
95.02,stepper_y1,,20,,0,0.0,0.0,0.0,0.0,V
95.041,stepper_x,,20,,0,0.0,0.0,0.0,0.0,V
95.041,stepper_y,,20,,0,0.0,0.0,0.0,0.0,V
95.041,stepper_y1,,20,,0,0.0,0.0,0.0,0.0,V
95.061,stepper_x,,20,,0,0.0,0.0,0.0,0.0,V
95.061,stepper_y,,20,,0,0.0,0.0,0.0,0.0,V
95.061,stepper_y1,,20,,0,0.0,0.0,0.0,0.0,V
95.082,stepper_x,,20,,0,0.0,0.0,0.0,0.0,V
95.082,stepper_y,,20,,0,0.0,0.0,0.0,0.0,V
95.082,stepper_y1,,20,,0,0.0,0.0,0.0,0.0,V
95.102,stepper_x,,20,,0,0.0,0.0,0.0,0.0,V
95.102,stepper_y,,20,,0,0.0,0.0,0.0,0.0,V
95.102,stepper_y1,,20,,0,0.0,0.0,0.0,0.0,V
95.122,stepper_x,,20,,0,0.0,0.0,0.0,0.0,V
95.122,stepper_y,,20,,0,0.0,0.0,0.0,0.0,V
95.122,stepper_y1,,20,,0,0.0,0.0,0.0,0.0,V
95.142,stepper_x,,20,,0,0.0,0.0,0.0,0.0,V
95.142,stepper_y,,20,,0,0.0,0.0,0.0,0.0,V
95.142,stepper_y1,,20,,0,0.0,0.0,0.0,0.0,V
95.163,stepper_x,,20,,0,0.0,0.0,0.0,0.0,V
95.163,stepper_y,,20,,0,0.0,0.0,0.0,0.0,V
95.163,stepper_y1,,20,,0,0.0,0.0,0.0,0.0,V
95.183,stepper_x,,20,,0,0.0,0.0,0.0,0.0,V
95.183,stepper_y,,20,,0,0.0,0.0,0.0,0.0,V
95.183,stepper_y1,,20,,0,0.0,0.0,0.0,0.0,V
95.203,stepper_x,,20,,0,0.0,0.0,0.0,0.0,V
95.203,stepper_y,,20,,0,0.0,0.0,0.0,0.0,V
95.203,stepper_y1,,20,,0,0.0,0.0,0.0,0.0,V
95.223,stepper_x,,20,,0,0.0,0.0,0.0,0.0,V
95.223,stepper_y,,20,,0,0.0,0.0,0.0,0.0,V
95.223,stepper_y1,,20,,0,0.0,0.0,0.0,0.0,V
95.244,stepper_x,,20,,0,0.0,0.0,0.0,0.0,V
95.244,stepper_y,,20,,0,0.0,0.0,0.0,0.0,V
95.244,stepper_y1,,20,,0,0.0,0.0,0.0,0.0,V
95.264,stepper_x,,20,,0,0.0,0.0,0.0,0.0,V
95.264,stepper_y,,20,,0,0.0,0.0,0.0,0.0,V
95.264,stepper_y1,,20,,0,0.0,0.0,0.0,0.0,V
95.284,stepper_x,,20,,0,0.0,0.0,0.0,0.0,V
95.284,stepper_y,,20,,0,0.0,0.0,0.0,0.0,V
95.284,stepper_y1,,20,,0,0.0,0.0,0.0,0.0,V
95.305,stepper_x,,20,,0,0.0,0.0,0.0,0.0,V
95.305,stepper_y,,20,,0,0.0,0.0,0.0,0.0,V
95.305,stepper_y1,,20,,0,0.0,0.0,0.0,0.0,V
95.325,stepper_x,,20,,0,0.0,0.0,0.0,0.0,V
95.325,stepper_y,,20,,0,0.0,0.0,0.0,0.0,V
95.325,stepper_y1,,20,,0,0.0,0.0,0.0,0.0,V
95.346,stepper_x,,20,,0,0.0,0.0,0.0,0.0,V
95.346,stepper_y,,20,,0,0.0,0.0,0.0,0.0,V
95.346,stepper_y1,,20,,0,0.0,0.0,0.0,0.0,V
95.366,stepper_x,,20,,0,0.0,0.0,0.0,0.0,V
95.366,stepper_y,,20,,0,0.0,0.0,0.0,0.0,V
95.366,stepper_y1,,20,,0,0.0,0.0,0.0,0.0,V
95.386,stepper_x,,20,,0,0.0,0.0,0.0,0.0,V
95.386,stepper_y,,20,,0,0.0,0.0,0.0,0.0,V
95.386,stepper_y1,,20,,0,0.0,0.0,0.0,0.0,V
95.406,stepper_x,,20,,0,0.0,0.0,0.0,0.0,V
95.406,stepper_y,,20,,0,0.0,0.0,0.0,0.0,V
95.406,stepper_y1,,20,,0,0.0,0.0,0.0,0.0,V
95.426,stepper_x,,20,,0,0.0,0.0,0.0,0.0,V
95.426,stepper_y,,20,,0,0.0,0.0,0.0,0.0,V
95.426,stepper_y1,,20,,0,0.0,0.0,0.0,0.0,V
95.446,stepper_x,,20,,0,0.0,0.0,0.0,0.0,V
95.446,stepper_y,,20,,0,0.0,0.0,0.0,0.0,V
95.446,stepper_y1,,20,,0,0.0,0.0,0.0,0.0,V
95.467,stepper_x,,20,,0,0.0,0.0,0.0,0.0,V
95.467,stepper_y,,20,,0,0.0,0.0,0.0,0.0,V
95.467,stepper_y1,,20,,0,0.0,0.0,0.0,0.0,V
95.487,stepper_x,,20,,0,0.0,0.0,0.0,0.0,V
95.487,stepper_y,,20,,0,0.0,0.0,0.0,0.0,V
95.487,stepper_y1,,20,,0,0.0,0.0,0.0,0.0,V
95.507,stepper_x,,20,,0,0.0,0.0,0.0,0.0,V
95.507,stepper_y,,20,,0,0.0,0.0,0.0,0.0,V
95.507,stepper_y1,,20,,0,0.0,0.0,0.0,0.0,V
95.527,stepper_x,,20,,0,0.0,0.0,0.0,0.0,V
95.527,stepper_y,,20,,0,0.0,0.0,0.0,0.0,V
95.527,stepper_y1,,20,,0,0.0,0.0,0.0,0.0,V
95.548,stepper_x,,20,,0,0.0,0.0,0.0,0.0,V
95.548,stepper_y,,20,,0,0.0,0.0,0.0,0.0,V
95.548,stepper_y1,,20,,0,0.0,0.0,0.0,0.0,V
95.569,stepper_x,,20,,0,0.0,0.0,0.0,0.0,V
95.569,stepper_y,,20,,0,0.0,0.0,0.0,0.0,V
95.569,stepper_y1,,20,,0,0.0,0.0,0.0,0.0,V
95.589,stepper_x,,20,,0,0.0,0.0,0.0,0.0,V
95.589,stepper_y,,20,,0,0.0,0.0,0.0,0.0,V
95.589,stepper_y1,,20,,0,0.0,0.0,0.0,0.0,V
95.609,stepper_x,,20,,0,0.0,0.0,0.0,0.0,V
95.609,stepper_y,,20,,0,0.0,0.0,0.0,0.0,V
95.609,stepper_y1,,20,,0,0.0,0.0,0.0,0.0,V
95.629,stepper_x,,20,,0,0.0,0.0,0.0,0.0,V
95.629,stepper_y,,20,,0,0.0,0.0,0.0,0.0,V
95.629,stepper_y1,,20,,0,0.0,0.0,0.0,0.0,V
95.65,stepper_x,,20,,0,0.0,0.0,0.0,0.0,V
95.65,stepper_y,,20,,0,0.0,0.0,0.0,0.0,V
95.65,stepper_y1,,20,,0,0.0,0.0,0.0,0.0,V
95.67,stepper_x,,20,,0,0.0,0.0,0.0,0.0,V
95.67,stepper_y,,20,,0,0.0,0.0,0.0,0.0,V
95.67,stepper_y1,,20,,0,0.0,0.0,0.0,0.0,V
95.69,stepper_x,,20,,0,0.0,0.0,0.0,0.0,V
95.69,stepper_y,,20,,0,0.0,0.0,0.0,0.0,V
95.69,stepper_y1,,20,,0,0.0,0.0,0.0,0.0,V
95.71,stepper_x,,20,,0,0.0,0.0,0.0,0.0,V
95.71,stepper_y,,20,,0,0.0,0.0,0.0,0.0,V
95.71,stepper_y1,,20,,0,0.0,0.0,0.0,0.0,V
95.73,stepper_x,,20,,0,0.0,0.0,0.0,0.0,V
95.73,stepper_y,,20,,0,0.0,0.0,0.0,0.0,V
95.73,stepper_y1,,20,,0,0.0,0.0,0.0,0.0,V
95.751,stepper_x,,20,,0,0.0,0.0,0.0,0.0,V
95.751,stepper_y,,20,,0,0.0,0.0,0.0,0.0,V
95.751,stepper_y1,,20,,0,0.0,0.0,0.0,0.0,V
95.771,stepper_x,,20,,0,0.0,0.0,0.0,0.0,V
95.771,stepper_y,,20,,0,0.0,0.0,0.0,0.0,V
95.771,stepper_y1,,20,,0,0.0,0.0,0.0,0.0,V
95.791,stepper_x,,20,,0,0.0,0.0,0.0,0.0,V
95.791,stepper_y,,20,,0,0.0,0.0,0.0,0.0,V
95.791,stepper_y1,,20,,0,0.0,0.0,0.0,0.0,V
95.811,stepper_x,,20,,0,0.0,0.0,0.0,0.0,V
95.811,stepper_y,,20,,0,0.0,0.0,0.0,0.0,V
95.811,stepper_y1,,20,,0,0.0,0.0,0.0,0.0,V
95.831,stepper_x,,20,,0,0.0,0.0,0.0,0.0,V
95.831,stepper_y,,20,,0,0.0,0.0,0.0,0.0,V
95.831,stepper_y1,,20,,0,0.0,0.0,0.0,0.0,V
95.852,stepper_x,,20,,0,0.0,0.0,0.0,0.0,V
95.852,stepper_y,,20,,0,0.0,0.0,0.0,0.0,V
95.852,stepper_y1,,20,,0,0.0,0.0,0.0,0.0,V
95.872,stepper_x,,20,,0,0.0,0.0,0.0,0.0,V
95.872,stepper_y,,20,,0,0.0,0.0,0.0,0.0,V
95.872,stepper_y1,,20,,0,0.0,0.0,0.0,0.0,V
95.892,stepper_x,,20,,0,0.0,0.0,0.0,0.0,V
95.892,stepper_y,,20,,0,0.0,0.0,0.0,0.0,V
95.892,stepper_y1,,20,,0,0.0,0.0,0.0,0.0,V
95.912,stepper_x,,20,,0,0.0,0.0,0.0,0.0,V
95.912,stepper_y,,20,,0,0.0,0.0,0.0,0.0,V
95.912,stepper_y1,,20,,0,0.0,0.0,0.0,0.0,V
95.932,stepper_x,,20,,0,0.0,0.0,0.0,0.0,V
95.932,stepper_y,,20,,0,0.0,0.0,0.0,0.0,V
95.932,stepper_y1,,20,,0,0.0,0.0,0.0,0.0,V
95.953,stepper_x,,20,,0,0.0,0.0,0.0,0.0,V
95.953,stepper_y,,20,,0,0.0,0.0,0.0,0.0,V
95.953,stepper_y1,,20,,0,0.0,0.0,0.0,0.0,V
95.973,stepper_x,,20,,0,0.0,0.0,0.0,0.0,V
95.973,stepper_y,,20,,0,0.0,0.0,0.0,0.0,V
95.973,stepper_y1,,20,,0,0.0,0.0,0.0,0.0,V
95.993,stepper_x,,20,,0,0.0,0.0,0.0,0.0,V
95.993,stepper_y,,20,,0,0.0,0.0,0.0,0.0,V
95.993,stepper_y1,,20,,0,0.0,0.0,0.0,0.0,V
96.014,stepper_x,,20,,0,0.0,0.0,0.0,0.0,V
96.014,stepper_y,,20,,0,0.0,0.0,0.0,0.0,V
96.014,stepper_y1,,20,,0,0.0,0.0,0.0,0.0,V
96.034,stepper_x,,20,,0,0.0,0.0,0.0,0.0,V
96.034,stepper_y,,20,,0,0.0,0.0,0.0,0.0,V
96.034,stepper_y1,,20,,0,0.0,0.0,0.0,0.0,V
96.056,stepper_x,,20,,0,0.0,0.0,0.0,0.0,V
96.056,stepper_y,,20,,0,0.0,0.0,0.0,0.0,V
96.056,stepper_y1,,20,,0,0.0,0.0,0.0,0.0,V
96.076,stepper_x,,20,,0,0.0,0.0,0.0,0.0,V
96.076,stepper_y,,20,,0,0.0,0.0,0.0,0.0,V
96.076,stepper_y1,,20,,0,0.0,0.0,0.0,0.0,V
96.096,stepper_x,,20,,0,0.0,0.0,0.0,0.0,V
96.096,stepper_y,,20,,0,0.0,0.0,0.0,0.0,V
96.096,stepper_y1,,20,,0,0.0,0.0,0.0,0.0,V
96.116,stepper_x,,20,,0,0.0,0.0,0.0,0.0,V
96.116,stepper_y,,20,,0,0.0,0.0,0.0,0.0,V
96.116,stepper_y1,,20,,0,0.0,0.0,0.0,0.0,V
96.137,stepper_x,,20,,0,0.0,0.0,0.0,0.0,V
96.137,stepper_y,,20,,0,0.0,0.0,0.0,0.0,V
96.137,stepper_y1,,20,,0,0.0,0.0,0.0,0.0,V
96.157,stepper_x,,20,,0,0.0,0.0,0.0,0.0,V
96.157,stepper_y,,20,,0,0.0,0.0,0.0,0.0,V
96.157,stepper_y1,,20,,0,0.0,0.0,0.0,0.0,V
96.177,stepper_x,,20,,0,0.0,0.0,0.0,0.0,V
96.177,stepper_y,,20,,0,0.0,0.0,0.0,0.0,V
96.177,stepper_y1,,20,,0,0.0,0.0,0.0,0.0,V
96.197,stepper_x,,20,,0,0.0,0.0,0.0,0.0,V
96.197,stepper_y,,20,,0,0.0,0.0,0.0,0.0,V
96.197,stepper_y1,,20,,0,0.0,0.0,0.0,0.0,V
96.218,stepper_x,,20,,0,0.0,0.0,0.0,0.0,V
96.218,stepper_y,,20,,0,0.0,0.0,0.0,0.0,V
96.218,stepper_y1,,20,,0,0.0,0.0,0.0,0.0,V
96.238,stepper_x,,20,,0,0.0,0.0,0.0,0.0,V
96.238,stepper_y,,20,,0,0.0,0.0,0.0,0.0,V
96.238,stepper_y1,,20,,0,0.0,0.0,0.0,0.0,V
96.258,stepper_x,,20,,0,0.0,0.0,0.0,0.0,V
96.258,stepper_y,,20,,0,0.0,0.0,0.0,0.0,V
96.258,stepper_y1,,20,,0,0.0,0.0,0.0,0.0,V
96.278,stepper_x,,20,,0,0.0,0.0,0.0,0.0,V
96.278,stepper_y,,20,,0,0.0,0.0,0.0,0.0,V
96.278,stepper_y1,,20,,0,0.0,0.0,0.0,0.0,V
96.299,stepper_x,,20,,0,0.0,0.0,0.0,0.0,V
96.299,stepper_y,,20,,0,0.0,0.0,0.0,0.0,V
96.299,stepper_y1,,20,,0,0.0,0.0,0.0,0.0,V
96.32,stepper_x,,20,,0,0.0,0.0,0.0,0.0,V
96.32,stepper_y,,20,,0,0.0,0.0,0.0,0.0,V
96.32,stepper_y1,,20,,0,0.0,0.0,0.0,0.0,V
96.34,stepper_x,,20,,0,0.0,0.0,0.0,0.0,V
96.34,stepper_y,,20,,0,0.0,0.0,0.0,0.0,V
96.34,stepper_y1,,20,,0,0.0,0.0,0.0,0.0,V
96.36,stepper_x,,20,,0,0.0,0.0,0.0,0.0,V
96.36,stepper_y,,20,,0,0.0,0.0,0.0,0.0,V
96.36,stepper_y1,,20,,0,0.0,0.0,0.0,0.0,V
96.38,stepper_x,,20,,0,0.0,0.0,0.0,0.0,V
96.38,stepper_y,,20,,0,0.0,0.0,0.0,0.0,V
96.38,stepper_y1,,20,,0,0.0,0.0,0.0,0.0,V
96.4,stepper_x,,20,,0,0.0,0.0,0.0,0.0,V
96.4,stepper_y,,20,,0,0.0,0.0,0.0,0.0,V
96.4,stepper_y1,,20,,0,0.0,0.0,0.0,0.0,V
96.421,stepper_x,,20,,0,0.0,0.0,0.0,0.0,V
96.421,stepper_y,,20,,0,0.0,0.0,0.0,0.0,V
96.421,stepper_y1,,20,,0,0.0,0.0,0.0,0.0,V
96.441,stepper_x,,20,,0,0.0,0.0,0.0,0.0,V
96.441,stepper_y,,20,,0,0.0,0.0,0.0,0.0,V
96.441,stepper_y1,,20,,0,0.0,0.0,0.0,0.0,V
96.461,stepper_x,,20,,0,0.0,0.0,0.0,0.0,V
96.461,stepper_y,,20,,0,0.0,0.0,0.0,0.0,V
96.461,stepper_y1,,20,,0,0.0,0.0,0.0,0.0,V
96.481,stepper_x,,20,,0,0.0,0.0,0.0,0.0,V
96.481,stepper_y,,20,,0,0.0,0.0,0.0,0.0,V
96.481,stepper_y1,,20,,0,0.0,0.0,0.0,0.0,V
96.501,stepper_x,,20,,0,0.0,0.0,0.0,0.0,V
96.501,stepper_y,,20,,0,0.0,0.0,0.0,0.0,V
96.501,stepper_y1,,20,,0,0.0,0.0,0.0,0.0,V
96.522,stepper_x,,20,,0,0.0,0.0,0.0,0.0,V
96.522,stepper_y,,20,,0,0.0,0.0,0.0,0.0,V
96.522,stepper_y1,,20,,0,0.0,0.0,0.0,0.0,V
96.543,stepper_x,,20,,0,0.0,0.0,0.0,0.0,V
96.543,stepper_y,,20,,0,0.0,0.0,0.0,0.0,V
96.543,stepper_y1,,20,,0,0.0,0.0,0.0,0.0,V
96.563,stepper_x,,20,,0,0.0,0.0,0.0,0.0,V
96.563,stepper_y,,20,,0,0.0,0.0,0.0,0.0,V
96.563,stepper_y1,,20,,0,0.0,0.0,0.0,0.0,V
96.583,stepper_x,,20,,0,0.0,0.0,0.0,0.0,V
96.583,stepper_y,,20,,0,0.0,0.0,0.0,0.0,V
96.583,stepper_y1,,20,,0,0.0,0.0,0.0,0.0,V
96.603,stepper_x,,20,,0,0.0,0.0,0.0,0.0,V
96.603,stepper_y,,20,,0,0.0,0.0,0.0,0.0,V
96.603,stepper_y1,,20,,0,0.0,0.0,0.0,0.0,V
96.624,stepper_x,,20,,0,0.0,0.0,0.0,0.0,V
96.624,stepper_y,,20,,0,0.0,0.0,0.0,0.0,V
96.624,stepper_y1,,20,,0,0.0,0.0,0.0,0.0,V
96.644,stepper_x,,20,,0,0.0,0.0,0.0,0.0,V
96.644,stepper_y,,20,,0,0.0,0.0,0.0,0.0,V
96.644,stepper_y1,,20,,0,0.0,0.0,0.0,0.0,V
96.664,stepper_x,,20,,0,0.0,0.0,0.0,0.0,V
96.664,stepper_y,,20,,0,0.0,0.0,0.0,0.0,V
96.664,stepper_y1,,20,,0,0.0,0.0,0.0,0.0,V
96.684,stepper_x,,20,,0,0.0,0.0,0.0,0.0,V
96.684,stepper_y,,20,,0,0.0,0.0,0.0,0.0,V
96.684,stepper_y1,,20,,0,0.0,0.0,0.0,0.0,V
96.704,stepper_x,,20,,0,0.0,0.0,0.0,0.0,V
96.704,stepper_y,,20,,0,0.0,0.0,0.0,0.0,V
96.704,stepper_y1,,20,,0,0.0,0.0,0.0,0.0,V
96.725,stepper_x,,20,,0,0.0,0.0,0.0,0.0,V
96.725,stepper_y,,20,,0,0.0,0.0,0.0,0.0,V
96.725,stepper_y1,,20,,0,0.0,0.0,0.0,0.0,V
96.745,stepper_x,,20,,0,0.0,0.0,0.0,0.0,V
96.745,stepper_y,,20,,0,0.0,0.0,0.0,0.0,V
96.745,stepper_y1,,20,,0,0.0,0.0,0.0,0.0,V
96.765,stepper_x,,20,,0,0.0,0.0,0.0,0.0,V
96.765,stepper_y,,20,,0,0.0,0.0,0.0,0.0,V
96.765,stepper_y1,,20,,0,0.0,0.0,0.0,0.0,V
96.785,stepper_x,,20,,0,0.0,0.0,0.0,0.0,V
96.785,stepper_y,,20,,0,0.0,0.0,0.0,0.0,V
96.785,stepper_y1,,20,,0,0.0,0.0,0.0,0.0,V
96.806,stepper_x,,20,,0,0.0,0.0,0.0,0.0,V
96.806,stepper_y,,20,,0,0.0,0.0,0.0,0.0,V
96.806,stepper_y1,,20,,0,0.0,0.0,0.0,0.0,V
96.827,stepper_x,,20,,0,0.0,0.0,0.0,0.0,V
96.827,stepper_y,,20,,0,0.0,0.0,0.0,0.0,V
96.827,stepper_y1,,20,,0,0.0,0.0,0.0,0.0,V
96.847,stepper_x,,20,,0,0.0,0.0,0.0,0.0,V
96.847,stepper_y,,20,,0,0.0,0.0,0.0,0.0,V
96.847,stepper_y1,,20,,0,0.0,0.0,0.0,0.0,V
96.867,stepper_x,,20,,0,0.0,0.0,0.0,0.0,V
96.867,stepper_y,,20,,0,0.0,0.0,0.0,0.0,V
96.867,stepper_y1,,20,,0,0.0,0.0,0.0,0.0,V
96.887,stepper_x,,20,,0,0.0,0.0,0.0,0.0,V
96.887,stepper_y,,20,,0,0.0,0.0,0.0,0.0,V
96.887,stepper_y1,,20,,0,0.0,0.0,0.0,0.0,V
96.907,stepper_x,,20,,0,0.0,0.0,0.0,0.0,V
96.907,stepper_y,,20,,0,0.0,0.0,0.0,0.0,V
96.907,stepper_y1,,20,,0,0.0,0.0,0.0,0.0,V
96.928,stepper_x,,20,,0,0.0,0.0,0.0,0.0,V
96.928,stepper_y,,20,,0,0.0,0.0,0.0,0.0,V
96.928,stepper_y1,,20,,0,0.0,0.0,0.0,0.0,V
96.948,stepper_x,,20,,0,0.0,0.0,0.0,0.0,V
96.948,stepper_y,,20,,0,0.0,0.0,0.0,0.0,V
96.948,stepper_y1,,20,,0,0.0,0.0,0.0,0.0,V
96.968,stepper_x,,20,,0,0.0,0.0,0.0,0.0,V
96.968,stepper_y,,20,,0,0.0,0.0,0.0,0.0,V
96.968,stepper_y1,,20,,0,0.0,0.0,0.0,0.0,V
96.988,stepper_x,,20,,0,0.0,0.0,0.0,0.0,V
96.988,stepper_y,,20,,0,0.0,0.0,0.0,0.0,V
96.988,stepper_y1,,20,,0,0.0,0.0,0.0,0.0,V
97.009,stepper_x,,20,,0,0.0,0.0,0.0,0.0,V
97.009,stepper_y,,20,,0,0.0,0.0,0.0,0.0,V
97.009,stepper_y1,,20,,0,0.0,0.0,0.0,0.0,V
97.029,stepper_x,,20,,0,0.0,0.0,0.0,0.0,V
97.029,stepper_y,,20,,0,0.0,0.0,0.0,0.0,V
97.029,stepper_y1,,20,,0,0.0,0.0,0.0,0.0,V
97.05,stepper_x,,20,,0,0.0,0.0,0.0,0.0,V
97.05,stepper_y,,20,,0,0.0,0.0,0.0,0.0,V
97.05,stepper_y1,,20,,0,0.0,0.0,0.0,0.0,V
97.07,stepper_x,,20,,0,0.0,0.0,0.0,0.0,V
97.07,stepper_y,,20,,0,0.0,0.0,0.0,0.0,V
97.07,stepper_y1,,20,,0,0.0,0.0,0.0,0.0,V
97.09,stepper_x,,20,,0,0.0,0.0,0.0,0.0,V
97.09,stepper_y,,20,,0,0.0,0.0,0.0,0.0,V
97.09,stepper_y1,,20,,0,0.0,0.0,0.0,0.0,V
97.111,stepper_x,,20,,0,0.0,0.0,0.0,0.0,V
97.111,stepper_y,,20,,0,0.0,0.0,0.0,0.0,V
97.111,stepper_y1,,20,,0,0.0,0.0,0.0,0.0,V
97.131,stepper_x,,20,,0,0.0,0.0,0.0,0.0,V
97.131,stepper_y,,20,,0,0.0,0.0,0.0,0.0,V
97.131,stepper_y1,,20,,0,0.0,0.0,0.0,0.0,V
97.151,stepper_x,,20,,0,0.0,0.0,0.0,0.0,V
97.151,stepper_y,,20,,0,0.0,0.0,0.0,0.0,V
97.151,stepper_y1,,20,,0,0.0,0.0,0.0,0.0,V
97.171,stepper_x,,20,,0,0.0,0.0,0.0,0.0,V
97.171,stepper_y,,20,,0,0.0,0.0,0.0,0.0,V
97.171,stepper_y1,,20,,0,0.0,0.0,0.0,0.0,V
97.191,stepper_x,,20,,0,0.0,0.0,0.0,0.0,V
97.191,stepper_y,,20,,0,0.0,0.0,0.0,0.0,V
97.191,stepper_y1,,20,,0,0.0,0.0,0.0,0.0,V
97.211,stepper_x,,20,,0,0.0,0.0,0.0,0.0,V
97.211,stepper_y,,20,,0,0.0,0.0,0.0,0.0,V
97.211,stepper_y1,,20,,0,0.0,0.0,0.0,0.0,V
97.232,stepper_x,,20,,0,0.0,0.0,0.0,0.0,V
97.232,stepper_y,,20,,0,0.0,0.0,0.0,0.0,V
97.232,stepper_y1,,20,,0,0.0,0.0,0.0,0.0,V
97.252,stepper_x,,20,,0,0.0,0.0,0.0,0.0,V
97.252,stepper_y,,20,,0,0.0,0.0,0.0,0.0,V
97.252,stepper_y1,,20,,0,0.0,0.0,0.0,0.0,V
97.272,stepper_x,,20,,0,0.0,0.0,0.0,0.0,V
97.272,stepper_y,,20,,0,0.0,0.0,0.0,0.0,V
97.272,stepper_y1,,20,,0,0.0,0.0,0.0,0.0,V
97.293,stepper_x,,20,,0,0.0,0.0,0.0,0.0,V
97.293,stepper_y,,20,,0,0.0,0.0,0.0,0.0,V
97.293,stepper_y1,,20,,0,0.0,0.0,0.0,0.0,V
97.313,stepper_x,,20,,0,0.0,0.0,0.0,0.0,V
97.313,stepper_y,,20,,0,0.0,0.0,0.0,0.0,V
97.313,stepper_y1,,20,,0,0.0,0.0,0.0,0.0,V
97.334,stepper_x,,20,,0,0.0,0.0,0.0,0.0,V
97.334,stepper_y,,20,,0,0.0,0.0,0.0,0.0,V
97.334,stepper_y1,,20,,0,0.0,0.0,0.0,0.0,V
97.354,stepper_x,,20,,0,0.0,0.0,0.0,0.0,V
97.354,stepper_y,,20,,0,0.0,0.0,0.0,0.0,V
97.354,stepper_y1,,20,,0,0.0,0.0,0.0,0.0,V
97.374,stepper_x,,20,,0,0.0,0.0,0.0,0.0,V
97.374,stepper_y,,20,,0,0.0,0.0,0.0,0.0,V
97.374,stepper_y1,,20,,0,0.0,0.0,0.0,0.0,V
97.394,stepper_x,,20,,0,0.0,0.0,0.0,0.0,V
97.394,stepper_y,,20,,0,0.0,0.0,0.0,0.0,V
97.394,stepper_y1,,20,,0,0.0,0.0,0.0,0.0,V
97.414,stepper_x,,20,,0,0.0,0.0,0.0,0.0,V
97.414,stepper_y,,20,,0,0.0,0.0,0.0,0.0,V
97.414,stepper_y1,,20,,0,0.0,0.0,0.0,0.0,V
97.435,stepper_x,,20,,0,0.0,0.0,0.0,0.0,V
97.435,stepper_y,,20,,0,0.0,0.0,0.0,0.0,V
97.435,stepper_y1,,20,,0,0.0,0.0,0.0,0.0,V
97.455,stepper_x,,20,,0,0.0,0.0,0.0,0.0,V
97.455,stepper_y,,20,,0,0.0,0.0,0.0,0.0,V
97.455,stepper_y1,,20,,0,0.0,0.0,0.0,0.0,V
97.475,stepper_x,,20,,0,0.0,0.0,0.0,0.0,V
97.475,stepper_y,,20,,0,0.0,0.0,0.0,0.0,V
97.475,stepper_y1,,20,,0,0.0,0.0,0.0,0.0,V
97.495,stepper_x,,20,,0,0.0,0.0,0.0,0.0,V
97.495,stepper_y,,20,,0,0.0,0.0,0.0,0.0,V
97.495,stepper_y1,,20,,0,0.0,0.0,0.0,0.0,V
97.515,stepper_x,,20,,0,0.0,0.0,0.0,0.0,V
97.515,stepper_y,,20,,0,0.0,0.0,0.0,0.0,V
97.515,stepper_y1,,20,,0,0.0,0.0,0.0,0.0,V
97.536,stepper_x,,20,,0,0.0,0.0,0.0,0.0,V
97.536,stepper_y,,20,,0,0.0,0.0,0.0,0.0,V
97.536,stepper_y1,,20,,0,0.0,0.0,0.0,0.0,V
97.557,stepper_x,,20,,0,0.0,0.0,0.0,0.0,V
97.557,stepper_y,,20,,0,0.0,0.0,0.0,0.0,V
97.557,stepper_y1,,20,,0,0.0,0.0,0.0,0.0,V
97.578,stepper_x,,20,,0,0.0,0.0,0.0,0.0,V
97.578,stepper_y,,20,,0,0.0,0.0,0.0,0.0,V
97.578,stepper_y1,,20,,0,0.0,0.0,0.0,0.0,V
97.598,stepper_x,,20,,0,0.0,0.0,0.0,0.0,V
97.598,stepper_y,,20,,0,0.0,0.0,0.0,0.0,V
97.598,stepper_y1,,20,,0,0.0,0.0,0.0,0.0,V
97.619,stepper_x,,20,,0,0.0,0.0,0.0,0.0,V
97.619,stepper_y,,20,,0,0.0,0.0,0.0,0.0,V
97.619,stepper_y1,,20,,0,0.0,0.0,0.0,0.0,V
97.639,stepper_x,,20,,0,0.0,0.0,0.0,0.0,V
97.639,stepper_y,,20,,0,0.0,0.0,0.0,0.0,V
97.639,stepper_y1,,20,,0,0.0,0.0,0.0,0.0,V
97.659,stepper_x,,20,,0,0.0,0.0,0.0,0.0,V
97.659,stepper_y,,20,,0,0.0,0.0,0.0,0.0,V
97.659,stepper_y1,,20,,0,0.0,0.0,0.0,0.0,V
97.679,stepper_x,,20,,0,0.0,0.0,0.0,0.0,V
97.679,stepper_y,,20,,0,0.0,0.0,0.0,0.0,V
97.679,stepper_y1,,20,,0,0.0,0.0,0.0,0.0,V
97.7,stepper_x,,20,,0,0.0,0.0,0.0,0.0,V
97.7,stepper_y,,20,,0,0.0,0.0,0.0,0.0,V
97.7,stepper_y1,,20,,0,0.0,0.0,0.0,0.0,V
97.72,stepper_x,,20,,0,0.0,0.0,0.0,0.0,V
97.72,stepper_y,,20,,0,0.0,0.0,0.0,0.0,V
97.72,stepper_y1,,20,,0,0.0,0.0,0.0,0.0,V
97.74,stepper_x,,20,,0,0.0,0.0,0.0,0.0,V
97.74,stepper_y,,20,,0,0.0,0.0,0.0,0.0,V
97.74,stepper_y1,,20,,0,0.0,0.0,0.0,0.0,V
97.76,stepper_x,,20,,0,0.0,0.0,0.0,0.0,V
97.76,stepper_y,,20,,0,0.0,0.0,0.0,0.0,V
97.76,stepper_y1,,20,,0,0.0,0.0,0.0,0.0,V
97.78,stepper_x,,20,,0,0.0,0.0,0.0,0.0,V
97.78,stepper_y,,20,,0,0.0,0.0,0.0,0.0,V
97.78,stepper_y1,,20,,0,0.0,0.0,0.0,0.0,V
97.8,stepper_x,,20,,0,0.0,0.0,0.0,0.0,V
97.8,stepper_y,,20,,0,0.0,0.0,0.0,0.0,V
97.8,stepper_y1,,20,,0,0.0,0.0,0.0,0.0,V
97.821,stepper_x,,20,,0,0.0,0.0,0.0,0.0,V
97.821,stepper_y,,20,,0,0.0,0.0,0.0,0.0,V
97.821,stepper_y1,,20,,0,0.0,0.0,0.0,0.0,V
97.841,stepper_x,,20,,0,0.0,0.0,0.0,0.0,V
97.841,stepper_y,,20,,0,0.0,0.0,0.0,0.0,V
97.841,stepper_y1,,20,,0,0.0,0.0,0.0,0.0,V
97.861,stepper_x,,20,,0,0.0,0.0,0.0,0.0,V
97.861,stepper_y,,20,,0,0.0,0.0,0.0,0.0,V
97.861,stepper_y1,,20,,0,0.0,0.0,0.0,0.0,V
97.881,stepper_x,,20,,0,0.0,0.0,0.0,0.0,V
97.881,stepper_y,,20,,0,0.0,0.0,0.0,0.0,V
97.881,stepper_y1,,20,,0,0.0,0.0,0.0,0.0,V
97.902,stepper_x,,20,,0,0.0,0.0,0.0,0.0,V
97.902,stepper_y,,20,,0,0.0,0.0,0.0,0.0,V
97.902,stepper_y1,,20,,0,0.0,0.0,0.0,0.0,V
97.922,stepper_x,,20,,0,0.0,0.0,0.0,0.0,V
97.922,stepper_y,,20,,0,0.0,0.0,0.0,0.0,V
97.922,stepper_y1,,20,,0,0.0,0.0,0.0,0.0,V
97.942,stepper_x,,20,,0,0.0,0.0,0.0,0.0,V
97.942,stepper_y,,20,,0,0.0,0.0,0.0,0.0,V
97.942,stepper_y1,,20,,0,0.0,0.0,0.0,0.0,V
97.962,stepper_x,,20,,0,0.0,0.0,0.0,0.0,V
97.962,stepper_y,,20,,0,0.0,0.0,0.0,0.0,V
97.962,stepper_y1,,20,,0,0.0,0.0,0.0,0.0,V
97.982,stepper_x,,20,,0,0.0,0.0,0.0,0.0,V
97.982,stepper_y,,20,,0,0.0,0.0,0.0,0.0,V
97.982,stepper_y1,,20,,0,0.0,0.0,0.0,0.0,V
98.003,stepper_x,,20,,0,0.0,0.0,0.0,0.0,V
98.003,stepper_y,,20,,0,0.0,0.0,0.0,0.0,V
98.003,stepper_y1,,20,,0,0.0,0.0,0.0,0.0,V
98.023,stepper_x,,20,,0,0.0,0.0,0.0,0.0,V
98.023,stepper_y,,20,,0,0.0,0.0,0.0,0.0,V
98.023,stepper_y1,,20,,0,0.0,0.0,0.0,0.0,V
98.043,stepper_x,,20,,0,0.0,0.0,0.0,0.0,V
98.043,stepper_y,,20,,0,0.0,0.0,0.0,0.0,V
98.043,stepper_y1,,20,,0,0.0,0.0,0.0,0.0,V
98.064,stepper_x,,20,,0,0.0,0.0,0.0,0.0,V
98.064,stepper_y,,20,,0,0.0,0.0,0.0,0.0,V
98.064,stepper_y1,,20,,0,0.0,0.0,0.0,0.0,V
98.084,stepper_x,,20,,0,0.0,0.0,0.0,0.0,V
98.084,stepper_y,,20,,0,0.0,0.0,0.0,0.0,V
98.084,stepper_y1,,20,,0,0.0,0.0,0.0,0.0,V
98.105,stepper_x,,20,,0,0.0,0.0,0.0,0.0,V
98.105,stepper_y,,20,,0,0.0,0.0,0.0,0.0,V
98.105,stepper_y1,,20,,0,0.0,0.0,0.0,0.0,V
98.125,stepper_x,,20,,0,0.0,0.0,0.0,0.0,V
98.125,stepper_y,,20,,0,0.0,0.0,0.0,0.0,V
98.125,stepper_y1,,20,,0,0.0,0.0,0.0,0.0,V
98.145,stepper_x,,20,,0,0.0,0.0,0.0,0.0,V
98.145,stepper_y,,20,,0,0.0,0.0,0.0,0.0,V
98.145,stepper_y1,,20,,0,0.0,0.0,0.0,0.0,V
98.165,stepper_x,,20,,0,0.0,0.0,0.0,0.0,V
98.165,stepper_y,,20,,0,0.0,0.0,0.0,0.0,V
98.165,stepper_y1,,20,,0,0.0,0.0,0.0,0.0,V
98.186,stepper_x,,20,,0,0.0,0.0,0.0,0.0,V
98.186,stepper_y,,20,,0,0.0,0.0,0.0,0.0,V
98.186,stepper_y1,,20,,0,0.0,0.0,0.0,0.0,V
98.206,stepper_x,,20,,0,0.0,0.0,0.0,0.0,V
98.206,stepper_y,,20,,0,0.0,0.0,0.0,0.0,V
98.206,stepper_y1,,20,,0,0.0,0.0,0.0,0.0,V
98.226,stepper_x,,20,,0,0.0,0.0,0.0,0.0,V
98.226,stepper_y,,20,,0,0.0,0.0,0.0,0.0,V
98.226,stepper_y1,,20,,0,0.0,0.0,0.0,0.0,V
98.246,stepper_x,,20,,0,0.0,0.0,0.0,0.0,V
98.246,stepper_y,,20,,0,0.0,0.0,0.0,0.0,V
98.246,stepper_y1,,20,,0,0.0,0.0,0.0,0.0,V
98.266,stepper_x,,20,,0,0.0,0.0,0.0,0.0,V
98.266,stepper_y,,20,,0,0.0,0.0,0.0,0.0,V
98.266,stepper_y1,,20,,0,0.0,0.0,0.0,0.0,V
98.286,stepper_x,,20,,0,0.0,0.0,0.0,0.0,V
98.286,stepper_y,,20,,0,0.0,0.0,0.0,0.0,V
98.286,stepper_y1,,20,,0,0.0,0.0,0.0,0.0,V
98.307,stepper_x,,20,,0,0.0,0.0,0.0,0.0,V
98.307,stepper_y,,20,,0,0.0,0.0,0.0,0.0,V
98.307,stepper_y1,,20,,0,0.0,0.0,0.0,0.0,V
98.327,stepper_x,,20,,0,0.0,0.0,0.0,0.0,V
98.327,stepper_y,,20,,0,0.0,0.0,0.0,0.0,V
98.327,stepper_y1,,20,,0,0.0,0.0,0.0,0.0,V
98.347,stepper_x,,20,,0,0.0,0.0,0.0,0.0,V
98.347,stepper_y,,20,,0,0.0,0.0,0.0,0.0,V
98.347,stepper_y1,,20,,0,0.0,0.0,0.0,0.0,V
98.367,stepper_x,,20,,0,0.0,0.0,0.0,0.0,V
98.367,stepper_y,,20,,0,0.0,0.0,0.0,0.0,V
98.367,stepper_y1,,20,,0,0.0,0.0,0.0,0.0,V
98.388,stepper_x,,20,,0,0.0,0.0,0.0,0.0,V
98.388,stepper_y,,20,,0,0.0,0.0,0.0,0.0,V
98.388,stepper_y1,,20,,0,0.0,0.0,0.0,0.0,V
98.408,stepper_x,,20,,0,0.0,0.0,0.0,0.0,V
98.408,stepper_y,,20,,0,0.0,0.0,0.0,0.0,V
98.408,stepper_y1,,20,,0,0.0,0.0,0.0,0.0,V
98.428,stepper_x,,20,,0,0.0,0.0,0.0,0.0,V
98.428,stepper_y,,20,,0,0.0,0.0,0.0,0.0,V
98.428,stepper_y1,,20,,0,0.0,0.0,0.0,0.0,V
98.448,stepper_x,,20,,0,0.0,0.0,0.0,0.0,V
98.448,stepper_y,,20,,0,0.0,0.0,0.0,0.0,V
98.448,stepper_y1,,20,,0,0.0,0.0,0.0,0.0,V
98.468,stepper_x,,20,,0,0.0,0.0,0.0,0.0,V
98.468,stepper_y,,20,,0,0.0,0.0,0.0,0.0,V
98.468,stepper_y1,,20,,0,0.0,0.0,0.0,0.0,V
98.489,stepper_x,,20,,0,0.0,0.0,0.0,0.0,V
98.489,stepper_y,,20,,0,0.0,0.0,0.0,0.0,V
98.489,stepper_y1,,20,,0,0.0,0.0,0.0,0.0,V
98.509,stepper_x,,20,,0,0.0,0.0,0.0,0.0,V
98.509,stepper_y,,20,,0,0.0,0.0,0.0,0.0,V
98.509,stepper_y1,,20,,0,0.0,0.0,0.0,0.0,V
98.529,stepper_x,,20,,0,0.0,0.0,0.0,0.0,V
98.529,stepper_y,,20,,0,0.0,0.0,0.0,0.0,V
98.529,stepper_y1,,20,,0,0.0,0.0,0.0,0.0,V
98.55,stepper_x,,20,,0,0.0,0.0,0.0,0.0,V
98.55,stepper_y,,20,,0,0.0,0.0,0.0,0.0,V
98.55,stepper_y1,,20,,0,0.0,0.0,0.0,0.0,V
98.57,stepper_x,,20,,0,0.0,0.0,0.0,0.0,V
98.57,stepper_y,,20,,0,0.0,0.0,0.0,0.0,V
98.57,stepper_y1,,20,,0,0.0,0.0,0.0,0.0,V
98.591,stepper_x,,20,,0,0.0,0.0,0.0,0.0,V
98.591,stepper_y,,20,,0,0.0,0.0,0.0,0.0,V
98.591,stepper_y1,,20,,0,0.0,0.0,0.0,0.0,V
98.611,stepper_x,,20,,0,0.0,0.0,0.0,0.0,V
98.611,stepper_y,,20,,0,0.0,0.0,0.0,0.0,V
98.611,stepper_y1,,20,,0,0.0,0.0,0.0,0.0,V
98.631,stepper_x,,20,,0,0.0,0.0,0.0,0.0,V
98.631,stepper_y,,20,,0,0.0,0.0,0.0,0.0,V
98.631,stepper_y1,,20,,0,0.0,0.0,0.0,0.0,V
98.651,stepper_x,,20,,0,0.0,0.0,0.0,0.0,V
98.651,stepper_y,,20,,0,0.0,0.0,0.0,0.0,V
98.651,stepper_y1,,20,,0,0.0,0.0,0.0,0.0,V
98.671,stepper_x,,20,,0,0.0,0.0,0.0,0.0,V
98.671,stepper_y,,20,,0,0.0,0.0,0.0,0.0,V
98.671,stepper_y1,,20,,0,0.0,0.0,0.0,0.0,V
98.692,stepper_x,,20,,0,0.0,0.0,0.0,0.0,V
98.692,stepper_y,,20,,0,0.0,0.0,0.0,0.0,V
98.692,stepper_y1,,20,,0,0.0,0.0,0.0,0.0,V
98.712,stepper_x,,20,,0,0.0,0.0,0.0,0.0,V
98.712,stepper_y,,20,,0,0.0,0.0,0.0,0.0,V
98.712,stepper_y1,,20,,0,0.0,0.0,0.0,0.0,V
98.732,stepper_x,,20,,0,0.0,0.0,0.0,0.0,V
98.732,stepper_y,,20,,0,0.0,0.0,0.0,0.0,V
98.732,stepper_y1,,20,,0,0.0,0.0,0.0,0.0,V
98.752,stepper_x,,20,,0,0.0,0.0,0.0,0.0,V
98.752,stepper_y,,20,,0,0.0,0.0,0.0,0.0,V
98.752,stepper_y1,,20,,0,0.0,0.0,0.0,0.0,V
98.772,stepper_x,,20,,0,0.0,0.0,0.0,0.0,V
98.772,stepper_y,,20,,0,0.0,0.0,0.0,0.0,V
98.772,stepper_y1,,20,,0,0.0,0.0,0.0,0.0,V
98.793,stepper_x,,20,,0,0.0,0.0,0.0,0.0,V
98.793,stepper_y,,20,,0,0.0,0.0,0.0,0.0,V
98.793,stepper_y1,,20,,0,0.0,0.0,0.0,0.0,V
98.814,stepper_x,,20,,0,0.0,0.0,0.0,0.0,V
98.814,stepper_y,,20,,0,0.0,0.0,0.0,0.0,V
98.814,stepper_y1,,20,,0,0.0,0.0,0.0,0.0,V
98.834,stepper_x,,20,,0,0.0,0.0,0.0,0.0,V
98.834,stepper_y,,20,,0,0.0,0.0,0.0,0.0,V
98.834,stepper_y1,,20,,0,0.0,0.0,0.0,0.0,V
98.854,stepper_x,,20,,0,0.0,0.0,0.0,0.0,V
98.854,stepper_y,,20,,0,0.0,0.0,0.0,0.0,V
98.854,stepper_y1,,20,,0,0.0,0.0,0.0,0.0,V
98.875,stepper_x,,20,,0,0.0,0.0,0.0,0.0,V
98.875,stepper_y,,20,,0,0.0,0.0,0.0,0.0,V
98.875,stepper_y1,,20,,0,0.0,0.0,0.0,0.0,V
98.895,stepper_x,,20,,0,0.0,0.0,0.0,0.0,V
98.895,stepper_y,,20,,0,0.0,0.0,0.0,0.0,V
98.895,stepper_y1,,20,,0,0.0,0.0,0.0,0.0,V
98.915,stepper_x,,20,,0,0.0,0.0,0.0,0.0,V
98.915,stepper_y,,20,,0,0.0,0.0,0.0,0.0,V
98.915,stepper_y1,,20,,0,0.0,0.0,0.0,0.0,V
98.935,stepper_x,,20,,0,0.0,0.0,0.0,0.0,V
98.935,stepper_y,,20,,0,0.0,0.0,0.0,0.0,V
98.935,stepper_y1,,20,,0,0.0,0.0,0.0,0.0,V
98.955,stepper_x,,20,,0,0.0,0.0,0.0,0.0,V
98.955,stepper_y,,20,,0,0.0,0.0,0.0,0.0,V
98.955,stepper_y1,,20,,0,0.0,0.0,0.0,0.0,V
98.976,stepper_x,,20,,0,0.0,0.0,0.0,0.0,V
98.976,stepper_y,,20,,0,0.0,0.0,0.0,0.0,V
98.976,stepper_y1,,20,,0,0.0,0.0,0.0,0.0,V
98.996,stepper_x,,20,,0,0.0,0.0,0.0,0.0,V
98.996,stepper_y,,20,,0,0.0,0.0,0.0,0.0,V
98.996,stepper_y1,,20,,0,0.0,0.0,0.0,0.0,V
99.016,stepper_x,,20,,0,0.0,0.0,0.0,0.0,V
99.016,stepper_y,,20,,0,0.0,0.0,0.0,0.0,V
99.016,stepper_y1,,20,,0,0.0,0.0,0.0,0.0,V
99.037,stepper_x,,20,,0,0.0,0.0,0.0,0.0,V
99.037,stepper_y,,20,,0,0.0,0.0,0.0,0.0,V
99.037,stepper_y1,,20,,0,0.0,0.0,0.0,0.0,V
99.058,stepper_x,,20,,0,0.0,0.0,0.0,0.0,V
99.058,stepper_y,,20,,0,0.0,0.0,0.0,0.0,V
99.058,stepper_y1,,20,,0,0.0,0.0,0.0,0.0,V
99.078,stepper_x,,20,,0,0.0,0.0,0.0,0.0,V
99.078,stepper_y,,20,,0,0.0,0.0,0.0,0.0,V
99.078,stepper_y1,,20,,0,0.0,0.0,0.0,0.0,V
99.099,stepper_x,,20,,0,0.0,0.0,0.0,0.0,V
99.099,stepper_y,,20,,0,0.0,0.0,0.0,0.0,V
99.099,stepper_y1,,20,,0,0.0,0.0,0.0,0.0,V
99.119,stepper_x,,20,,0,0.0,0.0,0.0,0.0,V
99.119,stepper_y,,20,,0,0.0,0.0,0.0,0.0,V
99.119,stepper_y1,,20,,0,0.0,0.0,0.0,0.0,V
99.139,stepper_x,,20,,0,0.0,0.0,0.0,0.0,V
99.139,stepper_y,,20,,0,0.0,0.0,0.0,0.0,V
99.139,stepper_y1,,20,,0,0.0,0.0,0.0,0.0,V
99.16,stepper_x,,20,,0,0.0,0.0,0.0,0.0,V
99.16,stepper_y,,20,,0,0.0,0.0,0.0,0.0,V
99.16,stepper_y1,,20,,0,0.0,0.0,0.0,0.0,V
99.18,stepper_x,,20,,0,0.0,0.0,0.0,0.0,V
99.18,stepper_y,,20,,0,0.0,0.0,0.0,0.0,V
99.18,stepper_y1,,20,,0,0.0,0.0,0.0,0.0,V
99.2,stepper_x,,20,,0,0.0,0.0,0.0,0.0,V
99.2,stepper_y,,20,,0,0.0,0.0,0.0,0.0,V
99.2,stepper_y1,,20,,0,0.0,0.0,0.0,0.0,V
99.22,stepper_x,,20,,0,0.0,0.0,0.0,0.0,V
99.22,stepper_y,,20,,0,0.0,0.0,0.0,0.0,V
99.22,stepper_y1,,20,,0,0.0,0.0,0.0,0.0,V
99.24,stepper_x,,20,,0,0.0,0.0,0.0,0.0,V
99.24,stepper_y,,20,,0,0.0,0.0,0.0,0.0,V
99.24,stepper_y1,,20,,0,0.0,0.0,0.0,0.0,V
99.261,stepper_x,,20,,0,0.0,0.0,0.0,0.0,V
99.261,stepper_y,,20,,0,0.0,0.0,0.0,0.0,V
99.261,stepper_y1,,20,,0,0.0,0.0,0.0,0.0,V
99.281,stepper_x,,20,,0,0.0,0.0,0.0,0.0,V
99.281,stepper_y,,20,,0,0.0,0.0,0.0,0.0,V
99.281,stepper_y1,,20,,0,0.0,0.0,0.0,0.0,V
99.302,stepper_x,,20,,0,0.0,0.0,0.0,0.0,V
99.302,stepper_y,,20,,0,0.0,0.0,0.0,0.0,V
99.302,stepper_y1,,20,,0,0.0,0.0,0.0,0.0,V
99.322,stepper_x,,20,,0,0.0,0.0,0.0,0.0,V
99.322,stepper_y,,20,,0,0.0,0.0,0.0,0.0,V
99.322,stepper_y1,,20,,0,0.0,0.0,0.0,0.0,V
99.343,stepper_x,,20,,0,0.0,0.0,0.0,0.0,V
99.343,stepper_y,,20,,0,0.0,0.0,0.0,0.0,V
99.343,stepper_y1,,20,,0,0.0,0.0,0.0,0.0,V
99.363,stepper_x,,20,,0,0.0,0.0,0.0,0.0,V
99.363,stepper_y,,20,,0,0.0,0.0,0.0,0.0,V
99.363,stepper_y1,,20,,0,0.0,0.0,0.0,0.0,V
99.383,stepper_x,,20,,0,0.0,0.0,0.0,0.0,V
99.383,stepper_y,,20,,0,0.0,0.0,0.0,0.0,V
99.383,stepper_y1,,20,,0,0.0,0.0,0.0,0.0,V
99.403,stepper_x,,20,,0,0.0,0.0,0.0,0.0,V
99.403,stepper_y,,20,,0,0.0,0.0,0.0,0.0,V
99.403,stepper_y1,,20,,0,0.0,0.0,0.0,0.0,V
99.423,stepper_x,,20,,0,0.0,0.0,0.0,0.0,V
99.423,stepper_y,,20,,0,0.0,0.0,0.0,0.0,V
99.423,stepper_y1,,20,,0,0.0,0.0,0.0,0.0,V
99.444,stepper_x,,20,,0,0.0,0.0,0.0,0.0,V
99.444,stepper_y,,20,,0,0.0,0.0,0.0,0.0,V
99.444,stepper_y1,,20,,0,0.0,0.0,0.0,0.0,V
99.464,stepper_x,,20,,0,0.0,0.0,0.0,0.0,V
99.464,stepper_y,,20,,0,0.0,0.0,0.0,0.0,V
99.464,stepper_y1,,20,,0,0.0,0.0,0.0,0.0,V
99.484,stepper_x,,20,,0,0.0,0.0,0.0,0.0,V
99.484,stepper_y,,20,,0,0.0,0.0,0.0,0.0,V
99.484,stepper_y1,,20,,0,0.0,0.0,0.0,0.0,V
99.504,stepper_x,,20,,0,0.0,0.0,0.0,0.0,V
99.504,stepper_y,,20,,0,0.0,0.0,0.0,0.0,V
99.504,stepper_y1,,20,,0,0.0,0.0,0.0,0.0,V
99.524,stepper_x,,20,,0,0.0,0.0,0.0,0.0,V
99.524,stepper_y,,20,,0,0.0,0.0,0.0,0.0,V
99.524,stepper_y1,,20,,0,0.0,0.0,0.0,0.0,V
99.545,stepper_x,,20,,0,0.0,0.0,0.0,0.0,V
99.545,stepper_y,,20,,0,0.0,0.0,0.0,0.0,V
99.545,stepper_y1,,20,,0,0.0,0.0,0.0,0.0,V
99.565,stepper_x,,20,,0,0.0,0.0,0.0,0.0,V
99.565,stepper_y,,20,,0,0.0,0.0,0.0,0.0,V
99.565,stepper_y1,,20,,0,0.0,0.0,0.0,0.0,V
99.585,stepper_x,,20,,0,0.0,0.0,0.0,0.0,V
99.585,stepper_y,,20,,0,0.0,0.0,0.0,0.0,V
99.585,stepper_y1,,20,,0,0.0,0.0,0.0,0.0,V
99.605,stepper_x,,20,,0,0.0,0.0,0.0,0.0,V
99.605,stepper_y,,20,,0,0.0,0.0,0.0,0.0,V
99.605,stepper_y1,,20,,0,0.0,0.0,0.0,0.0,V
99.625,stepper_x,,20,,0,0.0,0.0,0.0,0.0,V
99.625,stepper_y,,20,,0,0.0,0.0,0.0,0.0,V
99.625,stepper_y1,,20,,0,0.0,0.0,0.0,0.0,V
99.646,stepper_x,,20,,0,0.0,0.0,0.0,0.0,V
99.646,stepper_y,,20,,0,0.0,0.0,0.0,0.0,V
99.646,stepper_y1,,20,,0,0.0,0.0,0.0,0.0,V
99.666,stepper_x,,20,,0,0.0,0.0,0.0,0.0,V
99.666,stepper_y,,20,,0,0.0,0.0,0.0,0.0,V
99.666,stepper_y1,,20,,0,0.0,0.0,0.0,0.0,V
99.686,stepper_x,,20,,0,0.0,0.0,0.0,0.0,V
99.686,stepper_y,,20,,0,0.0,0.0,0.0,0.0,V
99.686,stepper_y1,,20,,0,0.0,0.0,0.0,0.0,V
99.706,stepper_x,,20,,0,0.0,0.0,0.0,0.0,V
99.706,stepper_y,,20,,0,0.0,0.0,0.0,0.0,V
99.706,stepper_y1,,20,,0,0.0,0.0,0.0,0.0,V
99.726,stepper_x,,20,,0,0.0,0.0,0.0,0.0,V
99.726,stepper_y,,20,,0,0.0,0.0,0.0,0.0,V
99.726,stepper_y1,,20,,0,0.0,0.0,0.0,0.0,V
99.747,stepper_x,,20,,0,0.0,0.0,0.0,0.0,V
99.747,stepper_y,,20,,0,0.0,0.0,0.0,0.0,V
99.747,stepper_y1,,20,,0,0.0,0.0,0.0,0.0,V
99.767,stepper_x,,20,,0,0.0,0.0,0.0,0.0,V
99.767,stepper_y,,20,,0,0.0,0.0,0.0,0.0,V
99.767,stepper_y1,,20,,0,0.0,0.0,0.0,0.0,V
99.787,stepper_x,,20,,0,0.0,0.0,0.0,0.0,V
99.787,stepper_y,,20,,0,0.0,0.0,0.0,0.0,V
99.787,stepper_y1,,20,,0,0.0,0.0,0.0,0.0,V
99.808,stepper_x,,20,,0,0.0,0.0,0.0,0.0,V
99.808,stepper_y,,20,,0,0.0,0.0,0.0,0.0,V
99.808,stepper_y1,,20,,0,0.0,0.0,0.0,0.0,V
99.828,stepper_x,,20,,0,0.0,0.0,0.0,0.0,V
99.828,stepper_y,,20,,0,0.0,0.0,0.0,0.0,V
99.828,stepper_y1,,20,,0,0.0,0.0,0.0,0.0,V
99.849,stepper_x,,20,,0,0.0,0.0,0.0,0.0,V
99.849,stepper_y,,20,,0,0.0,0.0,0.0,0.0,V
99.849,stepper_y1,,20,,0,0.0,0.0,0.0,0.0,V
99.869,stepper_x,,20,,0,0.0,0.0,0.0,0.0,V
99.869,stepper_y,,20,,0,0.0,0.0,0.0,0.0,V
99.869,stepper_y1,,20,,0,0.0,0.0,0.0,0.0,V
99.889,stepper_x,,20,,0,0.0,0.0,0.0,0.0,V
99.889,stepper_y,,20,,0,0.0,0.0,0.0,0.0,V
99.889,stepper_y1,,20,,0,0.0,0.0,0.0,0.0,V
99.909,stepper_x,,20,,0,0.0,0.0,0.0,0.0,V
99.909,stepper_y,,20,,0,0.0,0.0,0.0,0.0,V
99.909,stepper_y1,,20,,0,0.0,0.0,0.0,0.0,V
99.929,stepper_x,,20,,0,0.0,0.0,0.0,0.0,V
99.929,stepper_y,,20,,0,0.0,0.0,0.0,0.0,V
99.929,stepper_y1,,20,,0,0.0,0.0,0.0,0.0,V
99.95,stepper_x,,20,,0,0.0,0.0,0.0,0.0,V
99.95,stepper_y,,20,,0,0.0,0.0,0.0,0.0,V
99.95,stepper_y1,,20,,0,0.0,0.0,0.0,0.0,V
99.97,stepper_x,,20,,0,0.0,0.0,0.0,0.0,V
99.97,stepper_y,,20,,0,0.0,0.0,0.0,0.0,V
99.97,stepper_y1,,20,,0,0.0,0.0,0.0,0.0,V
99.99,stepper_x,,20,,0,0.0,0.0,0.0,0.0,V
99.99,stepper_y,,20,,0,0.0,0.0,0.0,0.0,V
99.99,stepper_y1,,20,,0,0.0,0.0,0.0,0.0,V
100.011,stepper_x,,20,,0,0.0,0.0,0.0,0.0,V
100.011,stepper_y,,20,,0,0.0,0.0,0.0,0.0,V
100.011,stepper_y1,,20,,0,0.0,0.0,0.0,0.0,V
100.031,stepper_x,,20,,0,0.0,0.0,0.0,0.0,V
100.031,stepper_y,,20,,0,0.0,0.0,0.0,0.0,V
100.031,stepper_y1,,20,,0,0.0,0.0,0.0,0.0,V
100.053,stepper_x,,20,,0,0.0,0.0,0.0,0.0,V
100.053,stepper_y,,20,,0,0.0,0.0,0.0,0.0,V
100.053,stepper_y1,,20,,0,0.0,0.0,0.0,0.0,V
100.073,stepper_x,,20,,0,0.0,0.0,0.0,0.0,V
100.073,stepper_y,,20,,0,0.0,0.0,0.0,0.0,V
100.073,stepper_y1,,20,,0,0.0,0.0,0.0,0.0,V
100.093,stepper_x,,20,,0,0.0,0.0,0.0,0.0,V
100.093,stepper_y,,20,,0,0.0,0.0,0.0,0.0,V
100.093,stepper_y1,,20,,0,0.0,0.0,0.0,0.0,V
100.113,stepper_x,,20,,0,0.0,0.0,0.0,0.0,V
100.113,stepper_y,,20,,0,0.0,0.0,0.0,0.0,V
100.113,stepper_y1,,20,,0,0.0,0.0,0.0,0.0,V
100.134,stepper_x,,20,,0,0.0,0.0,0.0,0.0,V
100.134,stepper_y,,20,,0,0.0,0.0,0.0,0.0,V
100.134,stepper_y1,,20,,0,0.0,0.0,0.0,0.0,V
100.154,stepper_x,,20,,0,0.0,0.0,0.0,0.0,V
100.154,stepper_y,,20,,0,0.0,0.0,0.0,0.0,V
100.154,stepper_y1,,20,,0,0.0,0.0,0.0,0.0,V
100.174,stepper_x,,20,,0,0.0,0.0,0.0,0.0,V
100.174,stepper_y,,20,,0,0.0,0.0,0.0,0.0,V
100.174,stepper_y1,,20,,0,0.0,0.0,0.0,0.0,V
100.194,stepper_x,,20,,0,0.0,0.0,0.0,0.0,V
100.194,stepper_y,,20,,0,0.0,0.0,0.0,0.0,V
100.194,stepper_y1,,20,,0,0.0,0.0,0.0,0.0,V
100.214,stepper_x,,20,,0,0.0,0.0,0.0,0.0,V
100.214,stepper_y,,20,,0,0.0,0.0,0.0,0.0,V
100.214,stepper_y1,,20,,0,0.0,0.0,0.0,0.0,V
100.235,stepper_x,,20,,0,0.0,0.0,0.0,0.0,V
100.235,stepper_y,,20,,0,0.0,0.0,0.0,0.0,V
100.235,stepper_y1,,20,,0,0.0,0.0,0.0,0.0,V
100.255,stepper_x,,20,,0,0.0,0.0,0.0,0.0,V
100.255,stepper_y,,20,,0,0.0,0.0,0.0,0.0,V
100.255,stepper_y1,,20,,0,0.0,0.0,0.0,0.0,V
100.275,stepper_x,,20,,0,0.0,0.0,0.0,0.0,V
100.275,stepper_y,,20,,0,0.0,0.0,0.0,0.0,V
100.275,stepper_y1,,20,,0,0.0,0.0,0.0,0.0,V
100.295,stepper_x,,20,,0,0.0,0.0,0.0,0.0,V
100.295,stepper_y,,20,,0,0.0,0.0,0.0,0.0,V
100.295,stepper_y1,,20,,0,0.0,0.0,0.0,0.0,V
100.316,stepper_x,,20,,0,0.0,0.0,0.0,0.0,V
100.316,stepper_y,,20,,0,0.0,0.0,0.0,0.0,V
100.316,stepper_y1,,20,,0,0.0,0.0,0.0,0.0,V
100.337,stepper_x,,20,,0,0.0,0.0,0.0,0.0,V
100.337,stepper_y,,20,,0,0.0,0.0,0.0,0.0,V
100.337,stepper_y1,,20,,0,0.0,0.0,0.0,0.0,V
100.357,stepper_x,,20,,0,0.0,0.0,0.0,0.0,V
100.357,stepper_y,,20,,0,0.0,0.0,0.0,0.0,V
100.357,stepper_y1,,20,,0,0.0,0.0,0.0,0.0,V
100.377,stepper_x,,20,,0,0.0,0.0,0.0,0.0,V
100.377,stepper_y,,20,,0,0.0,0.0,0.0,0.0,V
100.377,stepper_y1,,20,,0,0.0,0.0,0.0,0.0,V
100.397,stepper_x,,20,,0,0.0,0.0,0.0,0.0,V
100.397,stepper_y,,20,,0,0.0,0.0,0.0,0.0,V
100.397,stepper_y1,,20,,0,0.0,0.0,0.0,0.0,V
100.417,stepper_x,,20,,0,0.0,0.0,0.0,0.0,V
100.417,stepper_y,,20,,0,0.0,0.0,0.0,0.0,V
100.417,stepper_y1,,20,,0,0.0,0.0,0.0,0.0,V
100.438,stepper_x,,20,,0,0.0,0.0,0.0,0.0,V
100.438,stepper_y,,20,,0,0.0,0.0,0.0,0.0,V
100.438,stepper_y1,,20,,0,0.0,0.0,0.0,0.0,V
100.458,stepper_x,,20,,0,0.0,0.0,0.0,0.0,V
100.458,stepper_y,,20,,0,0.0,0.0,0.0,0.0,V
100.458,stepper_y1,,20,,0,0.0,0.0,0.0,0.0,V
100.478,stepper_x,,20,,0,0.0,0.0,0.0,0.0,V
100.478,stepper_y,,20,,0,0.0,0.0,0.0,0.0,V
100.478,stepper_y1,,20,,0,0.0,0.0,0.0,0.0,V
100.498,stepper_x,,20,,0,0.0,0.0,0.0,0.0,V
100.498,stepper_y,,20,,0,0.0,0.0,0.0,0.0,V
100.498,stepper_y1,,20,,0,0.0,0.0,0.0,0.0,V
100.519,stepper_x,,20,,0,0.0,0.0,0.0,0.0,V
100.519,stepper_y,,20,,0,0.0,0.0,0.0,0.0,V
100.519,stepper_y1,,20,,0,0.0,0.0,0.0,0.0,V
100.539,stepper_x,,20,,0,0.0,0.0,0.0,0.0,V
100.539,stepper_y,,20,,0,0.0,0.0,0.0,0.0,V
100.539,stepper_y1,,20,,0,0.0,0.0,0.0,0.0,V
100.559,stepper_x,,20,,0,0.0,0.0,0.0,0.0,V
100.559,stepper_y,,20,,0,0.0,0.0,0.0,0.0,V
100.559,stepper_y1,,20,,0,0.0,0.0,0.0,0.0,V
100.579,stepper_x,,20,,0,0.0,0.0,0.0,0.0,V
100.579,stepper_y,,20,,0,0.0,0.0,0.0,0.0,V
100.579,stepper_y1,,20,,0,0.0,0.0,0.0,0.0,V
100.599,stepper_x,,20,,0,0.0,0.0,0.0,0.0,V
100.599,stepper_y,,20,,0,0.0,0.0,0.0,0.0,V
100.599,stepper_y1,,20,,0,0.0,0.0,0.0,0.0,V
100.62,stepper_x,,20,,0,0.0,0.0,0.0,0.0,V
100.62,stepper_y,,20,,0,0.0,0.0,0.0,0.0,V
100.62,stepper_y1,,20,,0,0.0,0.0,0.0,0.0,V
100.64,stepper_x,,20,,0,0.0,0.0,0.0,0.0,V
100.64,stepper_y,,20,,0,0.0,0.0,0.0,0.0,V
100.64,stepper_y1,,20,,0,0.0,0.0,0.0,0.0,V
100.66,stepper_x,,20,,0,0.0,0.0,0.0,0.0,V
100.66,stepper_y,,20,,0,0.0,0.0,0.0,0.0,V
100.66,stepper_y1,,20,,0,0.0,0.0,0.0,0.0,V
100.68,stepper_x,,20,,0,0.0,0.0,0.0,0.0,V
100.68,stepper_y,,20,,0,0.0,0.0,0.0,0.0,V
100.68,stepper_y1,,20,,0,0.0,0.0,0.0,0.0,V
100.7,stepper_x,,20,,0,0.0,0.0,0.0,0.0,V
100.7,stepper_y,,20,,0,0.0,0.0,0.0,0.0,V
100.7,stepper_y1,,20,,0,0.0,0.0,0.0,0.0,V
100.721,stepper_x,,20,,0,0.0,0.0,0.0,0.0,V
100.721,stepper_y,,20,,0,0.0,0.0,0.0,0.0,V
100.721,stepper_y1,,20,,0,0.0,0.0,0.0,0.0,V
100.741,stepper_x,,20,,0,0.0,0.0,0.0,0.0,V
100.741,stepper_y,,20,,0,0.0,0.0,0.0,0.0,V
100.741,stepper_y1,,20,,0,0.0,0.0,0.0,0.0,V
100.761,stepper_x,,20,,0,0.0,0.0,0.0,0.0,V
100.761,stepper_y,,20,,0,0.0,0.0,0.0,0.0,V
100.761,stepper_y1,,20,,0,0.0,0.0,0.0,0.0,V
100.781,stepper_x,,20,,0,0.0,0.0,0.0,0.0,V
100.781,stepper_y,,20,,0,0.0,0.0,0.0,0.0,V
100.781,stepper_y1,,20,,0,0.0,0.0,0.0,0.0,V
100.802,stepper_x,,20,,0,0.0,0.0,0.0,0.0,V
100.802,stepper_y,,20,,0,0.0,0.0,0.0,0.0,V
100.802,stepper_y1,,20,,0,0.0,0.0,0.0,0.0,V
100.823,stepper_x,,20,,0,0.0,0.0,0.0,0.0,V
100.823,stepper_y,,20,,0,0.0,0.0,0.0,0.0,V
100.823,stepper_y1,,20,,0,0.0,0.0,0.0,0.0,V
100.843,stepper_x,,20,,0,0.0,0.0,0.0,0.0,V
100.843,stepper_y,,20,,0,0.0,0.0,0.0,0.0,V
100.843,stepper_y1,,20,,0,0.0,0.0,0.0,0.0,V
100.863,stepper_x,,20,,0,0.0,0.0,0.0,0.0,V
100.863,stepper_y,,20,,0,0.0,0.0,0.0,0.0,V
100.863,stepper_y1,,20,,0,0.0,0.0,0.0,0.0,V
100.883,stepper_x,,20,,0,0.0,0.0,0.0,0.0,V
100.883,stepper_y,,20,,0,0.0,0.0,0.0,0.0,V
100.883,stepper_y1,,20,,0,0.0,0.0,0.0,0.0,V
100.903,stepper_x,,20,,0,0.0,0.0,0.0,0.0,V
100.903,stepper_y,,20,,0,0.0,0.0,0.0,0.0,V
100.903,stepper_y1,,20,,0,0.0,0.0,0.0,0.0,V
100.924,stepper_x,,20,,0,0.0,0.0,0.0,0.0,V
100.924,stepper_y,,20,,0,0.0,0.0,0.0,0.0,V
100.924,stepper_y1,,20,,0,0.0,0.0,0.0,0.0,V
100.944,stepper_x,,20,,0,0.0,0.0,0.0,0.0,V
100.944,stepper_y,,20,,0,0.0,0.0,0.0,0.0,V
100.944,stepper_y1,,20,,0,0.0,0.0,0.0,0.0,V
100.964,stepper_x,,20,,0,0.0,0.0,0.0,0.0,V
100.964,stepper_y,,20,,0,0.0,0.0,0.0,0.0,V
100.964,stepper_y1,,20,,0,0.0,0.0,0.0,0.0,V
100.984,stepper_x,,20,,0,0.0,0.0,0.0,0.0,V
100.984,stepper_y,,20,,0,0.0,0.0,0.0,0.0,V
100.984,stepper_y1,,20,,0,0.0,0.0,0.0,0.0,V
101.004,stepper_x,,20,,0,0.0,0.0,0.0,0.0,V
101.004,stepper_y,,20,,0,0.0,0.0,0.0,0.0,V
101.004,stepper_y1,,20,,0,0.0,0.0,0.0,0.0,V
101.025,stepper_x,,20,,0,0.0,0.0,0.0,0.0,V
101.025,stepper_y,,20,,0,0.0,0.0,0.0,0.0,V
101.025,stepper_y1,,20,,0,0.0,0.0,0.0,0.0,V
101.045,stepper_x,,20,,0,0.0,0.0,0.0,0.0,V
101.045,stepper_y,,20,,0,0.0,0.0,0.0,0.0,V
101.045,stepper_y1,,20,,0,0.0,0.0,0.0,0.0,V
101.066,stepper_x,,20,,0,0.0,0.0,0.0,0.0,V
101.066,stepper_y,,20,,0,0.0,0.0,0.0,0.0,V
101.066,stepper_y1,,20,,0,0.0,0.0,0.0,0.0,V
101.086,stepper_x,,20,,0,0.0,0.0,0.0,0.0,V
101.086,stepper_y,,20,,0,0.0,0.0,0.0,0.0,V
101.086,stepper_y1,,20,,0,0.0,0.0,0.0,0.0,V
101.107,stepper_x,,20,,0,0.0,0.0,0.0,0.0,V
101.107,stepper_y,,20,,0,0.0,0.0,0.0,0.0,V
101.107,stepper_y1,,20,,0,0.0,0.0,0.0,0.0,V
101.127,stepper_x,,20,,0,0.0,0.0,0.0,0.0,V
101.127,stepper_y,,20,,0,0.0,0.0,0.0,0.0,V
101.127,stepper_y1,,20,,0,0.0,0.0,0.0,0.0,V
101.147,stepper_x,,20,,0,0.0,0.0,0.0,0.0,V
101.147,stepper_y,,20,,0,0.0,0.0,0.0,0.0,V
101.147,stepper_y1,,20,,0,0.0,0.0,0.0,0.0,V
101.167,stepper_x,,20,,0,0.0,0.0,0.0,0.0,V
101.167,stepper_y,,20,,0,0.0,0.0,0.0,0.0,V
101.167,stepper_y1,,20,,0,0.0,0.0,0.0,0.0,V
101.187,stepper_x,,20,,0,0.0,0.0,0.0,0.0,V
101.187,stepper_y,,20,,0,0.0,0.0,0.0,0.0,V
101.187,stepper_y1,,20,,0,0.0,0.0,0.0,0.0,V
101.208,stepper_x,,20,,0,0.0,0.0,0.0,0.0,V
101.208,stepper_y,,20,,0,0.0,0.0,0.0,0.0,V
101.208,stepper_y1,,20,,0,0.0,0.0,0.0,0.0,V
101.228,stepper_x,,20,,0,0.0,0.0,0.0,0.0,V
101.228,stepper_y,,20,,0,0.0,0.0,0.0,0.0,V
101.228,stepper_y1,,20,,0,0.0,0.0,0.0,0.0,V
101.248,stepper_x,,20,,0,0.0,0.0,0.0,0.0,V
101.248,stepper_y,,20,,0,0.0,0.0,0.0,0.0,V
101.248,stepper_y1,,20,,0,0.0,0.0,0.0,0.0,V
101.268,stepper_x,,20,,0,0.0,0.0,0.0,0.0,V
101.268,stepper_y,,20,,0,0.0,0.0,0.0,0.0,V
101.268,stepper_y1,,20,,0,0.0,0.0,0.0,0.0,V
101.288,stepper_x,,20,,0,0.0,0.0,0.0,0.0,V
101.288,stepper_y,,20,,0,0.0,0.0,0.0,0.0,V
101.288,stepper_y1,,20,,0,0.0,0.0,0.0,0.0,V
101.308,stepper_x,,20,,0,0.0,0.0,0.0,0.0,V
101.308,stepper_y,,20,,0,0.0,0.0,0.0,0.0,V
101.308,stepper_y1,,20,,0,0.0,0.0,0.0,0.0,V
101.329,stepper_x,,20,,0,0.0,0.0,0.0,0.0,V
101.329,stepper_y,,20,,0,0.0,0.0,0.0,0.0,V
101.329,stepper_y1,,20,,0,0.0,0.0,0.0,0.0,V
101.349,stepper_x,,20,,0,0.0,0.0,0.0,0.0,V
101.349,stepper_y,,20,,0,0.0,0.0,0.0,0.0,V
101.349,stepper_y1,,20,,0,0.0,0.0,0.0,0.0,V
101.369,stepper_x,,20,,0,0.0,0.0,0.0,0.0,V
101.369,stepper_y,,20,,0,0.0,0.0,0.0,0.0,V
101.369,stepper_y1,,20,,0,0.0,0.0,0.0,0.0,V
101.389,stepper_x,,20,,0,0.0,0.0,0.0,0.0,V
101.389,stepper_y,,20,,0,0.0,0.0,0.0,0.0,V
101.389,stepper_y1,,20,,0,0.0,0.0,0.0,0.0,V
101.41,stepper_x,,20,,0,0.0,0.0,0.0,0.0,V
101.41,stepper_y,,20,,0,0.0,0.0,0.0,0.0,V
101.41,stepper_y1,,20,,0,0.0,0.0,0.0,0.0,V
101.43,stepper_x,,20,,0,0.0,0.0,0.0,0.0,V
101.43,stepper_y,,20,,0,0.0,0.0,0.0,0.0,V
101.43,stepper_y1,,20,,0,0.0,0.0,0.0,0.0,V
101.45,stepper_x,,20,,0,0.0,0.0,0.0,0.0,V
101.45,stepper_y,,20,,0,0.0,0.0,0.0,0.0,V
101.45,stepper_y1,,20,,0,0.0,0.0,0.0,0.0,V
101.47,stepper_x,,20,,0,0.0,0.0,0.0,0.0,V
101.47,stepper_y,,20,,0,0.0,0.0,0.0,0.0,V
101.47,stepper_y1,,20,,0,0.0,0.0,0.0,0.0,V
101.49,stepper_x,,20,,0,0.0,0.0,0.0,0.0,V
101.49,stepper_y,,20,,0,0.0,0.0,0.0,0.0,V
101.49,stepper_y1,,20,,0,0.0,0.0,0.0,0.0,V
101.51,stepper_x,,20,,0,0.0,0.0,0.0,0.0,V
101.51,stepper_y,,20,,0,0.0,0.0,0.0,0.0,V
101.51,stepper_y1,,20,,0,0.0,0.0,0.0,0.0,V
101.531,stepper_x,,20,,0,0.0,0.0,0.0,0.0,V
101.531,stepper_y,,20,,0,0.0,0.0,0.0,0.0,V
101.531,stepper_y1,,20,,0,0.0,0.0,0.0,0.0,V
101.551,stepper_x,,20,,0,0.0,0.0,0.0,0.0,V
101.551,stepper_y,,20,,0,0.0,0.0,0.0,0.0,V
101.551,stepper_y1,,20,,0,0.0,0.0,0.0,0.0,V
101.572,stepper_x,,20,,0,0.0,0.0,0.0,0.0,V
101.572,stepper_y,,20,,0,0.0,0.0,0.0,0.0,V
101.572,stepper_y1,,20,,0,0.0,0.0,0.0,0.0,V
101.592,stepper_x,,20,,0,0.0,0.0,0.0,0.0,V
101.592,stepper_y,,20,,0,0.0,0.0,0.0,0.0,V
101.592,stepper_y1,,20,,0,0.0,0.0,0.0,0.0,V
101.612,stepper_x,,20,,0,0.0,0.0,0.0,0.0,V
101.612,stepper_y,,20,,0,0.0,0.0,0.0,0.0,V
101.612,stepper_y1,,20,,0,0.0,0.0,0.0,0.0,V
101.633,stepper_x,,20,,0,0.0,0.0,0.0,0.0,V
101.633,stepper_y,,20,,0,0.0,0.0,0.0,0.0,V
101.633,stepper_y1,,20,,0,0.0,0.0,0.0,0.0,V
101.653,stepper_x,,20,,0,0.0,0.0,0.0,0.0,V
101.653,stepper_y,,20,,0,0.0,0.0,0.0,0.0,V
101.653,stepper_y1,,20,,0,0.0,0.0,0.0,0.0,V
101.673,stepper_x,,20,,0,0.0,0.0,0.0,0.0,V
101.673,stepper_y,,20,,0,0.0,0.0,0.0,0.0,V
101.673,stepper_y1,,20,,0,0.0,0.0,0.0,0.0,V
101.693,stepper_x,,20,,0,0.0,0.0,0.0,0.0,V
101.693,stepper_y,,20,,0,0.0,0.0,0.0,0.0,V
101.693,stepper_y1,,20,,0,0.0,0.0,0.0,0.0,V
101.713,stepper_x,,20,,0,0.0,0.0,0.0,0.0,V
101.713,stepper_y,,20,,0,0.0,0.0,0.0,0.0,V
101.713,stepper_y1,,20,,0,0.0,0.0,0.0,0.0,V
101.734,stepper_x,,20,,0,0.0,0.0,0.0,0.0,V
101.734,stepper_y,,20,,0,0.0,0.0,0.0,0.0,V
101.734,stepper_y1,,20,,0,0.0,0.0,0.0,0.0,V
101.754,stepper_x,,20,,0,0.0,0.0,0.0,0.0,V
101.754,stepper_y,,20,,0,0.0,0.0,0.0,0.0,V
101.754,stepper_y1,,20,,0,0.0,0.0,0.0,0.0,V
101.774,stepper_x,,20,,0,0.0,0.0,0.0,0.0,V
101.774,stepper_y,,20,,0,0.0,0.0,0.0,0.0,V
101.774,stepper_y1,,20,,0,0.0,0.0,0.0,0.0,V
101.794,stepper_x,,20,,0,0.0,0.0,0.0,0.0,V
101.794,stepper_y,,20,,0,0.0,0.0,0.0,0.0,V
101.794,stepper_y1,,20,,0,0.0,0.0,0.0,0.0,V
101.815,stepper_x,,20,,0,0.0,0.0,0.0,0.0,V
101.815,stepper_y,,20,,0,0.0,0.0,0.0,0.0,V
101.815,stepper_y1,,20,,0,0.0,0.0,0.0,0.0,V
101.836,stepper_x,,20,,0,0.0,0.0,0.0,0.0,V
101.836,stepper_y,,20,,0,0.0,0.0,0.0,0.0,V
101.836,stepper_y1,,20,,0,0.0,0.0,0.0,0.0,V
101.856,stepper_x,,20,,0,0.0,0.0,0.0,0.0,V
101.856,stepper_y,,20,,0,0.0,0.0,0.0,0.0,V
101.856,stepper_y1,,20,,0,0.0,0.0,0.0,0.0,V
101.876,stepper_x,,20,,0,0.0,0.0,0.0,0.0,V
101.876,stepper_y,,20,,0,0.0,0.0,0.0,0.0,V
101.876,stepper_y1,,20,,0,0.0,0.0,0.0,0.0,V
101.896,stepper_x,,20,,0,0.0,0.0,0.0,0.0,V
101.896,stepper_y,,20,,0,0.0,0.0,0.0,0.0,V
101.896,stepper_y1,,20,,0,0.0,0.0,0.0,0.0,V
101.917,stepper_x,,20,,0,0.0,0.0,0.0,0.0,V
101.917,stepper_y,,20,,0,0.0,0.0,0.0,0.0,V
101.917,stepper_y1,,20,,0,0.0,0.0,0.0,0.0,V
101.937,stepper_x,,20,,0,0.0,0.0,0.0,0.0,V
101.937,stepper_y,,20,,0,0.0,0.0,0.0,0.0,V
101.937,stepper_y1,,20,,0,0.0,0.0,0.0,0.0,V
101.957,stepper_x,,20,,0,0.0,0.0,0.0,0.0,V
101.957,stepper_y,,20,,0,0.0,0.0,0.0,0.0,V
101.957,stepper_y1,,20,,0,0.0,0.0,0.0,0.0,V
101.977,stepper_x,,20,,0,0.0,0.0,0.0,0.0,V
101.977,stepper_y,,20,,0,0.0,0.0,0.0,0.0,V
101.977,stepper_y1,,20,,0,0.0,0.0,0.0,0.0,V
101.998,stepper_x,,20,,0,0.0,0.0,0.0,0.0,V
101.998,stepper_y,,20,,0,0.0,0.0,0.0,0.0,V
101.998,stepper_y1,,20,,0,0.0,0.0,0.0,0.0,V
102.018,stepper_x,,20,,0,0.0,0.0,0.0,0.0,V
102.018,stepper_y,,20,,0,0.0,0.0,0.0,0.0,V
102.018,stepper_y1,,20,,0,0.0,0.0,0.0,0.0,V
102.038,stepper_x,,20,,0,0.0,0.0,0.0,0.0,V
102.038,stepper_y,,20,,0,0.0,0.0,0.0,0.0,V
102.038,stepper_y1,,20,,0,0.0,0.0,0.0,0.0,V
102.058,stepper_x,,20,,0,0.0,0.0,0.0,0.0,V
102.058,stepper_y,,20,,0,0.0,0.0,0.0,0.0,V
102.058,stepper_y1,,20,,0,0.0,0.0,0.0,0.0,V
102.078,stepper_x,,20,,0,0.0,0.0,0.0,0.0,V
102.078,stepper_y,,20,,0,0.0,0.0,0.0,0.0,V
102.078,stepper_y1,,20,,0,0.0,0.0,0.0,0.0,V
102.099,stepper_x,,20,,0,0.0,0.0,0.0,0.0,V
102.099,stepper_y,,20,,0,0.0,0.0,0.0,0.0,V
102.099,stepper_y1,,20,,0,0.0,0.0,0.0,0.0,V
102.119,stepper_x,,20,,0,0.0,0.0,0.0,0.0,V
102.119,stepper_y,,20,,0,0.0,0.0,0.0,0.0,V
102.119,stepper_y1,,20,,0,0.0,0.0,0.0,0.0,V
102.139,stepper_x,,20,,0,0.0,0.0,0.0,0.0,V
102.139,stepper_y,,20,,0,0.0,0.0,0.0,0.0,V
102.139,stepper_y1,,20,,0,0.0,0.0,0.0,0.0,V
102.159,stepper_x,,20,,0,0.0,0.0,0.0,0.0,V
102.159,stepper_y,,20,,0,0.0,0.0,0.0,0.0,V
102.159,stepper_y1,,20,,0,0.0,0.0,0.0,0.0,V
102.179,stepper_x,,20,,0,0.0,0.0,0.0,0.0,V
102.179,stepper_y,,20,,0,0.0,0.0,0.0,0.0,V
102.179,stepper_y1,,20,,0,0.0,0.0,0.0,0.0,V
102.2,stepper_x,,20,,0,0.0,0.0,0.0,0.0,V
102.2,stepper_y,,20,,0,0.0,0.0,0.0,0.0,V
102.2,stepper_y1,,20,,0,0.0,0.0,0.0,0.0,V
102.22,stepper_x,,20,,0,0.0,0.0,0.0,0.0,V
102.22,stepper_y,,20,,0,0.0,0.0,0.0,0.0,V
102.22,stepper_y1,,20,,0,0.0,0.0,0.0,0.0,V
102.24,stepper_x,,20,,0,0.0,0.0,0.0,0.0,V
102.24,stepper_y,,20,,0,0.0,0.0,0.0,0.0,V
102.24,stepper_y1,,20,,0,0.0,0.0,0.0,0.0,V
102.26,stepper_x,,20,,0,0.0,0.0,0.0,0.0,V
102.26,stepper_y,,20,,0,0.0,0.0,0.0,0.0,V
102.26,stepper_y1,,20,,0,0.0,0.0,0.0,0.0,V
102.28,stepper_x,,20,,0,0.0,0.0,0.0,0.0,V
102.28,stepper_y,,20,,0,0.0,0.0,0.0,0.0,V
102.28,stepper_y1,,20,,0,0.0,0.0,0.0,0.0,V
102.301,stepper_x,,20,,0,0.0,0.0,0.0,0.0,V
102.301,stepper_y,,20,,0,0.0,0.0,0.0,0.0,V
102.301,stepper_y1,,20,,0,0.0,0.0,0.0,0.0,V
102.321,stepper_x,,20,,0,0.0,0.0,0.0,0.0,V
102.321,stepper_y,,20,,0,0.0,0.0,0.0,0.0,V
102.321,stepper_y1,,20,,0,0.0,0.0,0.0,0.0,V
102.341,stepper_x,,20,,0,0.0,0.0,0.0,0.0,V
102.341,stepper_y,,20,,0,0.0,0.0,0.0,0.0,V
102.341,stepper_y1,,20,,0,0.0,0.0,0.0,0.0,V
102.361,stepper_x,,20,,0,0.0,0.0,0.0,0.0,V
102.361,stepper_y,,20,,0,0.0,0.0,0.0,0.0,V
102.361,stepper_y1,,20,,0,0.0,0.0,0.0,0.0,V
102.382,stepper_x,,20,,0,0.0,0.0,0.0,0.0,V
102.382,stepper_y,,20,,0,0.0,0.0,0.0,0.0,V
102.382,stepper_y1,,20,,0,0.0,0.0,0.0,0.0,V
102.402,stepper_x,,20,,0,0.0,0.0,0.0,0.0,V
102.402,stepper_y,,20,,0,0.0,0.0,0.0,0.0,V
102.402,stepper_y1,,20,,0,0.0,0.0,0.0,0.0,V
102.422,stepper_x,,20,,0,0.0,0.0,0.0,0.0,V
102.422,stepper_y,,20,,0,0.0,0.0,0.0,0.0,V
102.422,stepper_y1,,20,,0,0.0,0.0,0.0,0.0,V
102.442,stepper_x,,20,,0,0.0,0.0,0.0,0.0,V
102.442,stepper_y,,20,,0,0.0,0.0,0.0,0.0,V
102.442,stepper_y1,,20,,0,0.0,0.0,0.0,0.0,V
102.462,stepper_x,,20,,0,0.0,0.0,0.0,0.0,V
102.462,stepper_y,,20,,0,0.0,0.0,0.0,0.0,V
102.462,stepper_y1,,20,,0,0.0,0.0,0.0,0.0,V
102.482,stepper_x,,20,,0,0.0,0.0,0.0,0.0,V
102.482,stepper_y,,20,,0,0.0,0.0,0.0,0.0,V
102.482,stepper_y1,,20,,0,0.0,0.0,0.0,0.0,V
102.503,stepper_x,,20,,0,0.0,0.0,0.0,0.0,V
102.503,stepper_y,,20,,0,0.0,0.0,0.0,0.0,V
102.503,stepper_y1,,20,,0,0.0,0.0,0.0,0.0,V
102.523,stepper_x,,20,,0,0.0,0.0,0.0,0.0,V
102.523,stepper_y,,20,,0,0.0,0.0,0.0,0.0,V
102.523,stepper_y1,,20,,0,0.0,0.0,0.0,0.0,V
102.543,stepper_x,,20,,0,0.0,0.0,0.0,0.0,V
102.543,stepper_y,,20,,0,0.0,0.0,0.0,0.0,V
102.543,stepper_y1,,20,,0,0.0,0.0,0.0,0.0,V
102.564,stepper_x,,20,,0,0.0,0.0,0.0,0.0,V
102.564,stepper_y,,20,,0,0.0,0.0,0.0,0.0,V
102.564,stepper_y1,,20,,0,0.0,0.0,0.0,0.0,V
102.584,stepper_x,,20,,0,0.0,0.0,0.0,0.0,V
102.584,stepper_y,,20,,0,0.0,0.0,0.0,0.0,V
102.584,stepper_y1,,20,,0,0.0,0.0,0.0,0.0,V
102.605,stepper_x,,20,,0,0.0,0.0,0.0,0.0,V
102.605,stepper_y,,20,,0,0.0,0.0,0.0,0.0,V
102.605,stepper_y1,,20,,0,0.0,0.0,0.0,0.0,V
102.625,stepper_x,,20,,0,0.0,0.0,0.0,0.0,V
102.625,stepper_y,,20,,0,0.0,0.0,0.0,0.0,V
102.625,stepper_y1,,20,,0,0.0,0.0,0.0,0.0,V
102.645,stepper_x,,20,,0,0.0,0.0,0.0,0.0,V
102.645,stepper_y,,20,,0,0.0,0.0,0.0,0.0,V
102.645,stepper_y1,,20,,0,0.0,0.0,0.0,0.0,V
102.665,stepper_x,,20,,0,0.0,0.0,0.0,0.0,V
102.665,stepper_y,,20,,0,0.0,0.0,0.0,0.0,V
102.665,stepper_y1,,20,,0,0.0,0.0,0.0,0.0,V
102.686,stepper_x,,20,,0,0.0,0.0,0.0,0.0,V
102.686,stepper_y,,20,,0,0.0,0.0,0.0,0.0,V
102.686,stepper_y1,,20,,0,0.0,0.0,0.0,0.0,V
102.706,stepper_x,,20,,0,0.0,0.0,0.0,0.0,V
102.706,stepper_y,,20,,0,0.0,0.0,0.0,0.0,V
102.706,stepper_y1,,20,,0,0.0,0.0,0.0,0.0,V
102.726,stepper_x,,20,,0,0.0,0.0,0.0,0.0,V
102.726,stepper_y,,20,,0,0.0,0.0,0.0,0.0,V
102.726,stepper_y1,,20,,0,0.0,0.0,0.0,0.0,V
102.746,stepper_x,,20,,0,0.0,0.0,0.0,0.0,V
102.746,stepper_y,,20,,0,0.0,0.0,0.0,0.0,V
102.746,stepper_y1,,20,,0,0.0,0.0,0.0,0.0,V
102.766,stepper_x,,20,,0,0.0,0.0,0.0,0.0,V
102.766,stepper_y,,20,,0,0.0,0.0,0.0,0.0,V
102.766,stepper_y1,,20,,0,0.0,0.0,0.0,0.0,V
102.787,stepper_x,,20,,0,0.0,0.0,0.0,0.0,V
102.787,stepper_y,,20,,0,0.0,0.0,0.0,0.0,V
102.787,stepper_y1,,20,,0,0.0,0.0,0.0,0.0,V
102.808,stepper_x,,20,,0,0.0,0.0,0.0,0.0,V
102.808,stepper_y,,20,,0,0.0,0.0,0.0,0.0,V
102.808,stepper_y1,,20,,0,0.0,0.0,0.0,0.0,V
102.828,stepper_x,,20,,0,0.0,0.0,0.0,0.0,V
102.828,stepper_y,,20,,0,0.0,0.0,0.0,0.0,V
102.828,stepper_y1,,20,,0,0.0,0.0,0.0,0.0,V
102.848,stepper_x,,20,,0,0.0,0.0,0.0,0.0,V
102.848,stepper_y,,20,,0,0.0,0.0,0.0,0.0,V
102.848,stepper_y1,,20,,0,0.0,0.0,0.0,0.0,V
102.869,stepper_x,,20,,0,0.0,0.0,0.0,0.0,V
102.869,stepper_y,,20,,0,0.0,0.0,0.0,0.0,V
102.869,stepper_y1,,20,,0,0.0,0.0,0.0,0.0,V
102.889,stepper_x,,20,,0,0.0,0.0,0.0,0.0,V
102.889,stepper_y,,20,,0,0.0,0.0,0.0,0.0,V
102.889,stepper_y1,,20,,0,0.0,0.0,0.0,0.0,V
102.909,stepper_x,,20,,0,0.0,0.0,0.0,0.0,V
102.909,stepper_y,,20,,0,0.0,0.0,0.0,0.0,V
102.909,stepper_y1,,20,,0,0.0,0.0,0.0,0.0,V
102.929,stepper_x,,20,,0,0.0,0.0,0.0,0.0,V
102.929,stepper_y,,20,,0,0.0,0.0,0.0,0.0,V
102.929,stepper_y1,,20,,0,0.0,0.0,0.0,0.0,V
102.949,stepper_x,,20,,0,0.0,0.0,0.0,0.0,V
102.949,stepper_y,,20,,0,0.0,0.0,0.0,0.0,V
102.949,stepper_y1,,20,,0,0.0,0.0,0.0,0.0,V
102.969,stepper_x,,20,,0,0.0,0.0,0.0,0.0,V
102.969,stepper_y,,20,,0,0.0,0.0,0.0,0.0,V
102.969,stepper_y1,,20,,0,0.0,0.0,0.0,0.0,V
102.99,stepper_x,,20,,0,0.0,0.0,0.0,0.0,V
102.99,stepper_y,,20,,0,0.0,0.0,0.0,0.0,V
102.99,stepper_y1,,20,,0,0.0,0.0,0.0,0.0,V
103.01,stepper_x,,20,,0,0.0,0.0,0.0,0.0,V
103.01,stepper_y,,20,,0,0.0,0.0,0.0,0.0,V
103.01,stepper_y1,,20,,0,0.0,0.0,0.0,0.0,V
103.031,stepper_x,,20,,0,0.0,0.0,0.0,0.0,V
103.031,stepper_y,,20,,0,0.0,0.0,0.0,0.0,V
103.031,stepper_y1,,20,,0,0.0,0.0,0.0,0.0,V
103.052,stepper_x,,20,,0,0.0,0.0,0.0,0.0,V
103.052,stepper_y,,20,,0,0.0,0.0,0.0,0.0,V
103.052,stepper_y1,,20,,0,0.0,0.0,0.0,0.0,V
103.072,stepper_x,,20,,0,0.0,0.0,0.0,0.0,V
103.072,stepper_y,,20,,0,0.0,0.0,0.0,0.0,V
103.072,stepper_y1,,20,,0,0.0,0.0,0.0,0.0,V
103.093,stepper_x,,20,,0,0.0,0.0,0.0,0.0,V
103.093,stepper_y,,20,,0,0.0,0.0,0.0,0.0,V
103.093,stepper_y1,,20,,0,0.0,0.0,0.0,0.0,V
103.113,stepper_x,,20,,0,0.0,0.0,0.0,0.0,V
103.113,stepper_y,,20,,0,0.0,0.0,0.0,0.0,V
103.113,stepper_y1,,20,,0,0.0,0.0,0.0,0.0,V
103.133,stepper_x,,20,,0,0.0,0.0,0.0,0.0,V
103.133,stepper_y,,20,,0,0.0,0.0,0.0,0.0,V
103.133,stepper_y1,,20,,0,0.0,0.0,0.0,0.0,V
103.154,stepper_x,,20,,0,0.0,0.0,0.0,0.0,V
103.154,stepper_y,,20,,0,0.0,0.0,0.0,0.0,V
103.154,stepper_y1,,20,,0,0.0,0.0,0.0,0.0,V
103.174,stepper_x,,20,,0,0.0,0.0,0.0,0.0,V
103.174,stepper_y,,20,,0,0.0,0.0,0.0,0.0,V
103.174,stepper_y1,,20,,0,0.0,0.0,0.0,0.0,V
103.194,stepper_x,,20,,0,0.0,0.0,0.0,0.0,V
103.194,stepper_y,,20,,0,0.0,0.0,0.0,0.0,V
103.194,stepper_y1,,20,,0,0.0,0.0,0.0,0.0,V
103.214,stepper_x,,20,,0,0.0,0.0,0.0,0.0,V
103.214,stepper_y,,20,,0,0.0,0.0,0.0,0.0,V
103.214,stepper_y1,,20,,0,0.0,0.0,0.0,0.0,V
103.235,stepper_x,,20,,0,0.0,0.0,0.0,0.0,V
103.235,stepper_y,,20,,0,0.0,0.0,0.0,0.0,V
103.235,stepper_y1,,20,,0,0.0,0.0,0.0,0.0,V
103.256,stepper_x,,20,,0,0.0,0.0,0.0,0.0,V
103.256,stepper_y,,20,,0,0.0,0.0,0.0,0.0,V
103.256,stepper_y1,,20,,0,0.0,0.0,0.0,0.0,V
103.276,stepper_x,,20,,0,0.0,0.0,0.0,0.0,V
103.276,stepper_y,,20,,0,0.0,0.0,0.0,0.0,V
103.276,stepper_y1,,20,,0,0.0,0.0,0.0,0.0,V
103.296,stepper_x,,20,,0,0.0,0.0,0.0,0.0,V
103.296,stepper_y,,20,,0,0.0,0.0,0.0,0.0,V
103.296,stepper_y1,,20,,0,0.0,0.0,0.0,0.0,V
103.317,stepper_x,,20,,0,0.0,0.0,0.0,0.0,V
103.317,stepper_y,,20,,0,0.0,0.0,0.0,0.0,V
103.317,stepper_y1,,20,,0,0.0,0.0,0.0,0.0,V
103.337,stepper_x,,20,,0,0.0,0.0,0.0,0.0,V
103.337,stepper_y,,20,,0,0.0,0.0,0.0,0.0,V
103.337,stepper_y1,,20,,0,0.0,0.0,0.0,0.0,V
103.358,stepper_x,,20,,0,0.0,0.0,0.0,0.0,V
103.358,stepper_y,,20,,0,0.0,0.0,0.0,0.0,V
103.358,stepper_y1,,20,,0,0.0,0.0,0.0,0.0,V
103.378,stepper_x,,20,,0,0.0,0.0,0.0,0.0,V
103.378,stepper_y,,20,,0,0.0,0.0,0.0,0.0,V
103.378,stepper_y1,,20,,0,0.0,0.0,0.0,0.0,V
103.398,stepper_x,,20,,0,0.0,0.0,0.0,0.0,V
103.398,stepper_y,,20,,0,0.0,0.0,0.0,0.0,V
103.398,stepper_y1,,20,,0,0.0,0.0,0.0,0.0,V
103.418,stepper_x,,20,,0,0.0,0.0,0.0,0.0,V
103.418,stepper_y,,20,,0,0.0,0.0,0.0,0.0,V
103.418,stepper_y1,,20,,0,0.0,0.0,0.0,0.0,V
103.439,stepper_x,,20,,0,0.0,0.0,0.0,0.0,V
103.439,stepper_y,,20,,0,0.0,0.0,0.0,0.0,V
103.439,stepper_y1,,20,,0,0.0,0.0,0.0,0.0,V
103.459,stepper_x,,20,,0,0.0,0.0,0.0,0.0,V
103.459,stepper_y,,20,,0,0.0,0.0,0.0,0.0,V
103.459,stepper_y1,,20,,0,0.0,0.0,0.0,0.0,V
103.479,stepper_x,,20,,0,0.0,0.0,0.0,0.0,V
103.479,stepper_y,,20,,0,0.0,0.0,0.0,0.0,V
103.479,stepper_y1,,20,,0,0.0,0.0,0.0,0.0,V
103.499,stepper_x,,20,,0,0.0,0.0,0.0,0.0,V
103.499,stepper_y,,20,,0,0.0,0.0,0.0,0.0,V
103.499,stepper_y1,,20,,0,0.0,0.0,0.0,0.0,V
103.519,stepper_x,,20,,0,0.0,0.0,0.0,0.0,V
103.519,stepper_y,,20,,0,0.0,0.0,0.0,0.0,V
103.519,stepper_y1,,20,,0,0.0,0.0,0.0,0.0,V
103.54,stepper_x,,20,,0,0.0,0.0,0.0,0.0,V
103.54,stepper_y,,20,,0,0.0,0.0,0.0,0.0,V
103.54,stepper_y1,,20,,0,0.0,0.0,0.0,0.0,V
103.56,stepper_x,,20,,0,0.0,0.0,0.0,0.0,V
103.56,stepper_y,,20,,0,0.0,0.0,0.0,0.0,V
103.56,stepper_y1,,20,,0,0.0,0.0,0.0,0.0,V
103.581,stepper_x,,20,,0,0.0,0.0,0.0,0.0,V
103.581,stepper_y,,20,,0,0.0,0.0,0.0,0.0,V
103.581,stepper_y1,,20,,0,0.0,0.0,0.0,0.0,V
103.601,stepper_x,,20,,0,0.0,0.0,0.0,0.0,V
103.601,stepper_y,,20,,0,0.0,0.0,0.0,0.0,V
103.601,stepper_y1,,20,,0,0.0,0.0,0.0,0.0,V
103.622,stepper_x,,20,,0,0.0,0.0,0.0,0.0,V
103.622,stepper_y,,20,,0,0.0,0.0,0.0,0.0,V
103.622,stepper_y1,,20,,0,0.0,0.0,0.0,0.0,V
103.642,stepper_x,,20,,0,0.0,0.0,0.0,0.0,V
103.642,stepper_y,,20,,0,0.0,0.0,0.0,0.0,V
103.642,stepper_y1,,20,,0,0.0,0.0,0.0,0.0,V
103.662,stepper_x,,20,,0,0.0,0.0,0.0,0.0,V
103.662,stepper_y,,20,,0,0.0,0.0,0.0,0.0,V
103.662,stepper_y1,,20,,0,0.0,0.0,0.0,0.0,V
103.682,stepper_x,,20,,0,0.0,0.0,0.0,0.0,V
103.682,stepper_y,,20,,0,0.0,0.0,0.0,0.0,V
103.682,stepper_y1,,20,,0,0.0,0.0,0.0,0.0,V
103.702,stepper_x,,20,,0,0.0,0.0,0.0,0.0,V
103.702,stepper_y,,20,,0,0.0,0.0,0.0,0.0,V
103.702,stepper_y1,,20,,0,0.0,0.0,0.0,0.0,V
103.723,stepper_x,,20,,0,0.0,0.0,0.0,0.0,V
103.723,stepper_y,,20,,0,0.0,0.0,0.0,0.0,V
103.723,stepper_y1,,20,,0,0.0,0.0,0.0,0.0,V
103.743,stepper_x,,20,,0,0.0,0.0,0.0,0.0,V
103.743,stepper_y,,20,,0,0.0,0.0,0.0,0.0,V
103.743,stepper_y1,,20,,0,0.0,0.0,0.0,0.0,V
103.763,stepper_x,,20,,0,0.0,0.0,0.0,0.0,V
103.763,stepper_y,,20,,0,0.0,0.0,0.0,0.0,V
103.763,stepper_y1,,20,,0,0.0,0.0,0.0,0.0,V
103.783,stepper_x,,20,,0,0.0,0.0,0.0,0.0,V
103.783,stepper_y,,20,,0,0.0,0.0,0.0,0.0,V
103.783,stepper_y1,,20,,0,0.0,0.0,0.0,0.0,V
103.803,stepper_x,,20,,0,0.0,0.0,0.0,0.0,V
103.803,stepper_y,,20,,0,0.0,0.0,0.0,0.0,V
103.803,stepper_y1,,20,,0,0.0,0.0,0.0,0.0,V
103.824,stepper_x,,20,,0,0.0,0.0,0.0,0.0,V
103.824,stepper_y,,20,,0,0.0,0.0,0.0,0.0,V
103.824,stepper_y1,,20,,0,0.0,0.0,0.0,0.0,V
103.844,stepper_x,,20,,0,0.0,0.0,0.0,0.0,V
103.844,stepper_y,,20,,0,0.0,0.0,0.0,0.0,V
103.844,stepper_y1,,20,,0,0.0,0.0,0.0,0.0,V
103.864,stepper_x,,20,,0,0.0,0.0,0.0,0.0,V
103.864,stepper_y,,20,,0,0.0,0.0,0.0,0.0,V
103.864,stepper_y1,,20,,0,0.0,0.0,0.0,0.0,V
103.884,stepper_x,,20,,0,0.0,0.0,0.0,0.0,V
103.884,stepper_y,,20,,0,0.0,0.0,0.0,0.0,V
103.884,stepper_y1,,20,,0,0.0,0.0,0.0,0.0,V
103.904,stepper_x,,20,,0,0.0,0.0,0.0,0.0,V
103.904,stepper_y,,20,,0,0.0,0.0,0.0,0.0,V
103.904,stepper_y1,,20,,0,0.0,0.0,0.0,0.0,V
103.925,stepper_x,,20,,0,0.0,0.0,0.0,0.0,V
103.925,stepper_y,,20,,0,0.0,0.0,0.0,0.0,V
103.925,stepper_y1,,20,,0,0.0,0.0,0.0,0.0,V
103.945,stepper_x,,20,,0,0.0,0.0,0.0,0.0,V
103.945,stepper_y,,20,,0,0.0,0.0,0.0,0.0,V
103.945,stepper_y1,,20,,0,0.0,0.0,0.0,0.0,V
103.965,stepper_x,,20,,0,0.0,0.0,0.0,0.0,V
103.965,stepper_y,,20,,0,0.0,0.0,0.0,0.0,V
103.965,stepper_y1,,20,,0,0.0,0.0,0.0,0.0,V
103.985,stepper_x,,20,,0,0.0,0.0,0.0,0.0,V
103.985,stepper_y,,20,,0,0.0,0.0,0.0,0.0,V
103.985,stepper_y1,,20,,0,0.0,0.0,0.0,0.0,V
104.005,stepper_x,,20,,0,0.0,0.0,0.0,0.0,V
104.005,stepper_y,,20,,0,0.0,0.0,0.0,0.0,V
104.005,stepper_y1,,20,,0,0.0,0.0,0.0,0.0,V
104.026,stepper_x,,20,,0,0.0,0.0,0.0,0.0,V
104.026,stepper_y,,20,,0,0.0,0.0,0.0,0.0,V
104.026,stepper_y1,,20,,0,0.0,0.0,0.0,0.0,V
104.046,stepper_x,,20,,0,0.0,0.0,0.0,0.0,V
104.046,stepper_y,,20,,0,0.0,0.0,0.0,0.0,V
104.046,stepper_y1,,20,,0,0.0,0.0,0.0,0.0,V
104.067,stepper_x,,20,,0,0.0,0.0,0.0,0.0,V
104.067,stepper_y,,20,,0,0.0,0.0,0.0,0.0,V
104.067,stepper_y1,,20,,0,0.0,0.0,0.0,0.0,V
104.087,stepper_x,,20,,0,0.0,0.0,0.0,0.0,V
104.087,stepper_y,,20,,0,0.0,0.0,0.0,0.0,V
104.087,stepper_y1,,20,,0,0.0,0.0,0.0,0.0,V
104.107,stepper_x,,20,,0,0.0,0.0,0.0,0.0,V
104.107,stepper_y,,20,,0,0.0,0.0,0.0,0.0,V
104.107,stepper_y1,,20,,0,0.0,0.0,0.0,0.0,V
104.128,stepper_x,,20,,0,0.0,0.0,0.0,0.0,V
104.128,stepper_y,,20,,0,0.0,0.0,0.0,0.0,V
104.128,stepper_y1,,20,,0,0.0,0.0,0.0,0.0,V
104.148,stepper_x,,20,,0,0.0,0.0,0.0,0.0,V
104.148,stepper_y,,20,,0,0.0,0.0,0.0,0.0,V
104.148,stepper_y1,,20,,0,0.0,0.0,0.0,0.0,V
104.168,stepper_x,,20,,0,0.0,0.0,0.0,0.0,V
104.168,stepper_y,,20,,0,0.0,0.0,0.0,0.0,V
104.168,stepper_y1,,20,,0,0.0,0.0,0.0,0.0,V
104.188,stepper_x,,20,,0,0.0,0.0,0.0,0.0,V
104.188,stepper_y,,20,,0,0.0,0.0,0.0,0.0,V
104.188,stepper_y1,,20,,0,0.0,0.0,0.0,0.0,V
104.208,stepper_x,,20,,0,0.0,0.0,0.0,0.0,V
104.208,stepper_y,,20,,0,0.0,0.0,0.0,0.0,V
104.208,stepper_y1,,20,,0,0.0,0.0,0.0,0.0,V
104.229,stepper_x,,20,,0,0.0,0.0,0.0,0.0,V
104.229,stepper_y,,20,,0,0.0,0.0,0.0,0.0,V
104.229,stepper_y1,,20,,0,0.0,0.0,0.0,0.0,V
104.249,stepper_x,,20,,0,0.0,0.0,0.0,0.0,V
104.249,stepper_y,,20,,0,0.0,0.0,0.0,0.0,V
104.249,stepper_y1,,20,,0,0.0,0.0,0.0,0.0,V
104.269,stepper_x,,20,,0,0.0,0.0,0.0,0.0,V
104.269,stepper_y,,20,,0,0.0,0.0,0.0,0.0,V
104.269,stepper_y1,,20,,0,0.0,0.0,0.0,0.0,V
104.289,stepper_x,,20,,0,0.0,0.0,0.0,0.0,V
104.289,stepper_y,,20,,0,0.0,0.0,0.0,0.0,V
104.289,stepper_y1,,20,,0,0.0,0.0,0.0,0.0,V
104.309,stepper_x,,20,,0,0.0,0.0,0.0,0.0,V
104.309,stepper_y,,20,,0,0.0,0.0,0.0,0.0,V
104.309,stepper_y1,,20,,0,0.0,0.0,0.0,0.0,V
104.33,stepper_x,,20,,0,0.0,0.0,0.0,0.0,V
104.33,stepper_y,,20,,0,0.0,0.0,0.0,0.0,V
104.33,stepper_y1,,20,,0,0.0,0.0,0.0,0.0,V
104.35,stepper_x,,20,,0,0.0,0.0,0.0,0.0,V
104.35,stepper_y,,20,,0,0.0,0.0,0.0,0.0,V
104.35,stepper_y1,,20,,0,0.0,0.0,0.0,0.0,V
104.37,stepper_x,,20,,0,0.0,0.0,0.0,0.0,V
104.37,stepper_y,,20,,0,0.0,0.0,0.0,0.0,V
104.37,stepper_y1,,20,,0,0.0,0.0,0.0,0.0,V
104.39,stepper_x,,20,,0,0.0,0.0,0.0,0.0,V
104.39,stepper_y,,20,,0,0.0,0.0,0.0,0.0,V
104.39,stepper_y1,,20,,0,0.0,0.0,0.0,0.0,V
104.41,stepper_x,,20,,0,0.0,0.0,0.0,0.0,V
104.41,stepper_y,,20,,0,0.0,0.0,0.0,0.0,V
104.41,stepper_y1,,20,,0,0.0,0.0,0.0,0.0,V
104.431,stepper_x,,20,,0,0.0,0.0,0.0,0.0,V
104.431,stepper_y,,20,,0,0.0,0.0,0.0,0.0,V
104.431,stepper_y1,,20,,0,0.0,0.0,0.0,0.0,V
104.451,stepper_x,,20,,0,0.0,0.0,0.0,0.0,V
104.451,stepper_y,,20,,0,0.0,0.0,0.0,0.0,V
104.451,stepper_y1,,20,,0,0.0,0.0,0.0,0.0,V
104.471,stepper_x,,20,,0,0.0,0.0,0.0,0.0,V
104.471,stepper_y,,20,,0,0.0,0.0,0.0,0.0,V
104.471,stepper_y1,,20,,0,0.0,0.0,0.0,0.0,V
104.491,stepper_x,,20,,0,0.0,0.0,0.0,0.0,V
104.491,stepper_y,,20,,0,0.0,0.0,0.0,0.0,V
104.491,stepper_y1,,20,,0,0.0,0.0,0.0,0.0,V
104.511,stepper_x,,20,,0,0.0,0.0,0.0,0.0,V
104.511,stepper_y,,20,,0,0.0,0.0,0.0,0.0,V
104.511,stepper_y1,,20,,0,0.0,0.0,0.0,0.0,V
104.532,stepper_x,,20,,0,0.0,0.0,0.0,0.0,V
104.532,stepper_y,,20,,0,0.0,0.0,0.0,0.0,V
104.532,stepper_y1,,20,,0,0.0,0.0,0.0,0.0,V
104.552,stepper_x,,20,,0,0.0,0.0,0.0,0.0,V
104.552,stepper_y,,20,,0,0.0,0.0,0.0,0.0,V
104.552,stepper_y1,,20,,0,0.0,0.0,0.0,0.0,V
104.573,stepper_x,,20,,0,0.0,0.0,0.0,0.0,V
104.573,stepper_y,,20,,0,0.0,0.0,0.0,0.0,V
104.573,stepper_y1,,20,,0,0.0,0.0,0.0,0.0,V
104.593,stepper_x,,20,,0,0.0,0.0,0.0,0.0,V
104.593,stepper_y,,20,,0,0.0,0.0,0.0,0.0,V
104.593,stepper_y1,,20,,0,0.0,0.0,0.0,0.0,V
104.613,stepper_x,,20,,0,0.0,0.0,0.0,0.0,V
104.613,stepper_y,,20,,0,0.0,0.0,0.0,0.0,V
104.613,stepper_y1,,20,,0,0.0,0.0,0.0,0.0,V
104.634,stepper_x,,20,,0,0.0,0.0,0.0,0.0,V
104.634,stepper_y,,20,,0,0.0,0.0,0.0,0.0,V
104.634,stepper_y1,,20,,0,0.0,0.0,0.0,0.0,V
104.654,stepper_x,,20,,0,0.0,0.0,0.0,0.0,V
104.654,stepper_y,,20,,0,0.0,0.0,0.0,0.0,V
104.654,stepper_y1,,20,,0,0.0,0.0,0.0,0.0,V
104.674,stepper_x,,20,,0,0.0,0.0,0.0,0.0,V
104.674,stepper_y,,20,,0,0.0,0.0,0.0,0.0,V
104.674,stepper_y1,,20,,0,0.0,0.0,0.0,0.0,V
104.694,stepper_x,,20,,0,0.0,0.0,0.0,0.0,V
104.694,stepper_y,,20,,0,0.0,0.0,0.0,0.0,V
104.694,stepper_y1,,20,,0,0.0,0.0,0.0,0.0,V
104.714,stepper_x,,20,,0,0.0,0.0,0.0,0.0,V
104.714,stepper_y,,20,,0,0.0,0.0,0.0,0.0,V
104.714,stepper_y1,,20,,0,0.0,0.0,0.0,0.0,V
104.735,stepper_x,,20,,0,0.0,0.0,0.0,0.0,V
104.735,stepper_y,,20,,0,0.0,0.0,0.0,0.0,V
104.735,stepper_y1,,20,,0,0.0,0.0,0.0,0.0,V
104.755,stepper_x,,20,,0,0.0,0.0,0.0,0.0,V
104.755,stepper_y,,20,,0,0.0,0.0,0.0,0.0,V
104.755,stepper_y1,,20,,0,0.0,0.0,0.0,0.0,V
104.775,stepper_x,,20,,0,0.0,0.0,0.0,0.0,V
104.775,stepper_y,,20,,0,0.0,0.0,0.0,0.0,V
104.775,stepper_y1,,20,,0,0.0,0.0,0.0,0.0,V
104.795,stepper_x,,20,,0,0.0,0.0,0.0,0.0,V
104.795,stepper_y,,20,,0,0.0,0.0,0.0,0.0,V
104.795,stepper_y1,,20,,0,0.0,0.0,0.0,0.0,V
104.816,stepper_x,,20,,0,0.0,0.0,0.0,0.0,V
104.816,stepper_y,,20,,0,0.0,0.0,0.0,0.0,V
104.816,stepper_y1,,20,,0,0.0,0.0,0.0,0.0,V
104.837,stepper_x,,20,,0,0.0,0.0,0.0,0.0,V
104.837,stepper_y,,20,,0,0.0,0.0,0.0,0.0,V
104.837,stepper_y1,,20,,0,0.0,0.0,0.0,0.0,V
104.857,stepper_x,,20,,0,0.0,0.0,0.0,0.0,V
104.857,stepper_y,,20,,0,0.0,0.0,0.0,0.0,V
104.857,stepper_y1,,20,,0,0.0,0.0,0.0,0.0,V
104.877,stepper_x,,20,,0,0.0,0.0,0.0,0.0,V
104.877,stepper_y,,20,,0,0.0,0.0,0.0,0.0,V
104.877,stepper_y1,,20,,0,0.0,0.0,0.0,0.0,V
104.897,stepper_x,,20,,0,0.0,0.0,0.0,0.0,V
104.897,stepper_y,,20,,0,0.0,0.0,0.0,0.0,V
104.897,stepper_y1,,20,,0,0.0,0.0,0.0,0.0,V
104.917,stepper_x,,20,,0,0.0,0.0,0.0,0.0,V
104.917,stepper_y,,20,,0,0.0,0.0,0.0,0.0,V
104.917,stepper_y1,,20,,0,0.0,0.0,0.0,0.0,V
104.938,stepper_x,,20,,0,0.0,0.0,0.0,0.0,V
104.938,stepper_y,,20,,0,0.0,0.0,0.0,0.0,V
104.938,stepper_y1,,20,,0,0.0,0.0,0.0,0.0,V
104.958,stepper_x,,20,,0,0.0,0.0,0.0,0.0,V
104.958,stepper_y,,20,,0,0.0,0.0,0.0,0.0,V
104.958,stepper_y1,,20,,0,0.0,0.0,0.0,0.0,V
104.978,stepper_x,,20,,0,0.0,0.0,0.0,0.0,V
104.978,stepper_y,,20,,0,0.0,0.0,0.0,0.0,V
104.978,stepper_y1,,20,,0,0.0,0.0,0.0,0.0,V
104.998,stepper_x,,20,,0,0.0,0.0,0.0,0.0,V
104.998,stepper_y,,20,,0,0.0,0.0,0.0,0.0,V
104.998,stepper_y1,,20,,0,0.0,0.0,0.0,0.0,V
105.019,stepper_x,,20,,0,0.0,0.0,0.0,0.0,V
105.019,stepper_y,,20,,0,0.0,0.0,0.0,0.0,V
105.019,stepper_y1,,20,,0,0.0,0.0,0.0,0.0,V
105.039,stepper_x,,20,,0,0.0,0.0,0.0,0.0,V
105.039,stepper_y,,20,,0,0.0,0.0,0.0,0.0,V
105.039,stepper_y1,,20,,0,0.0,0.0,0.0,0.0,V
105.059,stepper_x,,20,,0,0.0,0.0,0.0,0.0,V
105.059,stepper_y,,20,,0,0.0,0.0,0.0,0.0,V
105.059,stepper_y1,,20,,0,0.0,0.0,0.0,0.0,V
105.079,stepper_x,,20,,0,0.0,0.0,0.0,0.0,V
105.079,stepper_y,,20,,0,0.0,0.0,0.0,0.0,V
105.079,stepper_y1,,20,,0,0.0,0.0,0.0,0.0,V
105.1,stepper_x,,20,,0,0.0,0.0,0.0,0.0,V
105.1,stepper_y,,20,,0,0.0,0.0,0.0,0.0,V
105.1,stepper_y1,,20,,0,0.0,0.0,0.0,0.0,V
105.12,stepper_x,,20,,0,0.0,0.0,0.0,0.0,V
105.12,stepper_y,,20,,0,0.0,0.0,0.0,0.0,V
105.12,stepper_y1,,20,,0,0.0,0.0,0.0,0.0,V
105.14,stepper_x,,20,,0,0.0,0.0,0.0,0.0,V
105.14,stepper_y,,20,,0,0.0,0.0,0.0,0.0,V
105.14,stepper_y1,,20,,0,0.0,0.0,0.0,0.0,V
105.16,stepper_x,,20,,0,0.0,0.0,0.0,0.0,V
105.16,stepper_y,,20,,0,0.0,0.0,0.0,0.0,V
105.16,stepper_y1,,20,,0,0.0,0.0,0.0,0.0,V
105.18,stepper_x,,20,,0,0.0,0.0,0.0,0.0,V
105.18,stepper_y,,20,,0,0.0,0.0,0.0,0.0,V
105.18,stepper_y1,,20,,0,0.0,0.0,0.0,0.0,V
105.2,stepper_x,,20,,0,0.0,0.0,0.0,0.0,V
105.2,stepper_y,,20,,0,0.0,0.0,0.0,0.0,V
105.2,stepper_y1,,20,,0,0.0,0.0,0.0,0.0,V
105.221,stepper_x,,20,,0,0.0,0.0,0.0,0.0,V
105.221,stepper_y,,20,,0,0.0,0.0,0.0,0.0,V
105.221,stepper_y1,,20,,0,0.0,0.0,0.0,0.0,V
105.241,stepper_x,,20,,0,0.0,0.0,0.0,0.0,V
105.241,stepper_y,,20,,0,0.0,0.0,0.0,0.0,V
105.241,stepper_y1,,20,,0,0.0,0.0,0.0,0.0,V
105.261,stepper_x,,20,,0,0.0,0.0,0.0,0.0,V
105.261,stepper_y,,20,,0,0.0,0.0,0.0,0.0,V
105.261,stepper_y1,,20,,0,0.0,0.0,0.0,0.0,V
105.281,stepper_x,,20,,0,0.0,0.0,0.0,0.0,V
105.281,stepper_y,,20,,0,0.0,0.0,0.0,0.0,V
105.281,stepper_y1,,20,,0,0.0,0.0,0.0,0.0,V
105.301,stepper_x,,20,,0,0.0,0.0,0.0,0.0,V
105.301,stepper_y,,20,,0,0.0,0.0,0.0,0.0,V
105.301,stepper_y1,,20,,0,0.0,0.0,0.0,0.0,V
105.322,stepper_x,,20,,0,0.0,0.0,0.0,0.0,V
105.322,stepper_y,,20,,0,0.0,0.0,0.0,0.0,V
105.322,stepper_y1,,20,,0,0.0,0.0,0.0,0.0,V
105.342,stepper_x,,20,,0,0.0,0.0,0.0,0.0,V
105.342,stepper_y,,20,,0,0.0,0.0,0.0,0.0,V
105.342,stepper_y1,,20,,0,0.0,0.0,0.0,0.0,V
105.362,stepper_x,,20,,0,0.0,0.0,0.0,0.0,V
105.362,stepper_y,,20,,0,0.0,0.0,0.0,0.0,V
105.362,stepper_y1,,20,,0,0.0,0.0,0.0,0.0,V
105.382,stepper_x,,20,,0,0.0,0.0,0.0,0.0,V
105.382,stepper_y,,20,,0,0.0,0.0,0.0,0.0,V
105.382,stepper_y1,,20,,0,0.0,0.0,0.0,0.0,V
105.402,stepper_x,,20,,0,0.0,0.0,0.0,0.0,V
105.402,stepper_y,,20,,0,0.0,0.0,0.0,0.0,V
105.402,stepper_y1,,20,,0,0.0,0.0,0.0,0.0,V
105.423,stepper_x,,20,,0,0.0,0.0,0.0,0.0,V
105.423,stepper_y,,20,,0,0.0,0.0,0.0,0.0,V
105.423,stepper_y1,,20,,0,0.0,0.0,0.0,0.0,V
105.443,stepper_x,,20,,0,0.0,0.0,0.0,0.0,V
105.443,stepper_y,,20,,0,0.0,0.0,0.0,0.0,V
105.443,stepper_y1,,20,,0,0.0,0.0,0.0,0.0,V
105.463,stepper_x,,20,,0,0.0,0.0,0.0,0.0,V
105.463,stepper_y,,20,,0,0.0,0.0,0.0,0.0,V
105.463,stepper_y1,,20,,0,0.0,0.0,0.0,0.0,V
105.483,stepper_x,,20,,0,0.0,0.0,0.0,0.0,V
105.483,stepper_y,,20,,0,0.0,0.0,0.0,0.0,V
105.483,stepper_y1,,20,,0,0.0,0.0,0.0,0.0,V
105.503,stepper_x,,20,,0,0.0,0.0,0.0,0.0,V
105.503,stepper_y,,20,,0,0.0,0.0,0.0,0.0,V
105.503,stepper_y1,,20,,0,0.0,0.0,0.0,0.0,V
105.524,stepper_x,,20,,0,0.0,0.0,0.0,0.0,V
105.524,stepper_y,,20,,0,0.0,0.0,0.0,0.0,V
105.524,stepper_y1,,20,,0,0.0,0.0,0.0,0.0,V
105.544,stepper_x,,20,,0,0.0,0.0,0.0,0.0,V
105.544,stepper_y,,20,,0,0.0,0.0,0.0,0.0,V
105.544,stepper_y1,,20,,0,0.0,0.0,0.0,0.0,V
105.564,stepper_x,,20,,0,0.0,0.0,0.0,0.0,V
105.564,stepper_y,,20,,0,0.0,0.0,0.0,0.0,V
105.564,stepper_y1,,20,,0,0.0,0.0,0.0,0.0,V
105.585,stepper_x,,20,,0,0.0,0.0,0.0,0.0,V
105.585,stepper_y,,20,,0,0.0,0.0,0.0,0.0,V
105.585,stepper_y1,,20,,0,0.0,0.0,0.0,0.0,V
105.605,stepper_x,,20,,0,0.0,0.0,0.0,0.0,V
105.605,stepper_y,,20,,0,0.0,0.0,0.0,0.0,V
105.605,stepper_y1,,20,,0,0.0,0.0,0.0,0.0,V
105.625,stepper_x,,20,,0,0.0,0.0,0.0,0.0,V
105.625,stepper_y,,20,,0,0.0,0.0,0.0,0.0,V
105.625,stepper_y1,,20,,0,0.0,0.0,0.0,0.0,V
105.646,stepper_x,,20,,0,0.0,0.0,0.0,0.0,V
105.646,stepper_y,,20,,0,0.0,0.0,0.0,0.0,V
105.646,stepper_y1,,20,,0,0.0,0.0,0.0,0.0,V
105.666,stepper_x,,20,,0,0.0,0.0,0.0,0.0,V
105.666,stepper_y,,20,,0,0.0,0.0,0.0,0.0,V
105.666,stepper_y1,,20,,0,0.0,0.0,0.0,0.0,V
105.686,stepper_x,,20,,0,0.0,0.0,0.0,0.0,V
105.686,stepper_y,,20,,0,0.0,0.0,0.0,0.0,V
105.686,stepper_y1,,20,,0,0.0,0.0,0.0,0.0,V
105.706,stepper_x,,20,,0,0.0,0.0,0.0,0.0,V
105.706,stepper_y,,20,,0,0.0,0.0,0.0,0.0,V
105.706,stepper_y1,,20,,0,0.0,0.0,0.0,0.0,V
105.727,stepper_x,,20,,0,0.0,0.0,0.0,0.0,V
105.727,stepper_y,,20,,0,0.0,0.0,0.0,0.0,V
105.727,stepper_y1,,20,,0,0.0,0.0,0.0,0.0,V
105.747,stepper_x,,20,,0,0.0,0.0,0.0,0.0,V
105.747,stepper_y,,20,,0,0.0,0.0,0.0,0.0,V
105.747,stepper_y1,,20,,0,0.0,0.0,0.0,0.0,V
105.767,stepper_x,,20,,0,0.0,0.0,0.0,0.0,V
105.767,stepper_y,,20,,0,0.0,0.0,0.0,0.0,V
105.767,stepper_y1,,20,,0,0.0,0.0,0.0,0.0,V
105.787,stepper_x,,20,,0,0.0,0.0,0.0,0.0,V
105.787,stepper_y,,20,,0,0.0,0.0,0.0,0.0,V
105.787,stepper_y1,,20,,0,0.0,0.0,0.0,0.0,V
105.808,stepper_x,,20,,0,0.0,0.0,0.0,0.0,V
105.808,stepper_y,,20,,0,0.0,0.0,0.0,0.0,V
105.808,stepper_y1,,20,,0,0.0,0.0,0.0,0.0,V
105.828,stepper_x,,20,,0,0.0,0.0,0.0,0.0,V
105.828,stepper_y,,20,,0,0.0,0.0,0.0,0.0,V
105.828,stepper_y1,,20,,0,0.0,0.0,0.0,0.0,V
105.848,stepper_x,,20,,0,0.0,0.0,0.0,0.0,V
105.848,stepper_y,,20,,0,0.0,0.0,0.0,0.0,V
105.848,stepper_y1,,20,,0,0.0,0.0,0.0,0.0,V
105.868,stepper_x,,20,,0,0.0,0.0,0.0,0.0,V
105.868,stepper_y,,20,,0,0.0,0.0,0.0,0.0,V
105.868,stepper_y1,,20,,0,0.0,0.0,0.0,0.0,V
105.889,stepper_x,,20,,0,0.0,0.0,0.0,0.0,V
105.889,stepper_y,,20,,0,0.0,0.0,0.0,0.0,V
105.889,stepper_y1,,20,,0,0.0,0.0,0.0,0.0,V
105.909,stepper_x,,20,,0,0.0,0.0,0.0,0.0,V
105.909,stepper_y,,20,,0,0.0,0.0,0.0,0.0,V
105.909,stepper_y1,,20,,0,0.0,0.0,0.0,0.0,V
105.929,stepper_x,,20,,0,0.0,0.0,0.0,0.0,V
105.929,stepper_y,,20,,0,0.0,0.0,0.0,0.0,V
105.929,stepper_y1,,20,,0,0.0,0.0,0.0,0.0,V
105.949,stepper_x,,20,,0,0.0,0.0,0.0,0.0,V
105.949,stepper_y,,20,,0,0.0,0.0,0.0,0.0,V
105.949,stepper_y1,,20,,0,0.0,0.0,0.0,0.0,V
105.969,stepper_x,,20,,0,0.0,0.0,0.0,0.0,V
105.969,stepper_y,,20,,0,0.0,0.0,0.0,0.0,V
105.969,stepper_y1,,20,,0,0.0,0.0,0.0,0.0,V
105.989,stepper_x,,20,,0,0.0,0.0,0.0,0.0,V
105.989,stepper_y,,20,,0,0.0,0.0,0.0,0.0,V
105.989,stepper_y1,,20,,0,0.0,0.0,0.0,0.0,V
106.01,stepper_x,,20,,0,0.0,0.0,0.0,0.0,V
106.01,stepper_y,,20,,0,0.0,0.0,0.0,0.0,V
106.01,stepper_y1,,20,,0,0.0,0.0,0.0,0.0,V
106.031,stepper_x,,20,,0,0.0,0.0,0.0,0.0,V
106.031,stepper_y,,20,,0,0.0,0.0,0.0,0.0,V
106.031,stepper_y1,,20,,0,0.0,0.0,0.0,0.0,V
106.051,stepper_x,,20,,0,0.0,0.0,0.0,0.0,V
106.051,stepper_y,,20,,0,0.0,0.0,0.0,0.0,V
106.051,stepper_y1,,20,,0,0.0,0.0,0.0,0.0,V
106.071,stepper_x,,20,,0,0.0,0.0,0.0,0.0,V
106.071,stepper_y,,20,,0,0.0,0.0,0.0,0.0,V
106.071,stepper_y1,,20,,0,0.0,0.0,0.0,0.0,V
106.092,stepper_x,,20,,0,0.0,0.0,0.0,0.0,V
106.092,stepper_y,,20,,0,0.0,0.0,0.0,0.0,V
106.092,stepper_y1,,20,,0,0.0,0.0,0.0,0.0,V
106.112,stepper_x,,20,,0,0.0,0.0,0.0,0.0,V
106.112,stepper_y,,20,,0,0.0,0.0,0.0,0.0,V
106.112,stepper_y1,,20,,0,0.0,0.0,0.0,0.0,V
106.132,stepper_x,,20,,0,0.0,0.0,0.0,0.0,V
106.132,stepper_y,,20,,0,0.0,0.0,0.0,0.0,V
106.132,stepper_y1,,20,,0,0.0,0.0,0.0,0.0,V
106.152,stepper_x,,20,,0,0.0,0.0,0.0,0.0,V
106.152,stepper_y,,20,,0,0.0,0.0,0.0,0.0,V
106.152,stepper_y1,,20,,0,0.0,0.0,0.0,0.0,V
106.172,stepper_x,,20,,0,0.0,0.0,0.0,0.0,V
106.172,stepper_y,,20,,0,0.0,0.0,0.0,0.0,V
106.172,stepper_y1,,20,,0,0.0,0.0,0.0,0.0,V
106.192,stepper_x,,20,,0,0.0,0.0,0.0,0.0,V
106.192,stepper_y,,20,,0,0.0,0.0,0.0,0.0,V
106.192,stepper_y1,,20,,0,0.0,0.0,0.0,0.0,V
106.213,stepper_x,,20,,0,0.0,0.0,0.0,0.0,V
106.213,stepper_y,,20,,0,0.0,0.0,0.0,0.0,V
106.213,stepper_y1,,20,,0,0.0,0.0,0.0,0.0,V
106.233,stepper_x,,20,,0,0.0,0.0,0.0,0.0,V
106.233,stepper_y,,20,,0,0.0,0.0,0.0,0.0,V
106.233,stepper_y1,,20,,0,0.0,0.0,0.0,0.0,V
106.253,stepper_x,,20,,0,0.0,0.0,0.0,0.0,V
106.253,stepper_y,,20,,0,0.0,0.0,0.0,0.0,V
106.253,stepper_y1,,20,,0,0.0,0.0,0.0,0.0,V
106.273,stepper_x,,20,,0,0.0,0.0,0.0,0.0,V
106.273,stepper_y,,20,,0,0.0,0.0,0.0,0.0,V
106.273,stepper_y1,,20,,0,0.0,0.0,0.0,0.0,V
106.293,stepper_x,,20,,0,0.0,0.0,0.0,0.0,V
106.293,stepper_y,,20,,0,0.0,0.0,0.0,0.0,V
106.293,stepper_y1,,20,,0,0.0,0.0,0.0,0.0,V
106.314,stepper_x,,20,,0,0.0,0.0,0.0,0.0,V
106.314,stepper_y,,20,,0,0.0,0.0,0.0,0.0,V
106.314,stepper_y1,,20,,0,0.0,0.0,0.0,0.0,V
106.334,stepper_x,,20,,0,0.0,0.0,0.0,0.0,V
106.334,stepper_y,,20,,0,0.0,0.0,0.0,0.0,V
106.334,stepper_y1,,20,,0,0.0,0.0,0.0,0.0,V
106.354,stepper_x,,20,,0,0.0,0.0,0.0,0.0,V
106.354,stepper_y,,20,,0,0.0,0.0,0.0,0.0,V
106.354,stepper_y1,,20,,0,0.0,0.0,0.0,0.0,V
106.374,stepper_x,,20,,0,0.0,0.0,0.0,0.0,V
106.374,stepper_y,,20,,0,0.0,0.0,0.0,0.0,V
106.374,stepper_y1,,20,,0,0.0,0.0,0.0,0.0,V
106.394,stepper_x,,20,,0,0.0,0.0,0.0,0.0,V
106.394,stepper_y,,20,,0,0.0,0.0,0.0,0.0,V
106.394,stepper_y1,,20,,0,0.0,0.0,0.0,0.0,V
106.414,stepper_x,,20,,0,0.0,0.0,0.0,0.0,V
106.414,stepper_y,,20,,0,0.0,0.0,0.0,0.0,V
106.414,stepper_y1,,20,,0,0.0,0.0,0.0,0.0,V
106.435,stepper_x,,20,,0,0.0,0.0,0.0,0.0,V
106.435,stepper_y,,20,,0,0.0,0.0,0.0,0.0,V
106.435,stepper_y1,,20,,0,0.0,0.0,0.0,0.0,V
106.455,stepper_x,,20,,0,0.0,0.0,0.0,0.0,V
106.455,stepper_y,,20,,0,0.0,0.0,0.0,0.0,V
106.455,stepper_y1,,20,,0,0.0,0.0,0.0,0.0,V
106.475,stepper_x,,20,,0,0.0,0.0,0.0,0.0,V
106.475,stepper_y,,20,,0,0.0,0.0,0.0,0.0,V
106.475,stepper_y1,,20,,0,0.0,0.0,0.0,0.0,V
106.496,stepper_x,,20,,0,0.0,0.0,0.0,0.0,V
106.496,stepper_y,,20,,0,0.0,0.0,0.0,0.0,V
106.496,stepper_y1,,20,,0,0.0,0.0,0.0,0.0,V
106.516,stepper_x,,20,,0,0.0,0.0,0.0,0.0,V
106.516,stepper_y,,20,,0,0.0,0.0,0.0,0.0,V
106.516,stepper_y1,,20,,0,0.0,0.0,0.0,0.0,V
106.536,stepper_x,,20,,0,0.0,0.0,0.0,0.0,V
106.536,stepper_y,,20,,0,0.0,0.0,0.0,0.0,V
106.536,stepper_y1,,20,,0,0.0,0.0,0.0,0.0,V
106.556,stepper_x,,20,,0,0.0,0.0,0.0,0.0,V
106.556,stepper_y,,20,,0,0.0,0.0,0.0,0.0,V
106.556,stepper_y1,,20,,0,0.0,0.0,0.0,0.0,V
106.577,stepper_x,,20,,0,0.0,0.0,0.0,0.0,V
106.577,stepper_y,,20,,0,0.0,0.0,0.0,0.0,V
106.577,stepper_y1,,20,,0,0.0,0.0,0.0,0.0,V
106.598,stepper_x,,20,,0,0.0,0.0,0.0,0.0,V
106.598,stepper_y,,20,,0,0.0,0.0,0.0,0.0,V
106.598,stepper_y1,,20,,0,0.0,0.0,0.0,0.0,V
106.618,stepper_x,,20,,0,0.0,0.0,0.0,0.0,V
106.618,stepper_y,,20,,0,0.0,0.0,0.0,0.0,V
106.618,stepper_y1,,20,,0,0.0,0.0,0.0,0.0,V
106.638,stepper_x,,20,,0,0.0,0.0,0.0,0.0,V
106.638,stepper_y,,20,,0,0.0,0.0,0.0,0.0,V
106.638,stepper_y1,,20,,0,0.0,0.0,0.0,0.0,V
106.658,stepper_x,,20,,0,0.0,0.0,0.0,0.0,V
106.658,stepper_y,,20,,0,0.0,0.0,0.0,0.0,V
106.658,stepper_y1,,20,,0,0.0,0.0,0.0,0.0,V
106.678,stepper_x,,20,,0,0.0,0.0,0.0,0.0,V
106.678,stepper_y,,20,,0,0.0,0.0,0.0,0.0,V
106.678,stepper_y1,,20,,0,0.0,0.0,0.0,0.0,V
106.699,stepper_x,,20,,0,0.0,0.0,0.0,0.0,V
106.699,stepper_y,,20,,0,0.0,0.0,0.0,0.0,V
106.699,stepper_y1,,20,,0,0.0,0.0,0.0,0.0,V
106.719,stepper_x,,20,,0,0.0,0.0,0.0,0.0,V
106.719,stepper_y,,20,,0,0.0,0.0,0.0,0.0,V
106.719,stepper_y1,,20,,0,0.0,0.0,0.0,0.0,V
106.739,stepper_x,,20,,0,0.0,0.0,0.0,0.0,V
106.739,stepper_y,,20,,0,0.0,0.0,0.0,0.0,V
106.739,stepper_y1,,20,,0,0.0,0.0,0.0,0.0,V
106.759,stepper_x,,20,,0,0.0,0.0,0.0,0.0,V
106.759,stepper_y,,20,,0,0.0,0.0,0.0,0.0,V
106.759,stepper_y1,,20,,0,0.0,0.0,0.0,0.0,V
106.78,stepper_x,,20,,0,0.0,0.0,0.0,0.0,V
106.78,stepper_y,,20,,0,0.0,0.0,0.0,0.0,V
106.78,stepper_y1,,20,,0,0.0,0.0,0.0,0.0,V
106.8,stepper_x,,20,,0,0.0,0.0,0.0,0.0,V
106.8,stepper_y,,20,,0,0.0,0.0,0.0,0.0,V
106.8,stepper_y1,,20,,0,0.0,0.0,0.0,0.0,V
106.82,stepper_x,,20,,0,0.0,0.0,0.0,0.0,V
106.82,stepper_y,,20,,0,0.0,0.0,0.0,0.0,V
106.82,stepper_y1,,20,,0,0.0,0.0,0.0,0.0,V
106.841,stepper_x,,20,,0,0.0,0.0,0.0,0.0,V
106.841,stepper_y,,20,,0,0.0,0.0,0.0,0.0,V
106.841,stepper_y1,,20,,0,0.0,0.0,0.0,0.0,V
106.861,stepper_x,,20,,0,0.0,0.0,0.0,0.0,V
106.861,stepper_y,,20,,0,0.0,0.0,0.0,0.0,V
106.861,stepper_y1,,20,,0,0.0,0.0,0.0,0.0,V
106.881,stepper_x,,20,,0,0.0,0.0,0.0,0.0,V
106.881,stepper_y,,20,,0,0.0,0.0,0.0,0.0,V
106.881,stepper_y1,,20,,0,0.0,0.0,0.0,0.0,V
106.901,stepper_x,,20,,0,0.0,0.0,0.0,0.0,V
106.901,stepper_y,,20,,0,0.0,0.0,0.0,0.0,V
106.901,stepper_y1,,20,,0,0.0,0.0,0.0,0.0,V
106.921,stepper_x,,20,,0,0.0,0.0,0.0,0.0,V
106.921,stepper_y,,20,,0,0.0,0.0,0.0,0.0,V
106.921,stepper_y1,,20,,0,0.0,0.0,0.0,0.0,V
106.941,stepper_x,,20,,0,0.0,0.0,0.0,0.0,V
106.941,stepper_y,,20,,0,0.0,0.0,0.0,0.0,V
106.941,stepper_y1,,20,,0,0.0,0.0,0.0,0.0,V
106.962,stepper_x,,20,,0,0.0,0.0,0.0,0.0,V
106.962,stepper_y,,20,,0,0.0,0.0,0.0,0.0,V
106.962,stepper_y1,,20,,0,0.0,0.0,0.0,0.0,V
106.982,stepper_x,,20,,0,0.0,0.0,0.0,0.0,V
106.982,stepper_y,,20,,0,0.0,0.0,0.0,0.0,V
106.982,stepper_y1,,20,,0,0.0,0.0,0.0,0.0,V
107.002,stepper_x,,20,,0,0.0,0.0,0.0,0.0,V
107.002,stepper_y,,20,,0,0.0,0.0,0.0,0.0,V
107.002,stepper_y1,,20,,0,0.0,0.0,0.0,0.0,V
107.022,stepper_x,,20,,0,0.0,0.0,0.0,0.0,V
107.022,stepper_y,,20,,0,0.0,0.0,0.0,0.0,V
107.022,stepper_y1,,20,,0,0.0,0.0,0.0,0.0,V
107.043,stepper_x,,20,,0,0.0,0.0,0.0,0.0,V
107.043,stepper_y,,20,,0,0.0,0.0,0.0,0.0,V
107.043,stepper_y1,,20,,0,0.0,0.0,0.0,0.0,V
107.063,stepper_x,,20,,0,0.0,0.0,0.0,0.0,V
107.063,stepper_y,,20,,0,0.0,0.0,0.0,0.0,V
107.063,stepper_y1,,20,,0,0.0,0.0,0.0,0.0,V
107.084,stepper_x,,20,,0,0.0,0.0,0.0,0.0,V
107.084,stepper_y,,20,,0,0.0,0.0,0.0,0.0,V
107.084,stepper_y1,,20,,0,0.0,0.0,0.0,0.0,V
107.104,stepper_x,,20,,0,0.0,0.0,0.0,0.0,V
107.104,stepper_y,,20,,0,0.0,0.0,0.0,0.0,V
107.104,stepper_y1,,20,,0,0.0,0.0,0.0,0.0,V
107.125,stepper_x,,20,,0,0.0,0.0,0.0,0.0,V
107.125,stepper_y,,20,,0,0.0,0.0,0.0,0.0,V
107.125,stepper_y1,,20,,0,0.0,0.0,0.0,0.0,V
107.145,stepper_x,,20,,0,0.0,0.0,0.0,0.0,V
107.145,stepper_y,,20,,0,0.0,0.0,0.0,0.0,V
107.145,stepper_y1,,20,,0,0.0,0.0,0.0,0.0,V
107.165,stepper_x,,20,,0,0.0,0.0,0.0,0.0,V
107.165,stepper_y,,20,,0,0.0,0.0,0.0,0.0,V
107.165,stepper_y1,,20,,0,0.0,0.0,0.0,0.0,V
107.185,stepper_x,,20,,0,0.0,0.0,0.0,0.0,V
107.185,stepper_y,,20,,0,0.0,0.0,0.0,0.0,V
107.185,stepper_y1,,20,,0,0.0,0.0,0.0,0.0,V
107.205,stepper_x,,20,,0,0.0,0.0,0.0,0.0,V
107.205,stepper_y,,20,,0,0.0,0.0,0.0,0.0,V
107.205,stepper_y1,,20,,0,0.0,0.0,0.0,0.0,V
107.225,stepper_x,,20,,0,0.0,0.0,0.0,0.0,V
107.225,stepper_y,,20,,0,0.0,0.0,0.0,0.0,V
107.225,stepper_y1,,20,,0,0.0,0.0,0.0,0.0,V
107.245,stepper_x,,20,,0,0.0,0.0,0.0,0.0,V
107.245,stepper_y,,20,,0,0.0,0.0,0.0,0.0,V
107.245,stepper_y1,,20,,0,0.0,0.0,0.0,0.0,V
107.266,stepper_x,,20,,0,0.0,0.0,0.0,0.0,V
107.266,stepper_y,,20,,0,0.0,0.0,0.0,0.0,V
107.266,stepper_y1,,20,,0,0.0,0.0,0.0,0.0,V
107.286,stepper_x,,20,,0,0.0,0.0,0.0,0.0,V
107.286,stepper_y,,20,,0,0.0,0.0,0.0,0.0,V
107.286,stepper_y1,,20,,0,0.0,0.0,0.0,0.0,V
107.306,stepper_x,,20,,0,0.0,0.0,0.0,0.0,V
107.306,stepper_y,,20,,0,0.0,0.0,0.0,0.0,V
107.306,stepper_y1,,20,,0,0.0,0.0,0.0,0.0,V
107.326,stepper_x,,20,,0,0.0,0.0,0.0,0.0,V
107.326,stepper_y,,20,,0,0.0,0.0,0.0,0.0,V
107.326,stepper_y1,,20,,0,0.0,0.0,0.0,0.0,V
107.346,stepper_x,,20,,0,0.0,0.0,0.0,0.0,V
107.346,stepper_y,,20,,0,0.0,0.0,0.0,0.0,V
107.346,stepper_y1,,20,,0,0.0,0.0,0.0,0.0,V
107.367,stepper_x,,20,,0,0.0,0.0,0.0,0.0,V
107.367,stepper_y,,20,,0,0.0,0.0,0.0,0.0,V
107.367,stepper_y1,,20,,0,0.0,0.0,0.0,0.0,V
107.387,stepper_x,,20,,0,0.0,0.0,0.0,0.0,V
107.387,stepper_y,,20,,0,0.0,0.0,0.0,0.0,V
107.387,stepper_y1,,20,,0,0.0,0.0,0.0,0.0,V
107.407,stepper_x,,20,,0,0.0,0.0,0.0,0.0,V
107.407,stepper_y,,20,,0,0.0,0.0,0.0,0.0,V
107.407,stepper_y1,,20,,0,0.0,0.0,0.0,0.0,V
107.427,stepper_x,,20,,0,0.0,0.0,0.0,0.0,V
107.427,stepper_y,,20,,0,0.0,0.0,0.0,0.0,V
107.427,stepper_y1,,20,,0,0.0,0.0,0.0,0.0,V
107.448,stepper_x,,20,,0,0.0,0.0,0.0,0.0,V
107.448,stepper_y,,20,,0,0.0,0.0,0.0,0.0,V
107.448,stepper_y1,,20,,0,0.0,0.0,0.0,0.0,V
107.468,stepper_x,,20,,0,0.0,0.0,0.0,0.0,V
107.468,stepper_y,,20,,0,0.0,0.0,0.0,0.0,V
107.468,stepper_y1,,20,,0,0.0,0.0,0.0,0.0,V
107.488,stepper_x,,20,,0,0.0,0.0,0.0,0.0,V
107.488,stepper_y,,20,,0,0.0,0.0,0.0,0.0,V
107.488,stepper_y1,,20,,0,0.0,0.0,0.0,0.0,V
107.508,stepper_x,,20,,0,0.0,0.0,0.0,0.0,V
107.508,stepper_y,,20,,0,0.0,0.0,0.0,0.0,V
107.508,stepper_y1,,20,,0,0.0,0.0,0.0,0.0,V
107.528,stepper_x,,20,,0,0.0,0.0,0.0,0.0,V
107.528,stepper_y,,20,,0,0.0,0.0,0.0,0.0,V
107.528,stepper_y1,,20,,0,0.0,0.0,0.0,0.0,V
107.549,stepper_x,,20,,0,0.0,0.0,0.0,0.0,V
107.549,stepper_y,,20,,0,0.0,0.0,0.0,0.0,V
107.549,stepper_y1,,20,,0,0.0,0.0,0.0,0.0,V
107.569,stepper_x,,20,,0,0.0,0.0,0.0,0.0,V
107.569,stepper_y,,20,,0,0.0,0.0,0.0,0.0,V
107.569,stepper_y1,,20,,0,0.0,0.0,0.0,0.0,V
107.589,stepper_x,,20,,0,0.0,0.0,0.0,0.0,V
107.589,stepper_y,,20,,0,0.0,0.0,0.0,0.0,V
107.589,stepper_y1,,20,,0,0.0,0.0,0.0,0.0,V
107.609,stepper_x,,20,,0,0.0,0.0,0.0,0.0,V
107.609,stepper_y,,20,,0,0.0,0.0,0.0,0.0,V
107.609,stepper_y1,,20,,0,0.0,0.0,0.0,0.0,V
107.629,stepper_x,,20,,0,0.0,0.0,0.0,0.0,V
107.629,stepper_y,,20,,0,0.0,0.0,0.0,0.0,V
107.629,stepper_y1,,20,,0,0.0,0.0,0.0,0.0,V
107.65,stepper_x,,20,,0,0.0,0.0,0.0,0.0,V
107.65,stepper_y,,20,,0,0.0,0.0,0.0,0.0,V
107.65,stepper_y1,,20,,0,0.0,0.0,0.0,0.0,V
107.67,stepper_x,,20,,0,0.0,0.0,0.0,0.0,V
107.67,stepper_y,,20,,0,0.0,0.0,0.0,0.0,V
107.67,stepper_y1,,20,,0,0.0,0.0,0.0,0.0,V
107.69,stepper_x,,20,,0,0.0,0.0,0.0,0.0,V
107.69,stepper_y,,20,,0,0.0,0.0,0.0,0.0,V
107.69,stepper_y1,,20,,0,0.0,0.0,0.0,0.0,V
107.71,stepper_x,,20,,0,0.0,0.0,0.0,0.0,V
107.71,stepper_y,,20,,0,0.0,0.0,0.0,0.0,V
107.71,stepper_y1,,20,,0,0.0,0.0,0.0,0.0,V
107.73,stepper_x,,20,,0,0.0,0.0,0.0,0.0,V
107.73,stepper_y,,20,,0,0.0,0.0,0.0,0.0,V
107.73,stepper_y1,,20,,0,0.0,0.0,0.0,0.0,V
107.751,stepper_x,,20,,0,0.0,0.0,0.0,0.0,V
107.751,stepper_y,,20,,0,0.0,0.0,0.0,0.0,V
107.751,stepper_y1,,20,,0,0.0,0.0,0.0,0.0,V
107.771,stepper_x,,20,,0,0.0,0.0,0.0,0.0,V
107.771,stepper_y,,20,,0,0.0,0.0,0.0,0.0,V
107.771,stepper_y1,,20,,0,0.0,0.0,0.0,0.0,V
107.791,stepper_x,,20,,0,0.0,0.0,0.0,0.0,V
107.791,stepper_y,,20,,0,0.0,0.0,0.0,0.0,V
107.791,stepper_y1,,20,,0,0.0,0.0,0.0,0.0,V
107.811,stepper_x,,20,,0,0.0,0.0,0.0,0.0,V
107.811,stepper_y,,20,,0,0.0,0.0,0.0,0.0,V
107.811,stepper_y1,,20,,0,0.0,0.0,0.0,0.0,V
107.831,stepper_x,,20,,0,0.0,0.0,0.0,0.0,V
107.831,stepper_y,,20,,0,0.0,0.0,0.0,0.0,V
107.831,stepper_y1,,20,,0,0.0,0.0,0.0,0.0,V
107.852,stepper_x,,20,,0,0.0,0.0,0.0,0.0,V
107.852,stepper_y,,20,,0,0.0,0.0,0.0,0.0,V
107.852,stepper_y1,,20,,0,0.0,0.0,0.0,0.0,V
107.872,stepper_x,,20,,0,0.0,0.0,0.0,0.0,V
107.872,stepper_y,,20,,0,0.0,0.0,0.0,0.0,V
107.872,stepper_y1,,20,,0,0.0,0.0,0.0,0.0,V
107.892,stepper_x,,20,,0,0.0,0.0,0.0,0.0,V
107.892,stepper_y,,20,,0,0.0,0.0,0.0,0.0,V
107.892,stepper_y1,,20,,0,0.0,0.0,0.0,0.0,V
107.912,stepper_x,,20,,0,0.0,0.0,0.0,0.0,V
107.912,stepper_y,,20,,0,0.0,0.0,0.0,0.0,V
107.912,stepper_y1,,20,,0,0.0,0.0,0.0,0.0,V
107.932,stepper_x,,20,,0,0.0,0.0,0.0,0.0,V
107.932,stepper_y,,20,,0,0.0,0.0,0.0,0.0,V
107.932,stepper_y1,,20,,0,0.0,0.0,0.0,0.0,V
107.953,stepper_x,,20,,0,0.0,0.0,0.0,0.0,V
107.953,stepper_y,,20,,0,0.0,0.0,0.0,0.0,V
107.953,stepper_y1,,20,,0,0.0,0.0,0.0,0.0,V
107.973,stepper_x,,20,,0,0.0,0.0,0.0,0.0,V
107.973,stepper_y,,20,,0,0.0,0.0,0.0,0.0,V
107.973,stepper_y1,,20,,0,0.0,0.0,0.0,0.0,V
107.993,stepper_x,,20,,0,0.0,0.0,0.0,0.0,V
107.993,stepper_y,,20,,0,0.0,0.0,0.0,0.0,V
107.993,stepper_y1,,20,,0,0.0,0.0,0.0,0.0,V
108.014,stepper_x,,20,,0,0.0,0.0,0.0,0.0,V
108.014,stepper_y,,20,,0,0.0,0.0,0.0,0.0,V
108.014,stepper_y1,,20,,0,0.0,0.0,0.0,0.0,V
108.035,stepper_x,,20,,0,0.0,0.0,0.0,0.0,V
108.035,stepper_y,,20,,0,0.0,0.0,0.0,0.0,V
108.035,stepper_y1,,20,,0,0.0,0.0,0.0,0.0,V
108.055,stepper_x,,20,,0,0.0,0.0,0.0,0.0,V
108.055,stepper_y,,20,,0,0.0,0.0,0.0,0.0,V
108.055,stepper_y1,,20,,0,0.0,0.0,0.0,0.0,V
108.076,stepper_x,,20,,0,0.0,0.0,0.0,0.0,V
108.076,stepper_y,,20,,0,0.0,0.0,0.0,0.0,V
108.076,stepper_y1,,20,,0,0.0,0.0,0.0,0.0,V
108.096,stepper_x,,20,,0,0.0,0.0,0.0,0.0,V
108.096,stepper_y,,20,,0,0.0,0.0,0.0,0.0,V
108.096,stepper_y1,,20,,0,0.0,0.0,0.0,0.0,V
108.116,stepper_x,,20,,0,0.0,0.0,0.0,0.0,V
108.116,stepper_y,,20,,0,0.0,0.0,0.0,0.0,V
108.116,stepper_y1,,20,,0,0.0,0.0,0.0,0.0,V
108.137,stepper_x,,20,,0,0.0,0.0,0.0,0.0,V
108.137,stepper_y,,20,,0,0.0,0.0,0.0,0.0,V
108.137,stepper_y1,,20,,0,0.0,0.0,0.0,0.0,V
108.157,stepper_x,,20,,0,0.0,0.0,0.0,0.0,V
108.157,stepper_y,,20,,0,0.0,0.0,0.0,0.0,V
108.157,stepper_y1,,20,,0,0.0,0.0,0.0,0.0,V
108.177,stepper_x,,20,,0,0.0,0.0,0.0,0.0,V
108.177,stepper_y,,20,,0,0.0,0.0,0.0,0.0,V
108.177,stepper_y1,,20,,0,0.0,0.0,0.0,0.0,V
108.197,stepper_x,,20,,0,0.0,0.0,0.0,0.0,V
108.197,stepper_y,,20,,0,0.0,0.0,0.0,0.0,V
108.197,stepper_y1,,20,,0,0.0,0.0,0.0,0.0,V
108.217,stepper_x,,20,,0,0.0,0.0,0.0,0.0,V
108.217,stepper_y,,20,,0,0.0,0.0,0.0,0.0,V
108.217,stepper_y1,,20,,0,0.0,0.0,0.0,0.0,V
108.238,stepper_x,,20,,0,0.0,0.0,0.0,0.0,V
108.238,stepper_y,,20,,0,0.0,0.0,0.0,0.0,V
108.238,stepper_y1,,20,,0,0.0,0.0,0.0,0.0,V
108.258,stepper_x,,20,,0,0.0,0.0,0.0,0.0,V
108.258,stepper_y,,20,,0,0.0,0.0,0.0,0.0,V
108.258,stepper_y1,,20,,0,0.0,0.0,0.0,0.0,V
108.278,stepper_x,,20,,0,0.0,0.0,0.0,0.0,V
108.278,stepper_y,,20,,0,0.0,0.0,0.0,0.0,V
108.278,stepper_y1,,20,,0,0.0,0.0,0.0,0.0,V
108.298,stepper_x,,20,,0,0.0,0.0,0.0,0.0,V
108.298,stepper_y,,20,,0,0.0,0.0,0.0,0.0,V
108.298,stepper_y1,,20,,0,0.0,0.0,0.0,0.0,V
108.318,stepper_x,,20,,0,0.0,0.0,0.0,0.0,V
108.318,stepper_y,,20,,0,0.0,0.0,0.0,0.0,V
108.318,stepper_y1,,20,,0,0.0,0.0,0.0,0.0,V
108.339,stepper_x,,20,,0,0.0,0.0,0.0,0.0,V
108.339,stepper_y,,20,,0,0.0,0.0,0.0,0.0,V
108.339,stepper_y1,,20,,0,0.0,0.0,0.0,0.0,V
108.359,stepper_x,,20,,0,0.0,0.0,0.0,0.0,V
108.359,stepper_y,,20,,0,0.0,0.0,0.0,0.0,V
108.359,stepper_y1,,20,,0,0.0,0.0,0.0,0.0,V
108.379,stepper_x,,20,,0,0.0,0.0,0.0,0.0,V
108.379,stepper_y,,20,,0,0.0,0.0,0.0,0.0,V
108.379,stepper_y1,,20,,0,0.0,0.0,0.0,0.0,V
108.399,stepper_x,,20,,0,0.0,0.0,0.0,0.0,V
108.399,stepper_y,,20,,0,0.0,0.0,0.0,0.0,V
108.399,stepper_y1,,20,,0,0.0,0.0,0.0,0.0,V
108.419,stepper_x,,20,,0,0.0,0.0,0.0,0.0,V
108.419,stepper_y,,20,,0,0.0,0.0,0.0,0.0,V
108.419,stepper_y1,,20,,0,0.0,0.0,0.0,0.0,V
108.44,stepper_x,,20,,0,0.0,0.0,0.0,0.0,V
108.44,stepper_y,,20,,0,0.0,0.0,0.0,0.0,V
108.44,stepper_y1,,20,,0,0.0,0.0,0.0,0.0,V
108.46,stepper_x,,20,,0,0.0,0.0,0.0,0.0,V
108.46,stepper_y,,20,,0,0.0,0.0,0.0,0.0,V
108.46,stepper_y1,,20,,0,0.0,0.0,0.0,0.0,V
108.48,stepper_x,,20,,0,0.0,0.0,0.0,0.0,V
108.48,stepper_y,,20,,0,0.0,0.0,0.0,0.0,V
108.48,stepper_y1,,20,,0,0.0,0.0,0.0,0.0,V
108.5,stepper_x,,20,,0,0.0,0.0,0.0,0.0,V
108.5,stepper_y,,20,,0,0.0,0.0,0.0,0.0,V
108.5,stepper_y1,,20,,0,0.0,0.0,0.0,0.0,V
108.521,stepper_x,,20,,0,0.0,0.0,0.0,0.0,V
108.521,stepper_y,,20,,0,0.0,0.0,0.0,0.0,V
108.521,stepper_y1,,20,,0,0.0,0.0,0.0,0.0,V
108.541,stepper_x,,20,,0,0.0,0.0,0.0,0.0,V
108.541,stepper_y,,20,,0,0.0,0.0,0.0,0.0,V
108.541,stepper_y1,,20,,0,0.0,0.0,0.0,0.0,V
108.561,stepper_x,,20,,0,0.0,0.0,0.0,0.0,V
108.561,stepper_y,,20,,0,0.0,0.0,0.0,0.0,V
108.561,stepper_y1,,20,,0,0.0,0.0,0.0,0.0,V
108.582,stepper_x,,20,,0,0.0,0.0,0.0,0.0,V
108.582,stepper_y,,20,,0,0.0,0.0,0.0,0.0,V
108.582,stepper_y1,,20,,0,0.0,0.0,0.0,0.0,V
108.602,stepper_x,,20,,0,0.0,0.0,0.0,0.0,V
108.602,stepper_y,,20,,0,0.0,0.0,0.0,0.0,V
108.602,stepper_y1,,20,,0,0.0,0.0,0.0,0.0,V
108.623,stepper_x,,20,,0,0.0,0.0,0.0,0.0,V
108.623,stepper_y,,20,,0,0.0,0.0,0.0,0.0,V
108.623,stepper_y1,,20,,0,0.0,0.0,0.0,0.0,V
108.643,stepper_x,,20,,0,0.0,0.0,0.0,0.0,V
108.643,stepper_y,,20,,0,0.0,0.0,0.0,0.0,V
108.643,stepper_y1,,20,,0,0.0,0.0,0.0,0.0,V
108.663,stepper_x,,20,,0,0.0,0.0,0.0,0.0,V
108.663,stepper_y,,20,,0,0.0,0.0,0.0,0.0,V
108.663,stepper_y1,,20,,0,0.0,0.0,0.0,0.0,V
108.683,stepper_x,,20,,0,0.0,0.0,0.0,0.0,V
108.683,stepper_y,,20,,0,0.0,0.0,0.0,0.0,V
108.683,stepper_y1,,20,,0,0.0,0.0,0.0,0.0,V
108.703,stepper_x,,20,,0,0.0,0.0,0.0,0.0,V
108.703,stepper_y,,20,,0,0.0,0.0,0.0,0.0,V
108.703,stepper_y1,,20,,0,0.0,0.0,0.0,0.0,V
108.724,stepper_x,,20,,0,0.0,0.0,0.0,0.0,V
108.724,stepper_y,,20,,0,0.0,0.0,0.0,0.0,V
108.724,stepper_y1,,20,,0,0.0,0.0,0.0,0.0,V
108.744,stepper_x,,20,,0,0.0,0.0,0.0,0.0,V
108.744,stepper_y,,20,,0,0.0,0.0,0.0,0.0,V
108.744,stepper_y1,,20,,0,0.0,0.0,0.0,0.0,V
108.764,stepper_x,,20,,0,0.0,0.0,0.0,0.0,V
108.764,stepper_y,,20,,0,0.0,0.0,0.0,0.0,V
108.764,stepper_y1,,20,,0,0.0,0.0,0.0,0.0,V
108.784,stepper_x,,20,,0,0.0,0.0,0.0,0.0,V
108.784,stepper_y,,20,,0,0.0,0.0,0.0,0.0,V
108.784,stepper_y1,,20,,0,0.0,0.0,0.0,0.0,V
108.804,stepper_x,,20,,0,0.0,0.0,0.0,0.0,V
108.804,stepper_y,,20,,0,0.0,0.0,0.0,0.0,V
108.804,stepper_y1,,20,,0,0.0,0.0,0.0,0.0,V
108.825,stepper_x,,20,,0,0.0,0.0,0.0,0.0,V
108.825,stepper_y,,20,,0,0.0,0.0,0.0,0.0,V
108.825,stepper_y1,,20,,0,0.0,0.0,0.0,0.0,V
108.845,stepper_x,,20,,0,0.0,0.0,0.0,0.0,V
108.845,stepper_y,,20,,0,0.0,0.0,0.0,0.0,V
108.845,stepper_y1,,20,,0,0.0,0.0,0.0,0.0,V
108.865,stepper_x,,20,,0,0.0,0.0,0.0,0.0,V
108.865,stepper_y,,20,,0,0.0,0.0,0.0,0.0,V
108.865,stepper_y1,,20,,0,0.0,0.0,0.0,0.0,V
108.885,stepper_x,,20,,0,0.0,0.0,0.0,0.0,V
108.885,stepper_y,,20,,0,0.0,0.0,0.0,0.0,V
108.885,stepper_y1,,20,,0,0.0,0.0,0.0,0.0,V
108.905,stepper_x,,20,,0,0.0,0.0,0.0,0.0,V
108.905,stepper_y,,20,,0,0.0,0.0,0.0,0.0,V
108.905,stepper_y1,,20,,0,0.0,0.0,0.0,0.0,V
108.926,stepper_x,,20,,0,0.0,0.0,0.0,0.0,V
108.926,stepper_y,,20,,0,0.0,0.0,0.0,0.0,V
108.926,stepper_y1,,20,,0,0.0,0.0,0.0,0.0,V
108.946,stepper_x,,20,,0,0.0,0.0,0.0,0.0,V
108.946,stepper_y,,20,,0,0.0,0.0,0.0,0.0,V
108.946,stepper_y1,,20,,0,0.0,0.0,0.0,0.0,V
108.966,stepper_x,,20,,0,0.0,0.0,0.0,0.0,V
108.966,stepper_y,,20,,0,0.0,0.0,0.0,0.0,V
108.966,stepper_y1,,20,,0,0.0,0.0,0.0,0.0,V
108.987,stepper_x,,20,,0,0.0,0.0,0.0,0.0,V
108.987,stepper_y,,20,,0,0.0,0.0,0.0,0.0,V
108.987,stepper_y1,,20,,0,0.0,0.0,0.0,0.0,V
109.007,stepper_x,,20,,0,0.0,0.0,0.0,0.0,V
109.007,stepper_y,,20,,0,0.0,0.0,0.0,0.0,V
109.007,stepper_y1,,20,,0,0.0,0.0,0.0,0.0,V
109.028,stepper_x,,20,,0,0.0,0.0,0.0,0.0,V
109.028,stepper_y,,20,,0,0.0,0.0,0.0,0.0,V
109.028,stepper_y1,,20,,0,0.0,0.0,0.0,0.0,V
109.048,stepper_x,,20,,0,0.0,0.0,0.0,0.0,V
109.048,stepper_y,,20,,0,0.0,0.0,0.0,0.0,V
109.048,stepper_y1,,20,,0,0.0,0.0,0.0,0.0,V
109.068,stepper_x,,20,,0,0.0,0.0,0.0,0.0,V
109.068,stepper_y,,20,,0,0.0,0.0,0.0,0.0,V
109.068,stepper_y1,,20,,0,0.0,0.0,0.0,0.0,V
109.089,stepper_x,,20,,0,0.0,0.0,0.0,0.0,V
109.089,stepper_y,,20,,0,0.0,0.0,0.0,0.0,V
109.089,stepper_y1,,20,,0,0.0,0.0,0.0,0.0,V
109.109,stepper_x,,20,,0,0.0,0.0,0.0,0.0,V
109.109,stepper_y,,20,,0,0.0,0.0,0.0,0.0,V
109.109,stepper_y1,,20,,0,0.0,0.0,0.0,0.0,V
109.13,stepper_x,,20,,0,0.0,0.0,0.0,0.0,V
109.13,stepper_y,,20,,0,0.0,0.0,0.0,0.0,V
109.13,stepper_y1,,20,,0,0.0,0.0,0.0,0.0,V
109.15,stepper_x,,20,,0,0.0,0.0,0.0,0.0,V
109.15,stepper_y,,20,,0,0.0,0.0,0.0,0.0,V
109.15,stepper_y1,,20,,0,0.0,0.0,0.0,0.0,V
109.17,stepper_x,,20,,0,0.0,0.0,0.0,0.0,V
109.17,stepper_y,,20,,0,0.0,0.0,0.0,0.0,V
109.17,stepper_y1,,20,,0,0.0,0.0,0.0,0.0,V
109.19,stepper_x,,20,,0,0.0,0.0,0.0,0.0,V
109.19,stepper_y,,20,,0,0.0,0.0,0.0,0.0,V
109.19,stepper_y1,,20,,0,0.0,0.0,0.0,0.0,V
109.211,stepper_x,,20,,0,0.0,0.0,0.0,0.0,V
109.211,stepper_y,,20,,0,0.0,0.0,0.0,0.0,V
109.211,stepper_y1,,20,,0,0.0,0.0,0.0,0.0,V
109.231,stepper_x,,20,,0,0.0,0.0,0.0,0.0,V
109.231,stepper_y,,20,,0,0.0,0.0,0.0,0.0,V
109.231,stepper_y1,,20,,0,0.0,0.0,0.0,0.0,V
109.251,stepper_x,,20,,0,0.0,0.0,0.0,0.0,V
109.251,stepper_y,,20,,0,0.0,0.0,0.0,0.0,V
109.251,stepper_y1,,20,,0,0.0,0.0,0.0,0.0,V
109.271,stepper_x,,20,,0,0.0,0.0,0.0,0.0,V
109.271,stepper_y,,20,,0,0.0,0.0,0.0,0.0,V
109.271,stepper_y1,,20,,0,0.0,0.0,0.0,0.0,V
109.291,stepper_x,,20,,0,0.0,0.0,0.0,0.0,V
109.291,stepper_y,,20,,0,0.0,0.0,0.0,0.0,V
109.291,stepper_y1,,20,,0,0.0,0.0,0.0,0.0,V
109.312,stepper_x,,20,,0,0.0,0.0,0.0,0.0,V
109.312,stepper_y,,20,,0,0.0,0.0,0.0,0.0,V
109.312,stepper_y1,,20,,0,0.0,0.0,0.0,0.0,V
109.332,stepper_x,,20,,0,0.0,0.0,0.0,0.0,V
109.332,stepper_y,,20,,0,0.0,0.0,0.0,0.0,V
109.332,stepper_y1,,20,,0,0.0,0.0,0.0,0.0,V
109.352,stepper_x,,20,,0,0.0,0.0,0.0,0.0,V
109.352,stepper_y,,20,,0,0.0,0.0,0.0,0.0,V
109.352,stepper_y1,,20,,0,0.0,0.0,0.0,0.0,V
109.372,stepper_x,,20,,0,0.0,0.0,0.0,0.0,V
109.372,stepper_y,,20,,0,0.0,0.0,0.0,0.0,V
109.372,stepper_y1,,20,,0,0.0,0.0,0.0,0.0,V
109.392,stepper_x,,20,,0,0.0,0.0,0.0,0.0,V
109.392,stepper_y,,20,,0,0.0,0.0,0.0,0.0,V
109.392,stepper_y1,,20,,0,0.0,0.0,0.0,0.0,V
109.413,stepper_x,,20,,0,0.0,0.0,0.0,0.0,V
109.413,stepper_y,,20,,0,0.0,0.0,0.0,0.0,V
109.413,stepper_y1,,20,,0,0.0,0.0,0.0,0.0,V
109.433,stepper_x,,20,,0,0.0,0.0,0.0,0.0,V
109.433,stepper_y,,20,,0,0.0,0.0,0.0,0.0,V
109.433,stepper_y1,,20,,0,0.0,0.0,0.0,0.0,V
109.453,stepper_x,,20,,0,0.0,0.0,0.0,0.0,V
109.453,stepper_y,,20,,0,0.0,0.0,0.0,0.0,V
109.453,stepper_y1,,20,,0,0.0,0.0,0.0,0.0,V
109.473,stepper_x,,20,,0,0.0,0.0,0.0,0.0,V
109.473,stepper_y,,20,,0,0.0,0.0,0.0,0.0,V
109.473,stepper_y1,,20,,0,0.0,0.0,0.0,0.0,V
109.493,stepper_x,,20,,0,0.0,0.0,0.0,0.0,V
109.493,stepper_y,,20,,0,0.0,0.0,0.0,0.0,V
109.493,stepper_y1,,20,,0,0.0,0.0,0.0,0.0,V
109.513,stepper_x,,20,,0,0.0,0.0,0.0,0.0,V
109.513,stepper_y,,20,,0,0.0,0.0,0.0,0.0,V
109.513,stepper_y1,,20,,0,0.0,0.0,0.0,0.0,V
109.534,stepper_x,,20,,0,0.0,0.0,0.0,0.0,V
109.534,stepper_y,,20,,0,0.0,0.0,0.0,0.0,V
109.534,stepper_y1,,20,,0,0.0,0.0,0.0,0.0,V
109.554,stepper_x,,20,,0,0.0,0.0,0.0,0.0,V
109.554,stepper_y,,20,,0,0.0,0.0,0.0,0.0,V
109.554,stepper_y1,,20,,0,0.0,0.0,0.0,0.0,V
109.574,stepper_x,,20,,0,0.0,0.0,0.0,0.0,V
109.574,stepper_y,,20,,0,0.0,0.0,0.0,0.0,V
109.574,stepper_y1,,20,,0,0.0,0.0,0.0,0.0,V
109.594,stepper_x,,20,,0,0.0,0.0,0.0,0.0,V
109.594,stepper_y,,20,,0,0.0,0.0,0.0,0.0,V
109.594,stepper_y1,,20,,0,0.0,0.0,0.0,0.0,V
109.615,stepper_x,,20,,0,0.0,0.0,0.0,0.0,V
109.615,stepper_y,,20,,0,0.0,0.0,0.0,0.0,V
109.615,stepper_y1,,20,,0,0.0,0.0,0.0,0.0,V
109.635,stepper_x,,20,,0,0.0,0.0,0.0,0.0,V
109.635,stepper_y,,20,,0,0.0,0.0,0.0,0.0,V
109.635,stepper_y1,,20,,0,0.0,0.0,0.0,0.0,V
109.655,stepper_x,,20,,0,0.0,0.0,0.0,0.0,V
109.655,stepper_y,,20,,0,0.0,0.0,0.0,0.0,V
109.655,stepper_y1,,20,,0,0.0,0.0,0.0,0.0,V
109.675,stepper_x,,20,,0,0.0,0.0,0.0,0.0,V
109.675,stepper_y,,20,,0,0.0,0.0,0.0,0.0,V
109.675,stepper_y1,,20,,0,0.0,0.0,0.0,0.0,V
109.695,stepper_x,,20,,0,0.0,0.0,0.0,0.0,V
109.695,stepper_y,,20,,0,0.0,0.0,0.0,0.0,V
109.695,stepper_y1,,20,,0,0.0,0.0,0.0,0.0,V
109.716,stepper_x,,20,,0,0.0,0.0,0.0,0.0,V
109.716,stepper_y,,20,,0,0.0,0.0,0.0,0.0,V
109.716,stepper_y1,,20,,0,0.0,0.0,0.0,0.0,V
109.736,stepper_x,,20,,0,0.0,0.0,0.0,0.0,V
109.736,stepper_y,,20,,0,0.0,0.0,0.0,0.0,V
109.736,stepper_y1,,20,,0,0.0,0.0,0.0,0.0,V
109.756,stepper_x,,20,,0,0.0,0.0,0.0,0.0,V
109.756,stepper_y,,20,,0,0.0,0.0,0.0,0.0,V
109.756,stepper_y1,,20,,0,0.0,0.0,0.0,0.0,V
109.776,stepper_x,,20,,0,0.0,0.0,0.0,0.0,V
109.776,stepper_y,,20,,0,0.0,0.0,0.0,0.0,V
109.776,stepper_y1,,20,,0,0.0,0.0,0.0,0.0,V
109.797,stepper_x,,20,,0,0.0,0.0,0.0,0.0,V
109.797,stepper_y,,20,,0,0.0,0.0,0.0,0.0,V
109.797,stepper_y1,,20,,0,0.0,0.0,0.0,0.0,V
109.817,stepper_x,,20,,0,0.0,0.0,0.0,0.0,V
109.817,stepper_y,,20,,0,0.0,0.0,0.0,0.0,V
109.817,stepper_y1,,20,,0,0.0,0.0,0.0,0.0,V
109.837,stepper_x,,20,,0,0.0,0.0,0.0,0.0,V
109.837,stepper_y,,20,,0,0.0,0.0,0.0,0.0,V
109.837,stepper_y1,,20,,0,0.0,0.0,0.0,0.0,V
109.857,stepper_x,,20,,0,0.0,0.0,0.0,0.0,V
109.857,stepper_y,,20,,0,0.0,0.0,0.0,0.0,V
109.857,stepper_y1,,20,,0,0.0,0.0,0.0,0.0,V
109.877,stepper_x,,20,,0,0.0,0.0,0.0,0.0,V
109.877,stepper_y,,20,,0,0.0,0.0,0.0,0.0,V
109.877,stepper_y1,,20,,0,0.0,0.0,0.0,0.0,V
109.897,stepper_x,,20,,0,0.0,0.0,0.0,0.0,V
109.897,stepper_y,,20,,0,0.0,0.0,0.0,0.0,V
109.897,stepper_y1,,20,,0,0.0,0.0,0.0,0.0,V
109.918,stepper_x,,20,,0,0.0,0.0,0.0,0.0,V
109.918,stepper_y,,20,,0,0.0,0.0,0.0,0.0,V
109.918,stepper_y1,,20,,0,0.0,0.0,0.0,0.0,V
109.938,stepper_x,,20,,0,0.0,0.0,0.0,0.0,V
109.938,stepper_y,,20,,0,0.0,0.0,0.0,0.0,V
109.938,stepper_y1,,20,,0,0.0,0.0,0.0,0.0,V
109.958,stepper_x,,20,,0,0.0,0.0,0.0,0.0,V
109.958,stepper_y,,20,,0,0.0,0.0,0.0,0.0,V
109.958,stepper_y1,,20,,0,0.0,0.0,0.0,0.0,V
109.978,stepper_x,,20,,0,0.0,0.0,0.0,0.0,V
109.978,stepper_y,,20,,0,0.0,0.0,0.0,0.0,V
109.978,stepper_y1,,20,,0,0.0,0.0,0.0,0.0,V
109.999,stepper_x,,20,,0,0.0,0.0,0.0,0.0,V
109.999,stepper_y,,20,,0,0.0,0.0,0.0,0.0,V
109.999,stepper_y1,,20,,0,0.0,0.0,0.0,0.0,V
110.019,stepper_x,,20,,0,0.0,0.0,0.0,0.0,V
110.019,stepper_y,,20,,0,0.0,0.0,0.0,0.0,V
110.019,stepper_y1,,20,,0,0.0,0.0,0.0,0.0,V
110.04,stepper_x,,20,,0,0.0,0.0,0.0,0.0,V
110.04,stepper_y,,20,,0,0.0,0.0,0.0,0.0,V
110.04,stepper_y1,,20,,0,0.0,0.0,0.0,0.0,V
110.06,stepper_x,,20,,0,0.0,0.0,0.0,0.0,V
110.06,stepper_y,,20,,0,0.0,0.0,0.0,0.0,V
110.06,stepper_y1,,20,,0,0.0,0.0,0.0,0.0,V
110.08,stepper_x,,20,,0,0.0,0.0,0.0,0.0,V
110.08,stepper_y,,20,,0,0.0,0.0,0.0,0.0,V
110.08,stepper_y1,,20,,0,0.0,0.0,0.0,0.0,V
110.101,stepper_x,,20,,0,0.0,0.0,0.0,0.0,V
110.101,stepper_y,,20,,0,0.0,0.0,0.0,0.0,V
110.101,stepper_y1,,20,,0,0.0,0.0,0.0,0.0,V
110.121,stepper_x,,20,,0,0.0,0.0,0.0,0.0,V
110.121,stepper_y,,20,,0,0.0,0.0,0.0,0.0,V
110.121,stepper_y1,,20,,0,0.0,0.0,0.0,0.0,V
110.141,stepper_x,,20,,0,0.0,0.0,0.0,0.0,V
110.141,stepper_y,,20,,0,0.0,0.0,0.0,0.0,V
110.141,stepper_y1,,20,,0,0.0,0.0,0.0,0.0,V
110.161,stepper_x,,20,,0,0.0,0.0,0.0,0.0,V
110.161,stepper_y,,20,,0,0.0,0.0,0.0,0.0,V
110.161,stepper_y1,,20,,0,0.0,0.0,0.0,0.0,V
110.182,stepper_x,,20,,0,0.0,0.0,0.0,0.0,V
110.182,stepper_y,,20,,0,0.0,0.0,0.0,0.0,V
110.182,stepper_y1,,20,,0,0.0,0.0,0.0,0.0,V
110.202,stepper_x,,20,,0,0.0,0.0,0.0,0.0,V
110.202,stepper_y,,20,,0,0.0,0.0,0.0,0.0,V
110.202,stepper_y1,,20,,0,0.0,0.0,0.0,0.0,V
110.222,stepper_x,,20,,0,0.0,0.0,0.0,0.0,V
110.222,stepper_y,,20,,0,0.0,0.0,0.0,0.0,V
110.222,stepper_y1,,20,,0,0.0,0.0,0.0,0.0,V
110.242,stepper_x,,20,,0,0.0,0.0,0.0,0.0,V
110.242,stepper_y,,20,,0,0.0,0.0,0.0,0.0,V
110.242,stepper_y1,,20,,0,0.0,0.0,0.0,0.0,V
110.263,stepper_x,,20,,0,0.0,0.0,0.0,0.0,V
110.263,stepper_y,,20,,0,0.0,0.0,0.0,0.0,V
110.263,stepper_y1,,20,,0,0.0,0.0,0.0,0.0,V
110.283,stepper_x,,20,,0,0.0,0.0,0.0,0.0,V
110.283,stepper_y,,20,,0,0.0,0.0,0.0,0.0,V
110.283,stepper_y1,,20,,0,0.0,0.0,0.0,0.0,V
110.303,stepper_x,,20,,0,0.0,0.0,0.0,0.0,V
110.303,stepper_y,,20,,0,0.0,0.0,0.0,0.0,V
110.303,stepper_y1,,20,,0,0.0,0.0,0.0,0.0,V
110.323,stepper_x,,20,,0,0.0,0.0,0.0,0.0,V
110.323,stepper_y,,20,,0,0.0,0.0,0.0,0.0,V
110.323,stepper_y1,,20,,0,0.0,0.0,0.0,0.0,V
110.343,stepper_x,,20,,0,0.0,0.0,0.0,0.0,V
110.343,stepper_y,,20,,0,0.0,0.0,0.0,0.0,V
110.343,stepper_y1,,20,,0,0.0,0.0,0.0,0.0,V
110.363,stepper_x,,20,,0,0.0,0.0,0.0,0.0,V
110.363,stepper_y,,20,,0,0.0,0.0,0.0,0.0,V
110.363,stepper_y1,,20,,0,0.0,0.0,0.0,0.0,V
110.384,stepper_x,,20,,0,0.0,0.0,0.0,0.0,V
110.384,stepper_y,,20,,0,0.0,0.0,0.0,0.0,V
110.384,stepper_y1,,20,,0,0.0,0.0,0.0,0.0,V
110.404,stepper_x,,20,,0,0.0,0.0,0.0,0.0,V
110.404,stepper_y,,20,,0,0.0,0.0,0.0,0.0,V
110.404,stepper_y1,,20,,0,0.0,0.0,0.0,0.0,V
110.424,stepper_x,,20,,0,0.0,0.0,0.0,0.0,V
110.424,stepper_y,,20,,0,0.0,0.0,0.0,0.0,V
110.424,stepper_y1,,20,,0,0.0,0.0,0.0,0.0,V
110.444,stepper_x,,20,,0,0.0,0.0,0.0,0.0,V
110.444,stepper_y,,20,,0,0.0,0.0,0.0,0.0,V
110.444,stepper_y1,,20,,0,0.0,0.0,0.0,0.0,V
110.464,stepper_x,,20,,0,0.0,0.0,0.0,0.0,V
110.464,stepper_y,,20,,0,0.0,0.0,0.0,0.0,V
110.464,stepper_y1,,20,,0,0.0,0.0,0.0,0.0,V
110.485,stepper_x,,20,,0,0.0,0.0,0.0,0.0,V
110.485,stepper_y,,20,,0,0.0,0.0,0.0,0.0,V
110.485,stepper_y1,,20,,0,0.0,0.0,0.0,0.0,V
110.505,stepper_x,,20,,0,0.0,0.0,0.0,0.0,V
110.505,stepper_y,,20,,0,0.0,0.0,0.0,0.0,V
110.505,stepper_y1,,20,,0,0.0,0.0,0.0,0.0,V
110.525,stepper_x,,20,,0,0.0,0.0,0.0,0.0,V
110.525,stepper_y,,20,,0,0.0,0.0,0.0,0.0,V
110.525,stepper_y1,,20,,0,0.0,0.0,0.0,0.0,V
110.545,stepper_x,,20,,0,0.0,0.0,0.0,0.0,V
110.545,stepper_y,,20,,0,0.0,0.0,0.0,0.0,V
110.545,stepper_y1,,20,,0,0.0,0.0,0.0,0.0,V
110.565,stepper_x,,20,,0,0.0,0.0,0.0,0.0,V
110.565,stepper_y,,20,,0,0.0,0.0,0.0,0.0,V
110.565,stepper_y1,,20,,0,0.0,0.0,0.0,0.0,V
110.587,stepper_x,,20,,0,0.0,0.0,0.0,0.0,V
110.587,stepper_y,,20,,0,0.0,0.0,0.0,0.0,V
110.587,stepper_y1,,20,,0,0.0,0.0,0.0,0.0,V
110.607,stepper_x,,20,,0,0.0,0.0,0.0,0.0,V
110.607,stepper_y,,20,,0,0.0,0.0,0.0,0.0,V
110.607,stepper_y1,,20,,0,0.0,0.0,0.0,0.0,V
110.627,stepper_x,,20,,0,0.0,0.0,0.0,0.0,V
110.627,stepper_y,,20,,0,0.0,0.0,0.0,0.0,V
110.627,stepper_y1,,20,,0,0.0,0.0,0.0,0.0,V
110.647,stepper_x,,20,,0,0.0,0.0,0.0,0.0,V
110.647,stepper_y,,20,,0,0.0,0.0,0.0,0.0,V
110.647,stepper_y1,,20,,0,0.0,0.0,0.0,0.0,V
110.668,stepper_x,,20,,0,0.0,0.0,0.0,0.0,V
110.668,stepper_y,,20,,0,0.0,0.0,0.0,0.0,V
110.668,stepper_y1,,20,,0,0.0,0.0,0.0,0.0,V
110.688,stepper_x,,20,,0,0.0,0.0,0.0,0.0,V
110.688,stepper_y,,20,,0,0.0,0.0,0.0,0.0,V
110.688,stepper_y1,,20,,0,0.0,0.0,0.0,0.0,V
110.708,stepper_x,,20,,0,0.0,0.0,0.0,0.0,V
110.708,stepper_y,,20,,0,0.0,0.0,0.0,0.0,V
110.708,stepper_y1,,20,,0,0.0,0.0,0.0,0.0,V
110.728,stepper_x,,20,,0,0.0,0.0,0.0,0.0,V
110.728,stepper_y,,20,,0,0.0,0.0,0.0,0.0,V
110.728,stepper_y1,,20,,0,0.0,0.0,0.0,0.0,V
110.748,stepper_x,,20,,0,0.0,0.0,0.0,0.0,V
110.748,stepper_y,,20,,0,0.0,0.0,0.0,0.0,V
110.748,stepper_y1,,20,,0,0.0,0.0,0.0,0.0,V
110.769,stepper_x,,20,,0,0.0,0.0,0.0,0.0,V
110.769,stepper_y,,20,,0,0.0,0.0,0.0,0.0,V
110.769,stepper_y1,,20,,0,0.0,0.0,0.0,0.0,V
110.789,stepper_x,,20,,0,0.0,0.0,0.0,0.0,V
110.789,stepper_y,,20,,0,0.0,0.0,0.0,0.0,V
110.789,stepper_y1,,20,,0,0.0,0.0,0.0,0.0,V
110.809,stepper_x,,20,,0,0.0,0.0,0.0,0.0,V
110.809,stepper_y,,20,,0,0.0,0.0,0.0,0.0,V
110.809,stepper_y1,,20,,0,0.0,0.0,0.0,0.0,V
110.829,stepper_x,,20,,0,0.0,0.0,0.0,0.0,V
110.829,stepper_y,,20,,0,0.0,0.0,0.0,0.0,V
110.829,stepper_y1,,20,,0,0.0,0.0,0.0,0.0,V
110.849,stepper_x,,20,,0,0.0,0.0,0.0,0.0,V
110.849,stepper_y,,20,,0,0.0,0.0,0.0,0.0,V
110.849,stepper_y1,,20,,0,0.0,0.0,0.0,0.0,V
110.87,stepper_x,,20,,0,0.0,0.0,0.0,0.0,V
110.87,stepper_y,,20,,0,0.0,0.0,0.0,0.0,V
110.87,stepper_y1,,20,,0,0.0,0.0,0.0,0.0,V
110.89,stepper_x,,20,,0,0.0,0.0,0.0,0.0,V
110.89,stepper_y,,20,,0,0.0,0.0,0.0,0.0,V
110.89,stepper_y1,,20,,0,0.0,0.0,0.0,0.0,V
110.91,stepper_x,,20,,0,0.0,0.0,0.0,0.0,V
110.91,stepper_y,,20,,0,0.0,0.0,0.0,0.0,V
110.91,stepper_y1,,20,,0,0.0,0.0,0.0,0.0,V
110.93,stepper_x,,20,,0,0.0,0.0,0.0,0.0,V
110.93,stepper_y,,20,,0,0.0,0.0,0.0,0.0,V
110.93,stepper_y1,,20,,0,0.0,0.0,0.0,0.0,V
110.95,stepper_x,,20,,0,0.0,0.0,0.0,0.0,V
110.95,stepper_y,,20,,0,0.0,0.0,0.0,0.0,V
110.95,stepper_y1,,20,,0,0.0,0.0,0.0,0.0,V
110.971,stepper_x,,20,,0,0.0,0.0,0.0,0.0,V
110.971,stepper_y,,20,,0,0.0,0.0,0.0,0.0,V
110.971,stepper_y1,,20,,0,0.0,0.0,0.0,0.0,V
110.991,stepper_x,,20,,0,0.0,0.0,0.0,0.0,V
110.991,stepper_y,,20,,0,0.0,0.0,0.0,0.0,V
110.991,stepper_y1,,20,,0,0.0,0.0,0.0,0.0,V
111.012,stepper_x,,20,,0,0.0,0.0,0.0,0.0,V
111.012,stepper_y,,20,,0,0.0,0.0,0.0,0.0,V
111.012,stepper_y1,,20,,0,0.0,0.0,0.0,0.0,V
111.032,stepper_x,,20,,0,0.0,0.0,0.0,0.0,V
111.032,stepper_y,,20,,0,0.0,0.0,0.0,0.0,V
111.032,stepper_y1,,20,,0,0.0,0.0,0.0,0.0,V
111.052,stepper_x,,20,,0,0.0,0.0,0.0,0.0,V
111.052,stepper_y,,20,,0,0.0,0.0,0.0,0.0,V
111.052,stepper_y1,,20,,0,0.0,0.0,0.0,0.0,V
111.073,stepper_x,,20,,0,0.0,0.0,0.0,0.0,V
111.073,stepper_y,,20,,0,0.0,0.0,0.0,0.0,V
111.073,stepper_y1,,20,,0,0.0,0.0,0.0,0.0,V
111.093,stepper_x,,20,,0,0.0,0.0,0.0,0.0,V
111.093,stepper_y,,20,,0,0.0,0.0,0.0,0.0,V
111.093,stepper_y1,,20,,0,0.0,0.0,0.0,0.0,V
111.113,stepper_x,,20,,0,0.0,0.0,0.0,0.0,V
111.113,stepper_y,,20,,0,0.0,0.0,0.0,0.0,V
111.113,stepper_y1,,20,,0,0.0,0.0,0.0,0.0,V
111.133,stepper_x,,20,,0,0.0,0.0,0.0,0.0,V
111.133,stepper_y,,20,,0,0.0,0.0,0.0,0.0,V
111.133,stepper_y1,,20,,0,0.0,0.0,0.0,0.0,V
111.154,stepper_x,,20,,0,0.0,0.0,0.0,0.0,V
111.154,stepper_y,,20,,0,0.0,0.0,0.0,0.0,V
111.154,stepper_y1,,20,,0,0.0,0.0,0.0,0.0,V
111.174,stepper_x,,20,,0,0.0,0.0,0.0,0.0,V
111.174,stepper_y,,20,,0,0.0,0.0,0.0,0.0,V
111.174,stepper_y1,,20,,0,0.0,0.0,0.0,0.0,V
111.194,stepper_x,,20,,0,0.0,0.0,0.0,0.0,V
111.194,stepper_y,,20,,0,0.0,0.0,0.0,0.0,V
111.194,stepper_y1,,20,,0,0.0,0.0,0.0,0.0,V
111.214,stepper_x,,20,,0,0.0,0.0,0.0,0.0,V
111.214,stepper_y,,20,,0,0.0,0.0,0.0,0.0,V
111.214,stepper_y1,,20,,0,0.0,0.0,0.0,0.0,V
111.234,stepper_x,,20,,0,0.0,0.0,0.0,0.0,V
111.234,stepper_y,,20,,0,0.0,0.0,0.0,0.0,V
111.234,stepper_y1,,20,,0,0.0,0.0,0.0,0.0,V
111.255,stepper_x,,20,,0,0.0,0.0,0.0,0.0,V
111.255,stepper_y,,20,,0,0.0,0.0,0.0,0.0,V
111.255,stepper_y1,,20,,0,0.0,0.0,0.0,0.0,V
111.275,stepper_x,,20,,0,0.0,0.0,0.0,0.0,V
111.275,stepper_y,,20,,0,0.0,0.0,0.0,0.0,V
111.275,stepper_y1,,20,,0,0.0,0.0,0.0,0.0,V
111.295,stepper_x,,20,,0,0.0,0.0,0.0,0.0,V
111.295,stepper_y,,20,,0,0.0,0.0,0.0,0.0,V
111.295,stepper_y1,,20,,0,0.0,0.0,0.0,0.0,V
111.315,stepper_x,,20,,0,0.0,0.0,0.0,0.0,V
111.315,stepper_y,,20,,0,0.0,0.0,0.0,0.0,V
111.315,stepper_y1,,20,,0,0.0,0.0,0.0,0.0,V
111.335,stepper_x,,20,,0,0.0,0.0,0.0,0.0,V
111.335,stepper_y,,20,,0,0.0,0.0,0.0,0.0,V
111.335,stepper_y1,,20,,0,0.0,0.0,0.0,0.0,V
111.356,stepper_x,,20,,0,0.0,0.0,0.0,0.0,V
111.356,stepper_y,,20,,0,0.0,0.0,0.0,0.0,V
111.356,stepper_y1,,20,,0,0.0,0.0,0.0,0.0,V
111.376,stepper_x,,20,,0,0.0,0.0,0.0,0.0,V
111.376,stepper_y,,20,,0,0.0,0.0,0.0,0.0,V
111.376,stepper_y1,,20,,0,0.0,0.0,0.0,0.0,V
111.397,stepper_x,,20,,0,0.0,0.0,0.0,0.0,V
111.397,stepper_y,,20,,0,0.0,0.0,0.0,0.0,V
111.397,stepper_y1,,20,,0,0.0,0.0,0.0,0.0,V
111.417,stepper_x,,20,,0,0.0,0.0,0.0,0.0,V
111.417,stepper_y,,20,,0,0.0,0.0,0.0,0.0,V
111.417,stepper_y1,,20,,0,0.0,0.0,0.0,0.0,V
111.437,stepper_x,,20,,0,0.0,0.0,0.0,0.0,V
111.437,stepper_y,,20,,0,0.0,0.0,0.0,0.0,V
111.437,stepper_y1,,20,,0,0.0,0.0,0.0,0.0,V
111.458,stepper_x,,20,,0,0.0,0.0,0.0,0.0,V
111.458,stepper_y,,20,,0,0.0,0.0,0.0,0.0,V
111.458,stepper_y1,,20,,0,0.0,0.0,0.0,0.0,V
111.478,stepper_x,,20,,0,0.0,0.0,0.0,0.0,V
111.478,stepper_y,,20,,0,0.0,0.0,0.0,0.0,V
111.478,stepper_y1,,20,,0,0.0,0.0,0.0,0.0,V
111.498,stepper_x,,20,,0,0.0,0.0,0.0,0.0,V
111.498,stepper_y,,20,,0,0.0,0.0,0.0,0.0,V
111.498,stepper_y1,,20,,0,0.0,0.0,0.0,0.0,V
111.518,stepper_x,,20,,0,0.0,0.0,0.0,0.0,V
111.518,stepper_y,,20,,0,0.0,0.0,0.0,0.0,V
111.518,stepper_y1,,20,,0,0.0,0.0,0.0,0.0,V
111.538,stepper_x,,20,,0,0.0,0.0,0.0,0.0,V
111.538,stepper_y,,20,,0,0.0,0.0,0.0,0.0,V
111.538,stepper_y1,,20,,0,0.0,0.0,0.0,0.0,V
111.559,stepper_x,,20,,0,0.0,0.0,0.0,0.0,V
111.559,stepper_y,,20,,0,0.0,0.0,0.0,0.0,V
111.559,stepper_y1,,20,,0,0.0,0.0,0.0,0.0,V
111.579,stepper_x,,20,,0,0.0,0.0,0.0,0.0,V
111.579,stepper_y,,20,,0,0.0,0.0,0.0,0.0,V
111.579,stepper_y1,,20,,0,0.0,0.0,0.0,0.0,V
111.599,stepper_x,,20,,0,0.0,0.0,0.0,0.0,V
111.599,stepper_y,,20,,0,0.0,0.0,0.0,0.0,V
111.599,stepper_y1,,20,,0,0.0,0.0,0.0,0.0,V
111.619,stepper_x,,20,,0,0.0,0.0,0.0,0.0,V
111.619,stepper_y,,20,,0,0.0,0.0,0.0,0.0,V
111.619,stepper_y1,,20,,0,0.0,0.0,0.0,0.0,V
111.639,stepper_x,,20,,0,0.0,0.0,0.0,0.0,V
111.639,stepper_y,,20,,0,0.0,0.0,0.0,0.0,V
111.639,stepper_y1,,20,,0,0.0,0.0,0.0,0.0,V
111.66,stepper_x,,20,,0,0.0,0.0,0.0,0.0,V
111.66,stepper_y,,20,,0,0.0,0.0,0.0,0.0,V
111.66,stepper_y1,,20,,0,0.0,0.0,0.0,0.0,V
111.68,stepper_x,,20,,0,0.0,0.0,0.0,0.0,V
111.68,stepper_y,,20,,0,0.0,0.0,0.0,0.0,V
111.68,stepper_y1,,20,,0,0.0,0.0,0.0,0.0,V
111.701,stepper_x,,20,,0,0.0,0.0,0.0,0.0,V
111.701,stepper_y,,20,,0,0.0,0.0,0.0,0.0,V
111.701,stepper_y1,,20,,0,0.0,0.0,0.0,0.0,V
111.722,stepper_x,,20,,0,0.0,0.0,0.0,0.0,V
111.722,stepper_y,,20,,0,0.0,0.0,0.0,0.0,V
111.722,stepper_y1,,20,,0,0.0,0.0,0.0,0.0,V
111.742,stepper_x,,20,,0,0.0,0.0,0.0,0.0,V
111.742,stepper_y,,20,,0,0.0,0.0,0.0,0.0,V
111.742,stepper_y1,,20,,0,0.0,0.0,0.0,0.0,V
111.762,stepper_x,,20,,0,0.0,0.0,0.0,0.0,V
111.762,stepper_y,,20,,0,0.0,0.0,0.0,0.0,V
111.762,stepper_y1,,20,,0,0.0,0.0,0.0,0.0,V
111.782,stepper_x,,20,,0,0.0,0.0,0.0,0.0,V
111.782,stepper_y,,20,,0,0.0,0.0,0.0,0.0,V
111.782,stepper_y1,,20,,0,0.0,0.0,0.0,0.0,V
111.802,stepper_x,,20,,0,0.0,0.0,0.0,0.0,V
111.802,stepper_y,,20,,0,0.0,0.0,0.0,0.0,V
111.802,stepper_y1,,20,,0,0.0,0.0,0.0,0.0,V
111.823,stepper_x,,20,,0,0.0,0.0,0.0,0.0,V
111.823,stepper_y,,20,,0,0.0,0.0,0.0,0.0,V
111.823,stepper_y1,,20,,0,0.0,0.0,0.0,0.0,V
111.843,stepper_x,,20,,0,0.0,0.0,0.0,0.0,V
111.843,stepper_y,,20,,0,0.0,0.0,0.0,0.0,V
111.843,stepper_y1,,20,,0,0.0,0.0,0.0,0.0,V
111.863,stepper_x,,20,,0,0.0,0.0,0.0,0.0,V
111.863,stepper_y,,20,,0,0.0,0.0,0.0,0.0,V
111.863,stepper_y1,,20,,0,0.0,0.0,0.0,0.0,V
111.883,stepper_x,,20,,0,0.0,0.0,0.0,0.0,V
111.883,stepper_y,,20,,0,0.0,0.0,0.0,0.0,V
111.883,stepper_y1,,20,,0,0.0,0.0,0.0,0.0,V
111.903,stepper_x,,20,,0,0.0,0.0,0.0,0.0,V
111.903,stepper_y,,20,,0,0.0,0.0,0.0,0.0,V
111.903,stepper_y1,,20,,0,0.0,0.0,0.0,0.0,V
111.924,stepper_x,,20,,0,0.0,0.0,0.0,0.0,V
111.924,stepper_y,,20,,0,0.0,0.0,0.0,0.0,V
111.924,stepper_y1,,20,,0,0.0,0.0,0.0,0.0,V
111.944,stepper_x,,20,,0,0.0,0.0,0.0,0.0,V
111.944,stepper_y,,20,,0,0.0,0.0,0.0,0.0,V
111.944,stepper_y1,,20,,0,0.0,0.0,0.0,0.0,V
111.964,stepper_x,,20,,0,0.0,0.0,0.0,0.0,V
111.964,stepper_y,,20,,0,0.0,0.0,0.0,0.0,V
111.964,stepper_y1,,20,,0,0.0,0.0,0.0,0.0,V
111.984,stepper_x,,20,,0,0.0,0.0,0.0,0.0,V
111.984,stepper_y,,20,,0,0.0,0.0,0.0,0.0,V
111.984,stepper_y1,,20,,0,0.0,0.0,0.0,0.0,V
112.004,stepper_x,,20,,0,0.0,0.0,0.0,0.0,V
112.004,stepper_y,,20,,0,0.0,0.0,0.0,0.0,V
112.004,stepper_y1,,20,,0,0.0,0.0,0.0,0.0,V
112.025,stepper_x,,20,,0,0.0,0.0,0.0,0.0,V
112.025,stepper_y,,20,,0,0.0,0.0,0.0,0.0,V
112.025,stepper_y1,,20,,0,0.0,0.0,0.0,0.0,V
112.045,stepper_x,,20,,0,0.0,0.0,0.0,0.0,V
112.045,stepper_y,,20,,0,0.0,0.0,0.0,0.0,V
112.045,stepper_y1,,20,,0,0.0,0.0,0.0,0.0,V
112.065,stepper_x,,20,,0,0.0,0.0,0.0,0.0,V
112.065,stepper_y,,20,,0,0.0,0.0,0.0,0.0,V
112.065,stepper_y1,,20,,0,0.0,0.0,0.0,0.0,V
112.086,stepper_x,,20,,0,0.0,0.0,0.0,0.0,V
112.086,stepper_y,,20,,0,0.0,0.0,0.0,0.0,V
112.086,stepper_y1,,20,,0,0.0,0.0,0.0,0.0,V
112.107,stepper_x,,20,,0,0.0,0.0,0.0,0.0,V
112.107,stepper_y,,20,,0,0.0,0.0,0.0,0.0,V
112.107,stepper_y1,,20,,0,0.0,0.0,0.0,0.0,V
112.128,stepper_x,,20,,0,0.0,0.0,0.0,0.0,V
112.128,stepper_y,,20,,0,0.0,0.0,0.0,0.0,V
112.128,stepper_y1,,20,,0,0.0,0.0,0.0,0.0,V
112.148,stepper_x,,20,,0,0.0,0.0,0.0,0.0,V
112.148,stepper_y,,20,,0,0.0,0.0,0.0,0.0,V
112.148,stepper_y1,,20,,0,0.0,0.0,0.0,0.0,V
112.168,stepper_x,,20,,0,0.0,0.0,0.0,0.0,V
112.168,stepper_y,,20,,0,0.0,0.0,0.0,0.0,V
112.168,stepper_y1,,20,,0,0.0,0.0,0.0,0.0,V
112.188,stepper_x,,20,,0,0.0,0.0,0.0,0.0,V
112.188,stepper_y,,20,,0,0.0,0.0,0.0,0.0,V
112.188,stepper_y1,,20,,0,0.0,0.0,0.0,0.0,V
112.208,stepper_x,,20,,0,0.0,0.0,0.0,0.0,V
112.208,stepper_y,,20,,0,0.0,0.0,0.0,0.0,V
112.208,stepper_y1,,20,,0,0.0,0.0,0.0,0.0,V
112.229,stepper_x,,20,,0,0.0,0.0,0.0,0.0,V
112.229,stepper_y,,20,,0,0.0,0.0,0.0,0.0,V
112.229,stepper_y1,,20,,0,0.0,0.0,0.0,0.0,V
112.249,stepper_x,,20,,0,0.0,0.0,0.0,0.0,V
112.249,stepper_y,,20,,0,0.0,0.0,0.0,0.0,V
112.249,stepper_y1,,20,,0,0.0,0.0,0.0,0.0,V
112.269,stepper_x,,20,,0,0.0,0.0,0.0,0.0,V
112.269,stepper_y,,20,,0,0.0,0.0,0.0,0.0,V
112.269,stepper_y1,,20,,0,0.0,0.0,0.0,0.0,V
112.289,stepper_x,,20,,0,0.0,0.0,0.0,0.0,V
112.289,stepper_y,,20,,0,0.0,0.0,0.0,0.0,V
112.289,stepper_y1,,20,,0,0.0,0.0,0.0,0.0,V
112.309,stepper_x,,20,,0,0.0,0.0,0.0,0.0,V
112.309,stepper_y,,20,,0,0.0,0.0,0.0,0.0,V
112.309,stepper_y1,,20,,0,0.0,0.0,0.0,0.0,V
112.33,stepper_x,,20,,0,0.0,0.0,0.0,0.0,V
112.33,stepper_y,,20,,0,0.0,0.0,0.0,0.0,V
112.33,stepper_y1,,20,,0,0.0,0.0,0.0,0.0,V
112.351,stepper_x,,20,,0,0.0,0.0,0.0,0.0,V
112.351,stepper_y,,20,,0,0.0,0.0,0.0,0.0,V
112.351,stepper_y1,,20,,0,0.0,0.0,0.0,0.0,V
112.371,stepper_x,,20,,0,0.0,0.0,0.0,0.0,V
112.371,stepper_y,,20,,0,0.0,0.0,0.0,0.0,V
112.371,stepper_y1,,20,,0,0.0,0.0,0.0,0.0,V
112.391,stepper_x,,20,,0,0.0,0.0,0.0,0.0,V
112.391,stepper_y,,20,,0,0.0,0.0,0.0,0.0,V
112.391,stepper_y1,,20,,0,0.0,0.0,0.0,0.0,V
112.412,stepper_x,,20,,0,0.0,0.0,0.0,0.0,V
112.412,stepper_y,,20,,0,0.0,0.0,0.0,0.0,V
112.412,stepper_y1,,20,,0,0.0,0.0,0.0,0.0,V
112.432,stepper_x,,20,,0,0.0,0.0,0.0,0.0,V
112.432,stepper_y,,20,,0,0.0,0.0,0.0,0.0,V
112.432,stepper_y1,,20,,0,0.0,0.0,0.0,0.0,V
112.452,stepper_x,,20,,0,0.0,0.0,0.0,0.0,V
112.452,stepper_y,,20,,0,0.0,0.0,0.0,0.0,V
112.452,stepper_y1,,20,,0,0.0,0.0,0.0,0.0,V
112.472,stepper_x,,20,,0,0.0,0.0,0.0,0.0,V
112.472,stepper_y,,20,,0,0.0,0.0,0.0,0.0,V
112.472,stepper_y1,,20,,0,0.0,0.0,0.0,0.0,V
112.492,stepper_x,,20,,0,0.0,0.0,0.0,0.0,V
112.492,stepper_y,,20,,0,0.0,0.0,0.0,0.0,V
112.492,stepper_y1,,20,,0,0.0,0.0,0.0,0.0,V
112.513,stepper_x,,20,,0,0.0,0.0,0.0,0.0,V
112.513,stepper_y,,20,,0,0.0,0.0,0.0,0.0,V
112.513,stepper_y1,,20,,0,0.0,0.0,0.0,0.0,V
112.533,stepper_x,,20,,0,0.0,0.0,0.0,0.0,V
112.533,stepper_y,,20,,0,0.0,0.0,0.0,0.0,V
112.533,stepper_y1,,20,,0,0.0,0.0,0.0,0.0,V
112.553,stepper_x,,20,,0,0.0,0.0,0.0,0.0,V
112.553,stepper_y,,20,,0,0.0,0.0,0.0,0.0,V
112.553,stepper_y1,,20,,0,0.0,0.0,0.0,0.0,V
112.573,stepper_x,,20,,0,0.0,0.0,0.0,0.0,V
112.573,stepper_y,,20,,0,0.0,0.0,0.0,0.0,V
112.573,stepper_y1,,20,,0,0.0,0.0,0.0,0.0,V
112.594,stepper_x,,20,,0,0.0,0.0,0.0,0.0,V
112.594,stepper_y,,20,,0,0.0,0.0,0.0,0.0,V
112.594,stepper_y1,,20,,0,0.0,0.0,0.0,0.0,V
112.614,stepper_x,,20,,0,0.0,0.0,0.0,0.0,V
112.614,stepper_y,,20,,0,0.0,0.0,0.0,0.0,V
112.614,stepper_y1,,20,,0,0.0,0.0,0.0,0.0,V
112.635,stepper_x,,20,,0,0.0,0.0,0.0,0.0,V
112.635,stepper_y,,20,,0,0.0,0.0,0.0,0.0,V
112.635,stepper_y1,,20,,0,0.0,0.0,0.0,0.0,V
112.655,stepper_x,,20,,0,0.0,0.0,0.0,0.0,V
112.655,stepper_y,,20,,0,0.0,0.0,0.0,0.0,V
112.655,stepper_y1,,20,,0,0.0,0.0,0.0,0.0,V
112.675,stepper_x,,20,,0,0.0,0.0,0.0,0.0,V
112.675,stepper_y,,20,,0,0.0,0.0,0.0,0.0,V
112.675,stepper_y1,,20,,0,0.0,0.0,0.0,0.0,V
112.695,stepper_x,,20,,0,0.0,0.0,0.0,0.0,V
112.695,stepper_y,,20,,0,0.0,0.0,0.0,0.0,V
112.695,stepper_y1,,20,,0,0.0,0.0,0.0,0.0,V
112.715,stepper_x,,20,,0,0.0,0.0,0.0,0.0,V
112.715,stepper_y,,20,,0,0.0,0.0,0.0,0.0,V
112.715,stepper_y1,,20,,0,0.0,0.0,0.0,0.0,V
112.736,stepper_x,,20,,0,0.0,0.0,0.0,0.0,V
112.736,stepper_y,,20,,0,0.0,0.0,0.0,0.0,V
112.736,stepper_y1,,20,,0,0.0,0.0,0.0,0.0,V
112.756,stepper_x,,20,,0,0.0,0.0,0.0,0.0,V
112.756,stepper_y,,20,,0,0.0,0.0,0.0,0.0,V
112.756,stepper_y1,,20,,0,0.0,0.0,0.0,0.0,V
112.777,stepper_x,,20,,0,0.0,0.0,0.0,0.0,V
112.777,stepper_y,,20,,0,0.0,0.0,0.0,0.0,V
112.777,stepper_y1,,20,,0,0.0,0.0,0.0,0.0,V
112.797,stepper_x,,20,,0,0.0,0.0,0.0,0.0,V
112.797,stepper_y,,20,,0,0.0,0.0,0.0,0.0,V
112.797,stepper_y1,,20,,0,0.0,0.0,0.0,0.0,V
112.817,stepper_x,,20,,0,0.0,0.0,0.0,0.0,V
112.817,stepper_y,,20,,0,0.0,0.0,0.0,0.0,V
112.817,stepper_y1,,20,,0,0.0,0.0,0.0,0.0,V
112.838,stepper_x,,20,,0,0.0,0.0,0.0,0.0,V
112.838,stepper_y,,20,,0,0.0,0.0,0.0,0.0,V
112.838,stepper_y1,,20,,0,0.0,0.0,0.0,0.0,V
112.858,stepper_x,,20,,0,0.0,0.0,0.0,0.0,V
112.858,stepper_y,,20,,0,0.0,0.0,0.0,0.0,V
112.858,stepper_y1,,20,,0,0.0,0.0,0.0,0.0,V
112.878,stepper_x,,20,,0,0.0,0.0,0.0,0.0,V
112.878,stepper_y,,20,,0,0.0,0.0,0.0,0.0,V
112.878,stepper_y1,,20,,0,0.0,0.0,0.0,0.0,V
112.898,stepper_x,,20,,0,0.0,0.0,0.0,0.0,V
112.898,stepper_y,,20,,0,0.0,0.0,0.0,0.0,V
112.898,stepper_y1,,20,,0,0.0,0.0,0.0,0.0,V
112.918,stepper_x,,20,,0,0.0,0.0,0.0,0.0,V
112.918,stepper_y,,20,,0,0.0,0.0,0.0,0.0,V
112.918,stepper_y1,,20,,0,0.0,0.0,0.0,0.0,V
112.939,stepper_x,,20,,0,0.0,0.0,0.0,0.0,V
112.939,stepper_y,,20,,0,0.0,0.0,0.0,0.0,V
112.939,stepper_y1,,20,,0,0.0,0.0,0.0,0.0,V
112.959,stepper_x,,20,,0,0.0,0.0,0.0,0.0,V
112.959,stepper_y,,20,,0,0.0,0.0,0.0,0.0,V
112.959,stepper_y1,,20,,0,0.0,0.0,0.0,0.0,V
112.979,stepper_x,,20,,0,0.0,0.0,0.0,0.0,V
112.979,stepper_y,,20,,0,0.0,0.0,0.0,0.0,V
112.979,stepper_y1,,20,,0,0.0,0.0,0.0,0.0,V
113.0,stepper_x,,20,,0,0.0,0.0,0.0,0.0,V
113.0,stepper_y,,20,,0,0.0,0.0,0.0,0.0,V
113.0,stepper_y1,,20,,0,0.0,0.0,0.0,0.0,V
113.02,stepper_x,,20,,0,0.0,0.0,0.0,0.0,V
113.02,stepper_y,,20,,0,0.0,0.0,0.0,0.0,V
113.02,stepper_y1,,20,,0,0.0,0.0,0.0,0.0,V
113.041,stepper_x,,20,,0,0.0,0.0,0.0,0.0,V
113.041,stepper_y,,20,,0,0.0,0.0,0.0,0.0,V
113.041,stepper_y1,,20,,0,0.0,0.0,0.0,0.0,V
113.061,stepper_x,,20,,0,0.0,0.0,0.0,0.0,V
113.061,stepper_y,,20,,0,0.0,0.0,0.0,0.0,V
113.061,stepper_y1,,20,,0,0.0,0.0,0.0,0.0,V
113.081,stepper_x,,20,,0,0.0,0.0,0.0,0.0,V
113.081,stepper_y,,20,,0,0.0,0.0,0.0,0.0,V
113.081,stepper_y1,,20,,0,0.0,0.0,0.0,0.0,V
113.102,stepper_x,,20,,0,0.0,0.0,0.0,0.0,V
113.102,stepper_y,,20,,0,0.0,0.0,0.0,0.0,V
113.102,stepper_y1,,20,,0,0.0,0.0,0.0,0.0,V
113.122,stepper_x,,20,,0,0.0,0.0,0.0,0.0,V
113.122,stepper_y,,20,,0,0.0,0.0,0.0,0.0,V
113.122,stepper_y1,,20,,0,0.0,0.0,0.0,0.0,V
113.142,stepper_x,,20,,0,0.0,0.0,0.0,0.0,V
113.142,stepper_y,,20,,0,0.0,0.0,0.0,0.0,V
113.142,stepper_y1,,20,,0,0.0,0.0,0.0,0.0,V
113.162,stepper_x,,20,,0,0.0,0.0,0.0,0.0,V
113.162,stepper_y,,20,,0,0.0,0.0,0.0,0.0,V
113.162,stepper_y1,,20,,0,0.0,0.0,0.0,0.0,V
113.182,stepper_x,,20,,0,0.0,0.0,0.0,0.0,V
113.182,stepper_y,,20,,0,0.0,0.0,0.0,0.0,V
113.182,stepper_y1,,20,,0,0.0,0.0,0.0,0.0,V
113.203,stepper_x,,20,,0,0.0,0.0,0.0,0.0,V
113.203,stepper_y,,20,,0,0.0,0.0,0.0,0.0,V
113.203,stepper_y1,,20,,0,0.0,0.0,0.0,0.0,V
113.223,stepper_x,,20,,0,0.0,0.0,0.0,0.0,V
113.223,stepper_y,,20,,0,0.0,0.0,0.0,0.0,V
113.223,stepper_y1,,20,,0,0.0,0.0,0.0,0.0,V
113.243,stepper_x,,20,,0,0.0,0.0,0.0,0.0,V
113.243,stepper_y,,20,,0,0.0,0.0,0.0,0.0,V
113.243,stepper_y1,,20,,0,0.0,0.0,0.0,0.0,V
113.263,stepper_x,,20,,0,0.0,0.0,0.0,0.0,V
113.263,stepper_y,,20,,0,0.0,0.0,0.0,0.0,V
113.263,stepper_y1,,20,,0,0.0,0.0,0.0,0.0,V
113.283,stepper_x,,20,,0,0.0,0.0,0.0,0.0,V
113.283,stepper_y,,20,,0,0.0,0.0,0.0,0.0,V
113.283,stepper_y1,,20,,0,0.0,0.0,0.0,0.0,V
113.304,stepper_x,,20,,0,0.0,0.0,0.0,0.0,V
113.304,stepper_y,,20,,0,0.0,0.0,0.0,0.0,V
113.304,stepper_y1,,20,,0,0.0,0.0,0.0,0.0,V
113.324,stepper_x,,20,,0,0.0,0.0,0.0,0.0,V
113.324,stepper_y,,20,,0,0.0,0.0,0.0,0.0,V
113.324,stepper_y1,,20,,0,0.0,0.0,0.0,0.0,V
113.344,stepper_x,,20,,0,0.0,0.0,0.0,0.0,V
113.344,stepper_y,,20,,0,0.0,0.0,0.0,0.0,V
113.344,stepper_y1,,20,,0,0.0,0.0,0.0,0.0,V
113.365,stepper_x,,20,,0,0.0,0.0,0.0,0.0,V
113.365,stepper_y,,20,,0,0.0,0.0,0.0,0.0,V
113.365,stepper_y1,,20,,0,0.0,0.0,0.0,0.0,V
113.385,stepper_x,,20,,0,0.0,0.0,0.0,0.0,V
113.385,stepper_y,,20,,0,0.0,0.0,0.0,0.0,V
113.385,stepper_y1,,20,,0,0.0,0.0,0.0,0.0,V
113.405,stepper_x,,20,,0,0.0,0.0,0.0,0.0,V
113.405,stepper_y,,20,,0,0.0,0.0,0.0,0.0,V
113.405,stepper_y1,,20,,0,0.0,0.0,0.0,0.0,V
113.426,stepper_x,,20,,0,0.0,0.0,0.0,0.0,V
113.426,stepper_y,,20,,0,0.0,0.0,0.0,0.0,V
113.426,stepper_y1,,20,,0,0.0,0.0,0.0,0.0,V
113.446,stepper_x,,20,,0,0.0,0.0,0.0,0.0,V
113.446,stepper_y,,20,,0,0.0,0.0,0.0,0.0,V
113.446,stepper_y1,,20,,0,0.0,0.0,0.0,0.0,V
113.466,stepper_x,,20,,0,0.0,0.0,0.0,0.0,V
113.466,stepper_y,,20,,0,0.0,0.0,0.0,0.0,V
113.466,stepper_y1,,20,,0,0.0,0.0,0.0,0.0,V
113.486,stepper_x,,20,,0,0.0,0.0,0.0,0.0,V
113.486,stepper_y,,20,,0,0.0,0.0,0.0,0.0,V
113.486,stepper_y1,,20,,0,0.0,0.0,0.0,0.0,V
113.506,stepper_x,,20,,0,0.0,0.0,0.0,0.0,V
113.506,stepper_y,,20,,0,0.0,0.0,0.0,0.0,V
113.506,stepper_y1,,20,,0,0.0,0.0,0.0,0.0,V
113.527,stepper_x,,20,,0,0.0,0.0,0.0,0.0,V
113.527,stepper_y,,20,,0,0.0,0.0,0.0,0.0,V
113.527,stepper_y1,,20,,0,0.0,0.0,0.0,0.0,V
113.547,stepper_x,,20,,0,0.0,0.0,0.0,0.0,V
113.547,stepper_y,,20,,0,0.0,0.0,0.0,0.0,V
113.547,stepper_y1,,20,,0,0.0,0.0,0.0,0.0,V
113.567,stepper_x,,20,,0,0.0,0.0,0.0,0.0,V
113.567,stepper_y,,20,,0,0.0,0.0,0.0,0.0,V
113.567,stepper_y1,,20,,0,0.0,0.0,0.0,0.0,V
113.588,stepper_x,,20,,0,0.0,0.0,0.0,0.0,V
113.588,stepper_y,,20,,0,0.0,0.0,0.0,0.0,V
113.588,stepper_y1,,20,,0,0.0,0.0,0.0,0.0,V
113.609,stepper_x,,20,,0,0.0,0.0,0.0,0.0,V
113.609,stepper_y,,20,,0,0.0,0.0,0.0,0.0,V
113.609,stepper_y1,,20,,0,0.0,0.0,0.0,0.0,V
113.629,stepper_x,,20,,0,0.0,0.0,0.0,0.0,V
113.629,stepper_y,,20,,0,0.0,0.0,0.0,0.0,V
113.629,stepper_y1,,20,,0,0.0,0.0,0.0,0.0,V
113.649,stepper_x,,20,,0,0.0,0.0,0.0,0.0,V
113.649,stepper_y,,20,,0,0.0,0.0,0.0,0.0,V
113.649,stepper_y1,,20,,0,0.0,0.0,0.0,0.0,V
113.669,stepper_x,,20,,0,0.0,0.0,0.0,0.0,V
113.669,stepper_y,,20,,0,0.0,0.0,0.0,0.0,V
113.669,stepper_y1,,20,,0,0.0,0.0,0.0,0.0,V
113.689,stepper_x,,20,,0,0.0,0.0,0.0,0.0,V
113.689,stepper_y,,20,,0,0.0,0.0,0.0,0.0,V
113.689,stepper_y1,,20,,0,0.0,0.0,0.0,0.0,V
113.709,stepper_x,,20,,0,0.0,0.0,0.0,0.0,V
113.709,stepper_y,,20,,0,0.0,0.0,0.0,0.0,V
113.709,stepper_y1,,20,,0,0.0,0.0,0.0,0.0,V
113.73,stepper_x,,20,,0,0.0,0.0,0.0,0.0,V
113.73,stepper_y,,20,,0,0.0,0.0,0.0,0.0,V
113.73,stepper_y1,,20,,0,0.0,0.0,0.0,0.0,V
113.75,stepper_x,,20,,0,0.0,0.0,0.0,0.0,V
113.75,stepper_y,,20,,0,0.0,0.0,0.0,0.0,V
113.75,stepper_y1,,20,,0,0.0,0.0,0.0,0.0,V
113.77,stepper_x,,20,,0,0.0,0.0,0.0,0.0,V
113.77,stepper_y,,20,,0,0.0,0.0,0.0,0.0,V
113.77,stepper_y1,,20,,0,0.0,0.0,0.0,0.0,V
113.79,stepper_x,,20,,0,0.0,0.0,0.0,0.0,V
113.79,stepper_y,,20,,0,0.0,0.0,0.0,0.0,V
113.79,stepper_y1,,20,,0,0.0,0.0,0.0,0.0,V
113.81,stepper_x,,20,,0,0.0,0.0,0.0,0.0,V
113.81,stepper_y,,20,,0,0.0,0.0,0.0,0.0,V
113.81,stepper_y1,,20,,0,0.0,0.0,0.0,0.0,V
113.831,stepper_x,,20,,0,0.0,0.0,0.0,0.0,V
113.831,stepper_y,,20,,0,0.0,0.0,0.0,0.0,V
113.831,stepper_y1,,20,,0,0.0,0.0,0.0,0.0,V
113.852,stepper_x,,20,,0,0.0,0.0,0.0,0.0,V
113.852,stepper_y,,20,,0,0.0,0.0,0.0,0.0,V
113.852,stepper_y1,,20,,0,0.0,0.0,0.0,0.0,V
113.872,stepper_x,,20,,0,0.0,0.0,0.0,0.0,V
113.872,stepper_y,,20,,0,0.0,0.0,0.0,0.0,V
113.872,stepper_y1,,20,,0,0.0,0.0,0.0,0.0,V
113.892,stepper_x,,20,,0,0.0,0.0,0.0,0.0,V
113.892,stepper_y,,20,,0,0.0,0.0,0.0,0.0,V
113.892,stepper_y1,,20,,0,0.0,0.0,0.0,0.0,V
113.912,stepper_x,,20,,0,0.0,0.0,0.0,0.0,V
113.912,stepper_y,,20,,0,0.0,0.0,0.0,0.0,V
113.912,stepper_y1,,20,,0,0.0,0.0,0.0,0.0,V
113.933,stepper_x,,20,,0,0.0,0.0,0.0,0.0,V
113.933,stepper_y,,20,,0,0.0,0.0,0.0,0.0,V
113.933,stepper_y1,,20,,0,0.0,0.0,0.0,0.0,V
113.953,stepper_x,,20,,0,0.0,0.0,0.0,0.0,V
113.953,stepper_y,,20,,0,0.0,0.0,0.0,0.0,V
113.953,stepper_y1,,20,,0,0.0,0.0,0.0,0.0,V
113.973,stepper_x,,20,,0,0.0,0.0,0.0,0.0,V
113.973,stepper_y,,20,,0,0.0,0.0,0.0,0.0,V
113.973,stepper_y1,,20,,0,0.0,0.0,0.0,0.0,V
113.994,stepper_x,,20,,0,0.0,0.0,0.0,0.0,V
113.994,stepper_y,,20,,0,0.0,0.0,0.0,0.0,V
113.994,stepper_y1,,20,,0,0.0,0.0,0.0,0.0,V
114.014,stepper_x,,20,,0,0.0,0.0,0.0,0.0,V
114.014,stepper_y,,20,,0,0.0,0.0,0.0,0.0,V
114.014,stepper_y1,,20,,0,0.0,0.0,0.0,0.0,V
114.035,stepper_x,,20,,0,0.0,0.0,0.0,0.0,V
114.035,stepper_y,,20,,0,0.0,0.0,0.0,0.0,V
114.035,stepper_y1,,20,,0,0.0,0.0,0.0,0.0,V
114.055,stepper_x,,20,,0,0.0,0.0,0.0,0.0,V
114.055,stepper_y,,20,,0,0.0,0.0,0.0,0.0,V
114.055,stepper_y1,,20,,0,0.0,0.0,0.0,0.0,V
114.075,stepper_x,,20,,0,0.0,0.0,0.0,0.0,V
114.075,stepper_y,,20,,0,0.0,0.0,0.0,0.0,V
114.075,stepper_y1,,20,,0,0.0,0.0,0.0,0.0,V
114.096,stepper_x,,20,,0,0.0,0.0,0.0,0.0,V
114.096,stepper_y,,20,,0,0.0,0.0,0.0,0.0,V
114.096,stepper_y1,,20,,0,0.0,0.0,0.0,0.0,V
114.116,stepper_x,,20,,0,0.0,0.0,0.0,0.0,V
114.116,stepper_y,,20,,0,0.0,0.0,0.0,0.0,V
114.116,stepper_y1,,20,,0,0.0,0.0,0.0,0.0,V
114.136,stepper_x,,20,,0,0.0,0.0,0.0,0.0,V
114.136,stepper_y,,20,,0,0.0,0.0,0.0,0.0,V
114.136,stepper_y1,,20,,0,0.0,0.0,0.0,0.0,V
114.156,stepper_x,,20,,0,0.0,0.0,0.0,0.0,V
114.156,stepper_y,,20,,0,0.0,0.0,0.0,0.0,V
114.156,stepper_y1,,20,,0,0.0,0.0,0.0,0.0,V
114.176,stepper_x,,20,,0,0.0,0.0,0.0,0.0,V
114.176,stepper_y,,20,,0,0.0,0.0,0.0,0.0,V
114.176,stepper_y1,,20,,0,0.0,0.0,0.0,0.0,V
114.197,stepper_x,,20,,0,0.0,0.0,0.0,0.0,V
114.197,stepper_y,,20,,0,0.0,0.0,0.0,0.0,V
114.197,stepper_y1,,20,,0,0.0,0.0,0.0,0.0,V
114.217,stepper_x,,20,,0,0.0,0.0,0.0,0.0,V
114.217,stepper_y,,20,,0,0.0,0.0,0.0,0.0,V
114.217,stepper_y1,,20,,0,0.0,0.0,0.0,0.0,V
114.237,stepper_x,,20,,0,0.0,0.0,0.0,0.0,V
114.237,stepper_y,,20,,0,0.0,0.0,0.0,0.0,V
114.237,stepper_y1,,20,,0,0.0,0.0,0.0,0.0,V
114.257,stepper_x,,20,,0,0.0,0.0,0.0,0.0,V
114.257,stepper_y,,20,,0,0.0,0.0,0.0,0.0,V
114.257,stepper_y1,,20,,0,0.0,0.0,0.0,0.0,V
114.277,stepper_x,,20,,0,0.0,0.0,0.0,0.0,V
114.277,stepper_y,,20,,0,0.0,0.0,0.0,0.0,V
114.277,stepper_y1,,20,,0,0.0,0.0,0.0,0.0,V
114.298,stepper_x,,20,,0,0.0,0.0,0.0,0.0,V
114.298,stepper_y,,20,,0,0.0,0.0,0.0,0.0,V
114.298,stepper_y1,,20,,0,0.0,0.0,0.0,0.0,V
114.318,stepper_x,,20,,0,0.0,0.0,0.0,0.0,V
114.318,stepper_y,,20,,0,0.0,0.0,0.0,0.0,V
114.318,stepper_y1,,20,,0,0.0,0.0,0.0,0.0,V
114.338,stepper_x,,20,,0,0.0,0.0,0.0,0.0,V
114.338,stepper_y,,20,,0,0.0,0.0,0.0,0.0,V
114.338,stepper_y1,,20,,0,0.0,0.0,0.0,0.0,V
114.358,stepper_x,,20,,0,0.0,0.0,0.0,0.0,V
114.358,stepper_y,,20,,0,0.0,0.0,0.0,0.0,V
114.358,stepper_y1,,20,,0,0.0,0.0,0.0,0.0,V
114.379,stepper_x,,20,,0,0.0,0.0,0.0,0.0,V
114.379,stepper_y,,20,,0,0.0,0.0,0.0,0.0,V
114.379,stepper_y1,,20,,0,0.0,0.0,0.0,0.0,V
114.399,stepper_x,,20,,0,0.0,0.0,0.0,0.0,V
114.399,stepper_y,,20,,0,0.0,0.0,0.0,0.0,V
114.399,stepper_y1,,20,,0,0.0,0.0,0.0,0.0,V
114.419,stepper_x,,20,,0,0.0,0.0,0.0,0.0,V
114.419,stepper_y,,20,,0,0.0,0.0,0.0,0.0,V
114.419,stepper_y1,,20,,0,0.0,0.0,0.0,0.0,V
114.439,stepper_x,,20,,0,0.0,0.0,0.0,0.0,V
114.439,stepper_y,,20,,0,0.0,0.0,0.0,0.0,V
114.439,stepper_y1,,20,,0,0.0,0.0,0.0,0.0,V
114.459,stepper_x,,20,,0,0.0,0.0,0.0,0.0,V
114.459,stepper_y,,20,,0,0.0,0.0,0.0,0.0,V
114.459,stepper_y1,,20,,0,0.0,0.0,0.0,0.0,V
114.48,stepper_x,,20,,0,0.0,0.0,0.0,0.0,V
114.48,stepper_y,,20,,0,0.0,0.0,0.0,0.0,V
114.48,stepper_y1,,20,,0,0.0,0.0,0.0,0.0,V
114.5,stepper_x,,20,,0,0.0,0.0,0.0,0.0,V
114.5,stepper_y,,20,,0,0.0,0.0,0.0,0.0,V
114.5,stepper_y1,,20,,0,0.0,0.0,0.0,0.0,V
114.52,stepper_x,,20,,0,0.0,0.0,0.0,0.0,V
114.52,stepper_y,,20,,0,0.0,0.0,0.0,0.0,V
114.52,stepper_y1,,20,,0,0.0,0.0,0.0,0.0,V
114.54,stepper_x,,20,,0,0.0,0.0,0.0,0.0,V
114.54,stepper_y,,20,,0,0.0,0.0,0.0,0.0,V
114.54,stepper_y1,,20,,0,0.0,0.0,0.0,0.0,V
114.56,stepper_x,,20,,0,0.0,0.0,0.0,0.0,V
114.56,stepper_y,,20,,0,0.0,0.0,0.0,0.0,V
114.56,stepper_y1,,20,,0,0.0,0.0,0.0,0.0,V
114.581,stepper_x,,20,,0,0.0,0.0,0.0,0.0,V
114.581,stepper_y,,20,,0,0.0,0.0,0.0,0.0,V
114.581,stepper_y1,,20,,0,0.0,0.0,0.0,0.0,V
114.601,stepper_x,,20,,0,0.0,0.0,0.0,0.0,V
114.601,stepper_y,,20,,0,0.0,0.0,0.0,0.0,V
114.601,stepper_y1,,20,,0,0.0,0.0,0.0,0.0,V
114.622,stepper_x,,20,,0,0.0,0.0,0.0,0.0,V
114.622,stepper_y,,20,,0,0.0,0.0,0.0,0.0,V
114.622,stepper_y1,,20,,0,0.0,0.0,0.0,0.0,V
114.642,stepper_x,,20,,0,0.0,0.0,0.0,0.0,V
114.642,stepper_y,,20,,0,0.0,0.0,0.0,0.0,V
114.642,stepper_y1,,20,,0,0.0,0.0,0.0,0.0,V
114.663,stepper_x,,20,,0,0.0,0.0,0.0,0.0,V
114.663,stepper_y,,20,,0,0.0,0.0,0.0,0.0,V
114.663,stepper_y1,,20,,0,0.0,0.0,0.0,0.0,V
114.683,stepper_x,,20,,0,0.0,0.0,0.0,0.0,V
114.683,stepper_y,,20,,0,0.0,0.0,0.0,0.0,V
114.683,stepper_y1,,20,,0,0.0,0.0,0.0,0.0,V
114.703,stepper_x,,20,,0,0.0,0.0,0.0,0.0,V
114.703,stepper_y,,20,,0,0.0,0.0,0.0,0.0,V
114.703,stepper_y1,,20,,0,0.0,0.0,0.0,0.0,V
114.723,stepper_x,,20,,0,0.0,0.0,0.0,0.0,V
114.723,stepper_y,,20,,0,0.0,0.0,0.0,0.0,V
114.723,stepper_y1,,20,,0,0.0,0.0,0.0,0.0,V
114.743,stepper_x,,20,,0,0.0,0.0,0.0,0.0,V
114.743,stepper_y,,20,,0,0.0,0.0,0.0,0.0,V
114.743,stepper_y1,,20,,0,0.0,0.0,0.0,0.0,V
114.764,stepper_x,,20,,0,0.0,0.0,0.0,0.0,V
114.764,stepper_y,,20,,0,0.0,0.0,0.0,0.0,V
114.764,stepper_y1,,20,,0,0.0,0.0,0.0,0.0,V
114.784,stepper_x,,20,,0,0.0,0.0,0.0,0.0,V
114.784,stepper_y,,20,,0,0.0,0.0,0.0,0.0,V
114.784,stepper_y1,,20,,0,0.0,0.0,0.0,0.0,V
114.804,stepper_x,,20,,0,0.0,0.0,0.0,0.0,V
114.804,stepper_y,,20,,0,0.0,0.0,0.0,0.0,V
114.804,stepper_y1,,20,,0,0.0,0.0,0.0,0.0,V
114.824,stepper_x,,20,,0,0.0,0.0,0.0,0.0,V
114.824,stepper_y,,20,,0,0.0,0.0,0.0,0.0,V
114.824,stepper_y1,,20,,0,0.0,0.0,0.0,0.0,V
114.845,stepper_x,,20,,0,0.0,0.0,0.0,0.0,V
114.845,stepper_y,,20,,0,0.0,0.0,0.0,0.0,V
114.845,stepper_y1,,20,,0,0.0,0.0,0.0,0.0,V
114.866,stepper_x,,20,,0,0.0,0.0,0.0,0.0,V
114.866,stepper_y,,20,,0,0.0,0.0,0.0,0.0,V
114.866,stepper_y1,,20,,0,0.0,0.0,0.0,0.0,V
114.886,stepper_x,,20,,0,0.0,0.0,0.0,0.0,V
114.886,stepper_y,,20,,0,0.0,0.0,0.0,0.0,V
114.886,stepper_y1,,20,,0,0.0,0.0,0.0,0.0,V
114.906,stepper_x,,20,,0,0.0,0.0,0.0,0.0,V
114.906,stepper_y,,20,,0,0.0,0.0,0.0,0.0,V
114.906,stepper_y1,,20,,0,0.0,0.0,0.0,0.0,V
114.926,stepper_x,,20,,0,0.0,0.0,0.0,0.0,V
114.926,stepper_y,,20,,0,0.0,0.0,0.0,0.0,V
114.926,stepper_y1,,20,,0,0.0,0.0,0.0,0.0,V
114.946,stepper_x,,20,,0,0.0,0.0,0.0,0.0,V
114.946,stepper_y,,20,,0,0.0,0.0,0.0,0.0,V
114.946,stepper_y1,,20,,0,0.0,0.0,0.0,0.0,V
114.967,stepper_x,,20,,0,0.0,0.0,0.0,0.0,V
114.967,stepper_y,,20,,0,0.0,0.0,0.0,0.0,V
114.967,stepper_y1,,20,,0,0.0,0.0,0.0,0.0,V
114.987,stepper_x,,20,,0,0.0,0.0,0.0,0.0,V
114.987,stepper_y,,20,,0,0.0,0.0,0.0,0.0,V
114.987,stepper_y1,,20,,0,0.0,0.0,0.0,0.0,V
115.007,stepper_x,,20,,0,0.0,0.0,0.0,0.0,V
115.007,stepper_y,,20,,0,0.0,0.0,0.0,0.0,V
115.007,stepper_y1,,20,,0,0.0,0.0,0.0,0.0,V
115.027,stepper_x,,20,,0,0.0,0.0,0.0,0.0,V
115.027,stepper_y,,20,,0,0.0,0.0,0.0,0.0,V
115.027,stepper_y1,,20,,0,0.0,0.0,0.0,0.0,V
115.047,stepper_x,,20,,0,0.0,0.0,0.0,0.0,V
115.047,stepper_y,,20,,0,0.0,0.0,0.0,0.0,V
115.047,stepper_y1,,20,,0,0.0,0.0,0.0,0.0,V
115.068,stepper_x,,20,,0,0.0,0.0,0.0,0.0,V
115.068,stepper_y,,20,,0,0.0,0.0,0.0,0.0,V
115.068,stepper_y1,,20,,0,0.0,0.0,0.0,0.0,V
115.088,stepper_x,,20,,0,0.0,0.0,0.0,0.0,V
115.088,stepper_y,,20,,0,0.0,0.0,0.0,0.0,V
115.088,stepper_y1,,20,,0,0.0,0.0,0.0,0.0,V
115.108,stepper_x,,20,,0,0.0,0.0,0.0,0.0,V
115.108,stepper_y,,20,,0,0.0,0.0,0.0,0.0,V
115.108,stepper_y1,,20,,0,0.0,0.0,0.0,0.0,V
115.128,stepper_x,,20,,0,0.0,0.0,0.0,0.0,V
115.128,stepper_y,,20,,0,0.0,0.0,0.0,0.0,V
115.128,stepper_y1,,20,,0,0.0,0.0,0.0,0.0,V
115.148,stepper_x,,20,,0,0.0,0.0,0.0,0.0,V
115.148,stepper_y,,20,,0,0.0,0.0,0.0,0.0,V
115.148,stepper_y1,,20,,0,0.0,0.0,0.0,0.0,V
115.169,stepper_x,,20,,0,0.0,0.0,0.0,0.0,V
115.169,stepper_y,,20,,0,0.0,0.0,0.0,0.0,V
115.169,stepper_y1,,20,,0,0.0,0.0,0.0,0.0,V
115.189,stepper_x,,20,,0,0.0,0.0,0.0,0.0,V
115.189,stepper_y,,20,,0,0.0,0.0,0.0,0.0,V
115.189,stepper_y1,,20,,0,0.0,0.0,0.0,0.0,V
115.209,stepper_x,,20,,0,0.0,0.0,0.0,0.0,V
115.209,stepper_y,,20,,0,0.0,0.0,0.0,0.0,V
115.209,stepper_y1,,20,,0,0.0,0.0,0.0,0.0,V
115.229,stepper_x,,20,,0,0.0,0.0,0.0,0.0,V
115.229,stepper_y,,20,,0,0.0,0.0,0.0,0.0,V
115.229,stepper_y1,,20,,0,0.0,0.0,0.0,0.0,V
115.249,stepper_x,,20,,0,0.0,0.0,0.0,0.0,V
115.249,stepper_y,,20,,0,0.0,0.0,0.0,0.0,V
115.249,stepper_y1,,20,,0,0.0,0.0,0.0,0.0,V
115.27,stepper_x,,20,,0,0.0,0.0,0.0,0.0,V
115.27,stepper_y,,20,,0,0.0,0.0,0.0,0.0,V
115.27,stepper_y1,,20,,0,0.0,0.0,0.0,0.0,V
115.29,stepper_x,,20,,0,0.0,0.0,0.0,0.0,V
115.29,stepper_y,,20,,0,0.0,0.0,0.0,0.0,V
115.29,stepper_y1,,20,,0,0.0,0.0,0.0,0.0,V
115.31,stepper_x,,20,,0,0.0,0.0,0.0,0.0,V
115.31,stepper_y,,20,,0,0.0,0.0,0.0,0.0,V
115.31,stepper_y1,,20,,0,0.0,0.0,0.0,0.0,V
115.33,stepper_x,,20,,0,0.0,0.0,0.0,0.0,V
115.33,stepper_y,,20,,0,0.0,0.0,0.0,0.0,V
115.33,stepper_y1,,20,,0,0.0,0.0,0.0,0.0,V
115.351,stepper_x,,20,,0,0.0,0.0,0.0,0.0,V
115.351,stepper_y,,20,,0,0.0,0.0,0.0,0.0,V
115.351,stepper_y1,,20,,0,0.0,0.0,0.0,0.0,V
115.372,stepper_x,,20,,0,0.0,0.0,0.0,0.0,V
115.372,stepper_y,,20,,0,0.0,0.0,0.0,0.0,V
115.372,stepper_y1,,20,,0,0.0,0.0,0.0,0.0,V
115.392,stepper_x,,20,,0,0.0,0.0,0.0,0.0,V
115.392,stepper_y,,20,,0,0.0,0.0,0.0,0.0,V
115.392,stepper_y1,,20,,0,0.0,0.0,0.0,0.0,V
115.412,stepper_x,,20,,0,0.0,0.0,0.0,0.0,V
115.412,stepper_y,,20,,0,0.0,0.0,0.0,0.0,V
115.412,stepper_y1,,20,,0,0.0,0.0,0.0,0.0,V
115.432,stepper_x,,20,,0,0.0,0.0,0.0,0.0,V
115.432,stepper_y,,20,,0,0.0,0.0,0.0,0.0,V
115.432,stepper_y1,,20,,0,0.0,0.0,0.0,0.0,V
115.453,stepper_x,,20,,0,0.0,0.0,0.0,0.0,V
115.453,stepper_y,,20,,0,0.0,0.0,0.0,0.0,V
115.453,stepper_y1,,20,,0,0.0,0.0,0.0,0.0,V
115.473,stepper_x,,20,,0,0.0,0.0,0.0,0.0,V
115.473,stepper_y,,20,,0,0.0,0.0,0.0,0.0,V
115.473,stepper_y1,,20,,0,0.0,0.0,0.0,0.0,V
115.493,stepper_x,,20,,0,0.0,0.0,0.0,0.0,V
115.493,stepper_y,,20,,0,0.0,0.0,0.0,0.0,V
115.493,stepper_y1,,20,,0,0.0,0.0,0.0,0.0,V
115.513,stepper_x,,20,,0,0.0,0.0,0.0,0.0,V
115.513,stepper_y,,20,,0,0.0,0.0,0.0,0.0,V
115.513,stepper_y1,,20,,0,0.0,0.0,0.0,0.0,V
115.533,stepper_x,,20,,0,0.0,0.0,0.0,0.0,V
115.533,stepper_y,,20,,0,0.0,0.0,0.0,0.0,V
115.533,stepper_y1,,20,,0,0.0,0.0,0.0,0.0,V
115.554,stepper_x,,20,,0,0.0,0.0,0.0,0.0,V
115.554,stepper_y,,20,,0,0.0,0.0,0.0,0.0,V
115.554,stepper_y1,,20,,0,0.0,0.0,0.0,0.0,V
115.574,stepper_x,,20,,0,0.0,0.0,0.0,0.0,V
115.574,stepper_y,,20,,0,0.0,0.0,0.0,0.0,V
115.574,stepper_y1,,20,,0,0.0,0.0,0.0,0.0,V
115.595,stepper_x,,20,,0,0.0,0.0,0.0,0.0,V
115.595,stepper_y,,20,,0,0.0,0.0,0.0,0.0,V
115.595,stepper_y1,,20,,0,0.0,0.0,0.0,0.0,V
115.616,stepper_x,,20,,0,0.0,0.0,0.0,0.0,V
115.616,stepper_y,,20,,0,0.0,0.0,0.0,0.0,V
115.616,stepper_y1,,20,,0,0.0,0.0,0.0,0.0,V
115.636,stepper_x,,20,,0,0.0,0.0,0.0,0.0,V
115.636,stepper_y,,20,,0,0.0,0.0,0.0,0.0,V
115.636,stepper_y1,,20,,0,0.0,0.0,0.0,0.0,V
115.657,stepper_x,,20,,0,0.0,0.0,0.0,0.0,V
115.657,stepper_y,,20,,0,0.0,0.0,0.0,0.0,V
115.657,stepper_y1,,20,,0,0.0,0.0,0.0,0.0,V
115.677,stepper_x,,20,,0,0.0,0.0,0.0,0.0,V
115.677,stepper_y,,20,,0,0.0,0.0,0.0,0.0,V
115.677,stepper_y1,,20,,0,0.0,0.0,0.0,0.0,V
115.697,stepper_x,,20,,0,0.0,0.0,0.0,0.0,V
115.697,stepper_y,,20,,0,0.0,0.0,0.0,0.0,V
115.697,stepper_y1,,20,,0,0.0,0.0,0.0,0.0,V
115.717,stepper_x,,20,,0,0.0,0.0,0.0,0.0,V
115.717,stepper_y,,20,,0,0.0,0.0,0.0,0.0,V
115.717,stepper_y1,,20,,0,0.0,0.0,0.0,0.0,V
115.737,stepper_x,,20,,0,0.0,0.0,0.0,0.0,V
115.737,stepper_y,,20,,0,0.0,0.0,0.0,0.0,V
115.737,stepper_y1,,20,,0,0.0,0.0,0.0,0.0,V
115.758,stepper_x,,20,,0,0.0,0.0,0.0,0.0,V
115.758,stepper_y,,20,,0,0.0,0.0,0.0,0.0,V
115.758,stepper_y1,,20,,0,0.0,0.0,0.0,0.0,V
115.778,stepper_x,,20,,0,0.0,0.0,0.0,0.0,V
115.778,stepper_y,,20,,0,0.0,0.0,0.0,0.0,V
115.778,stepper_y1,,20,,0,0.0,0.0,0.0,0.0,V
115.798,stepper_x,,20,,0,0.0,0.0,0.0,0.0,V
115.798,stepper_y,,20,,0,0.0,0.0,0.0,0.0,V
115.798,stepper_y1,,20,,0,0.0,0.0,0.0,0.0,V
115.818,stepper_x,,20,,0,0.0,0.0,0.0,0.0,V
115.818,stepper_y,,20,,0,0.0,0.0,0.0,0.0,V
115.818,stepper_y1,,20,,0,0.0,0.0,0.0,0.0,V
115.838,stepper_x,,20,,0,0.0,0.0,0.0,0.0,V
115.838,stepper_y,,20,,0,0.0,0.0,0.0,0.0,V
115.838,stepper_y1,,20,,0,0.0,0.0,0.0,0.0,V
115.859,stepper_x,,20,,0,0.0,0.0,0.0,0.0,V
115.859,stepper_y,,20,,0,0.0,0.0,0.0,0.0,V
115.859,stepper_y1,,20,,0,0.0,0.0,0.0,0.0,V
115.879,stepper_x,,20,,0,0.0,0.0,0.0,0.0,V
115.879,stepper_y,,20,,0,0.0,0.0,0.0,0.0,V
115.879,stepper_y1,,20,,0,0.0,0.0,0.0,0.0,V
115.899,stepper_x,,20,,0,0.0,0.0,0.0,0.0,V
115.899,stepper_y,,20,,0,0.0,0.0,0.0,0.0,V
115.899,stepper_y1,,20,,0,0.0,0.0,0.0,0.0,V
115.919,stepper_x,,20,,0,0.0,0.0,0.0,0.0,V
115.919,stepper_y,,20,,0,0.0,0.0,0.0,0.0,V
115.919,stepper_y1,,20,,0,0.0,0.0,0.0,0.0,V
115.94,stepper_x,,20,,0,0.0,0.0,0.0,0.0,V
115.94,stepper_y,,20,,0,0.0,0.0,0.0,0.0,V
115.94,stepper_y1,,20,,0,0.0,0.0,0.0,0.0,V
115.961,stepper_x,,20,,0,0.0,0.0,0.0,0.0,V
115.961,stepper_y,,20,,0,0.0,0.0,0.0,0.0,V
115.961,stepper_y1,,20,,0,0.0,0.0,0.0,0.0,V
115.981,stepper_x,,20,,0,0.0,0.0,0.0,0.0,V
115.981,stepper_y,,20,,0,0.0,0.0,0.0,0.0,V
115.981,stepper_y1,,20,,0,0.0,0.0,0.0,0.0,V
116.001,stepper_x,,20,,0,0.0,0.0,0.0,0.0,V
116.001,stepper_y,,20,,0,0.0,0.0,0.0,0.0,V
116.001,stepper_y1,,20,,0,0.0,0.0,0.0,0.0,V
116.021,stepper_x,,20,,0,0.0,0.0,0.0,0.0,V
116.021,stepper_y,,20,,0,0.0,0.0,0.0,0.0,V
116.021,stepper_y1,,20,,0,0.0,0.0,0.0,0.0,V
116.042,stepper_x,,20,,0,0.0,0.0,0.0,0.0,V
116.042,stepper_y,,20,,0,0.0,0.0,0.0,0.0,V
116.042,stepper_y1,,20,,0,0.0,0.0,0.0,0.0,V
116.062,stepper_x,,20,,0,0.0,0.0,0.0,0.0,V
116.062,stepper_y,,20,,0,0.0,0.0,0.0,0.0,V
116.062,stepper_y1,,20,,0,0.0,0.0,0.0,0.0,V
116.082,stepper_x,,20,,0,0.0,0.0,0.0,0.0,V
116.082,stepper_y,,20,,0,0.0,0.0,0.0,0.0,V
116.082,stepper_y1,,20,,0,0.0,0.0,0.0,0.0,V
116.102,stepper_x,,20,,0,0.0,0.0,0.0,0.0,V
116.102,stepper_y,,20,,0,0.0,0.0,0.0,0.0,V
116.102,stepper_y1,,20,,0,0.0,0.0,0.0,0.0,V
116.123,stepper_x,,20,,0,0.0,0.0,0.0,0.0,V
116.123,stepper_y,,20,,0,0.0,0.0,0.0,0.0,V
116.123,stepper_y1,,20,,0,0.0,0.0,0.0,0.0,V
116.143,stepper_x,,20,,0,0.0,0.0,0.0,0.0,V
116.143,stepper_y,,20,,0,0.0,0.0,0.0,0.0,V
116.143,stepper_y1,,20,,0,0.0,0.0,0.0,0.0,V
116.163,stepper_x,,20,,0,0.0,0.0,0.0,0.0,V
116.163,stepper_y,,20,,0,0.0,0.0,0.0,0.0,V
116.163,stepper_y1,,20,,0,0.0,0.0,0.0,0.0,V
116.183,stepper_x,,20,,0,0.0,0.0,0.0,0.0,V
116.183,stepper_y,,20,,0,0.0,0.0,0.0,0.0,V
116.183,stepper_y1,,20,,0,0.0,0.0,0.0,0.0,V
116.203,stepper_x,,20,,0,0.0,0.0,0.0,0.0,V
116.203,stepper_y,,20,,0,0.0,0.0,0.0,0.0,V
116.203,stepper_y1,,20,,0,0.0,0.0,0.0,0.0,V
116.224,stepper_x,,20,,0,0.0,0.0,0.0,0.0,V
116.224,stepper_y,,20,,0,0.0,0.0,0.0,0.0,V
116.224,stepper_y1,,20,,0,0.0,0.0,0.0,0.0,V
116.244,stepper_x,,20,,0,0.0,0.0,0.0,0.0,V
116.244,stepper_y,,20,,0,0.0,0.0,0.0,0.0,V
116.244,stepper_y1,,20,,0,0.0,0.0,0.0,0.0,V
116.264,stepper_x,,20,,0,0.0,0.0,0.0,0.0,V
116.264,stepper_y,,20,,0,0.0,0.0,0.0,0.0,V
116.264,stepper_y1,,20,,0,0.0,0.0,0.0,0.0,V
116.284,stepper_x,,20,,0,0.0,0.0,0.0,0.0,V
116.284,stepper_y,,20,,0,0.0,0.0,0.0,0.0,V
116.284,stepper_y1,,20,,0,0.0,0.0,0.0,0.0,V
116.304,stepper_x,,20,,0,0.0,0.0,0.0,0.0,V
116.304,stepper_y,,20,,0,0.0,0.0,0.0,0.0,V
116.304,stepper_y1,,20,,0,0.0,0.0,0.0,0.0,V
116.325,stepper_x,,20,,0,0.0,0.0,0.0,0.0,V
116.325,stepper_y,,20,,0,0.0,0.0,0.0,0.0,V
116.325,stepper_y1,,20,,0,0.0,0.0,0.0,0.0,V
116.345,stepper_x,,20,,0,0.0,0.0,0.0,0.0,V
116.345,stepper_y,,20,,0,0.0,0.0,0.0,0.0,V
116.345,stepper_y1,,20,,0,0.0,0.0,0.0,0.0,V
116.366,stepper_x,,20,,0,0.0,0.0,0.0,0.0,V
116.366,stepper_y,,20,,0,0.0,0.0,0.0,0.0,V
116.366,stepper_y1,,20,,0,0.0,0.0,0.0,0.0,V
116.386,stepper_x,,20,,0,0.0,0.0,0.0,0.0,V
116.386,stepper_y,,20,,0,0.0,0.0,0.0,0.0,V
116.386,stepper_y1,,20,,0,0.0,0.0,0.0,0.0,V
116.406,stepper_x,,20,,0,0.0,0.0,0.0,0.0,V
116.406,stepper_y,,20,,0,0.0,0.0,0.0,0.0,V
116.406,stepper_y1,,20,,0,0.0,0.0,0.0,0.0,V
116.427,stepper_x,,20,,0,0.0,0.0,0.0,0.0,V
116.427,stepper_y,,20,,0,0.0,0.0,0.0,0.0,V
116.427,stepper_y1,,20,,0,0.0,0.0,0.0,0.0,V
116.447,stepper_x,,20,,0,0.0,0.0,0.0,0.0,V
116.447,stepper_y,,20,,0,0.0,0.0,0.0,0.0,V
116.447,stepper_y1,,20,,0,0.0,0.0,0.0,0.0,V
116.467,stepper_x,,20,,0,0.0,0.0,0.0,0.0,V
116.467,stepper_y,,20,,0,0.0,0.0,0.0,0.0,V
116.467,stepper_y1,,20,,0,0.0,0.0,0.0,0.0,V
116.487,stepper_x,,20,,0,0.0,0.0,0.0,0.0,V
116.487,stepper_y,,20,,0,0.0,0.0,0.0,0.0,V
116.487,stepper_y1,,20,,0,0.0,0.0,0.0,0.0,V
116.507,stepper_x,,20,,0,0.0,0.0,0.0,0.0,V
116.507,stepper_y,,20,,0,0.0,0.0,0.0,0.0,V
116.507,stepper_y1,,20,,0,0.0,0.0,0.0,0.0,V
116.528,stepper_x,,20,,0,0.0,0.0,0.0,0.0,V
116.528,stepper_y,,20,,0,0.0,0.0,0.0,0.0,V
116.528,stepper_y1,,20,,0,0.0,0.0,0.0,0.0,V
116.548,stepper_x,,20,,0,0.0,0.0,0.0,0.0,V
116.548,stepper_y,,20,,0,0.0,0.0,0.0,0.0,V
116.548,stepper_y1,,20,,0,0.0,0.0,0.0,0.0,V
116.568,stepper_x,,20,,0,0.0,0.0,0.0,0.0,V
116.568,stepper_y,,20,,0,0.0,0.0,0.0,0.0,V
116.568,stepper_y1,,20,,0,0.0,0.0,0.0,0.0,V
116.588,stepper_x,,20,,0,0.0,0.0,0.0,0.0,V
116.588,stepper_y,,20,,0,0.0,0.0,0.0,0.0,V
116.588,stepper_y1,,20,,0,0.0,0.0,0.0,0.0,V
116.608,stepper_x,,20,,0,0.0,0.0,0.0,0.0,V
116.608,stepper_y,,20,,0,0.0,0.0,0.0,0.0,V
116.608,stepper_y1,,20,,0,0.0,0.0,0.0,0.0,V
116.629,stepper_x,,20,,0,0.0,0.0,0.0,0.0,V
116.629,stepper_y,,20,,0,0.0,0.0,0.0,0.0,V
116.629,stepper_y1,,20,,0,0.0,0.0,0.0,0.0,V
116.649,stepper_x,,20,,0,0.0,0.0,0.0,0.0,V
116.649,stepper_y,,20,,0,0.0,0.0,0.0,0.0,V
116.649,stepper_y1,,20,,0,0.0,0.0,0.0,0.0,V
116.669,stepper_x,,20,,0,0.0,0.0,0.0,0.0,V
116.669,stepper_y,,20,,0,0.0,0.0,0.0,0.0,V
116.669,stepper_y1,,20,,0,0.0,0.0,0.0,0.0,V
116.689,stepper_x,,20,,0,0.0,0.0,0.0,0.0,V
116.689,stepper_y,,20,,0,0.0,0.0,0.0,0.0,V
116.689,stepper_y1,,20,,0,0.0,0.0,0.0,0.0,V
116.709,stepper_x,,20,,0,0.0,0.0,0.0,0.0,V
116.709,stepper_y,,20,,0,0.0,0.0,0.0,0.0,V
116.709,stepper_y1,,20,,0,0.0,0.0,0.0,0.0,V
116.73,stepper_x,,20,,0,0.0,0.0,0.0,0.0,V
116.73,stepper_y,,20,,0,0.0,0.0,0.0,0.0,V
116.73,stepper_y1,,20,,0,0.0,0.0,0.0,0.0,V
116.75,stepper_x,,20,,0,0.0,0.0,0.0,0.0,V
116.75,stepper_y,,20,,0,0.0,0.0,0.0,0.0,V
116.75,stepper_y1,,20,,0,0.0,0.0,0.0,0.0,V
116.77,stepper_x,,20,,0,0.0,0.0,0.0,0.0,V
116.77,stepper_y,,20,,0,0.0,0.0,0.0,0.0,V
116.77,stepper_y1,,20,,0,0.0,0.0,0.0,0.0,V
116.79,stepper_x,,20,,0,0.0,0.0,0.0,0.0,V
116.79,stepper_y,,20,,0,0.0,0.0,0.0,0.0,V
116.79,stepper_y1,,20,,0,0.0,0.0,0.0,0.0,V
116.81,stepper_x,,20,,0,0.0,0.0,0.0,0.0,V
116.81,stepper_y,,20,,0,0.0,0.0,0.0,0.0,V
116.81,stepper_y1,,20,,0,0.0,0.0,0.0,0.0,V
116.831,stepper_x,,20,,0,0.0,0.0,0.0,0.0,V
116.831,stepper_y,,20,,0,0.0,0.0,0.0,0.0,V
116.831,stepper_y1,,20,,0,0.0,0.0,0.0,0.0,V
116.851,stepper_x,,20,,0,0.0,0.0,0.0,0.0,V
116.851,stepper_y,,20,,0,0.0,0.0,0.0,0.0,V
116.851,stepper_y1,,20,,0,0.0,0.0,0.0,0.0,V
116.871,stepper_x,,20,,0,0.0,0.0,0.0,0.0,V
116.871,stepper_y,,20,,0,0.0,0.0,0.0,0.0,V
116.871,stepper_y1,,20,,0,0.0,0.0,0.0,0.0,V
116.892,stepper_x,,20,,0,0.0,0.0,0.0,0.0,V
116.892,stepper_y,,20,,0,0.0,0.0,0.0,0.0,V
116.892,stepper_y1,,20,,0,0.0,0.0,0.0,0.0,V
116.912,stepper_x,,20,,0,0.0,0.0,0.0,0.0,V
116.912,stepper_y,,20,,0,0.0,0.0,0.0,0.0,V
116.912,stepper_y1,,20,,0,0.0,0.0,0.0,0.0,V
116.933,stepper_x,,20,,0,0.0,0.0,0.0,0.0,V
116.933,stepper_y,,20,,0,0.0,0.0,0.0,0.0,V
116.933,stepper_y1,,20,,0,0.0,0.0,0.0,0.0,V
116.953,stepper_x,,20,,0,0.0,0.0,0.0,0.0,V
116.953,stepper_y,,20,,0,0.0,0.0,0.0,0.0,V
116.953,stepper_y1,,20,,0,0.0,0.0,0.0,0.0,V
116.973,stepper_x,,20,,0,0.0,0.0,0.0,0.0,V
116.973,stepper_y,,20,,0,0.0,0.0,0.0,0.0,V
116.973,stepper_y1,,20,,0,0.0,0.0,0.0,0.0,V
116.993,stepper_x,,20,,0,0.0,0.0,0.0,0.0,V
116.993,stepper_y,,20,,0,0.0,0.0,0.0,0.0,V
116.993,stepper_y1,,20,,0,0.0,0.0,0.0,0.0,V
117.014,stepper_x,,20,,0,0.0,0.0,0.0,0.0,V
117.014,stepper_y,,20,,0,0.0,0.0,0.0,0.0,V
117.014,stepper_y1,,20,,0,0.0,0.0,0.0,0.0,V
117.035,stepper_x,,20,,0,0.0,0.0,0.0,0.0,V
117.035,stepper_y,,20,,0,0.0,0.0,0.0,0.0,V
117.035,stepper_y1,,20,,0,0.0,0.0,0.0,0.0,V
117.055,stepper_x,,20,,0,0.0,0.0,0.0,0.0,V
117.055,stepper_y,,20,,0,0.0,0.0,0.0,0.0,V
117.055,stepper_y1,,20,,0,0.0,0.0,0.0,0.0,V
117.075,stepper_x,,20,,0,0.0,0.0,0.0,0.0,V
117.075,stepper_y,,20,,0,0.0,0.0,0.0,0.0,V
117.075,stepper_y1,,20,,0,0.0,0.0,0.0,0.0,V
117.096,stepper_x,,20,,0,0.0,0.0,0.0,0.0,V
117.096,stepper_y,,20,,0,0.0,0.0,0.0,0.0,V
117.096,stepper_y1,,20,,0,0.0,0.0,0.0,0.0,V
117.117,stepper_x,,20,,0,0.0,0.0,0.0,0.0,V
117.117,stepper_y,,20,,0,0.0,0.0,0.0,0.0,V
117.117,stepper_y1,,20,,0,0.0,0.0,0.0,0.0,V
117.137,stepper_x,,20,,0,0.0,0.0,0.0,0.0,V
117.137,stepper_y,,20,,0,0.0,0.0,0.0,0.0,V
117.137,stepper_y1,,20,,0,0.0,0.0,0.0,0.0,V
117.157,stepper_x,,20,,0,0.0,0.0,0.0,0.0,V
117.157,stepper_y,,20,,0,0.0,0.0,0.0,0.0,V
117.157,stepper_y1,,20,,0,0.0,0.0,0.0,0.0,V
117.177,stepper_x,,20,,0,0.0,0.0,0.0,0.0,V
117.177,stepper_y,,20,,0,0.0,0.0,0.0,0.0,V
117.177,stepper_y1,,20,,0,0.0,0.0,0.0,0.0,V
117.197,stepper_x,,20,,0,0.0,0.0,0.0,0.0,V
117.197,stepper_y,,20,,0,0.0,0.0,0.0,0.0,V
117.197,stepper_y1,,20,,0,0.0,0.0,0.0,0.0,V
117.217,stepper_x,,20,,0,0.0,0.0,0.0,0.0,V
117.217,stepper_y,,20,,0,0.0,0.0,0.0,0.0,V
117.217,stepper_y1,,20,,0,0.0,0.0,0.0,0.0,V
117.238,stepper_x,,20,,0,0.0,0.0,0.0,0.0,V
117.238,stepper_y,,20,,0,0.0,0.0,0.0,0.0,V
117.238,stepper_y1,,20,,0,0.0,0.0,0.0,0.0,V
117.258,stepper_x,,20,,0,0.0,0.0,0.0,0.0,V
117.258,stepper_y,,20,,0,0.0,0.0,0.0,0.0,V
117.258,stepper_y1,,20,,0,0.0,0.0,0.0,0.0,V
117.278,stepper_x,,20,,0,0.0,0.0,0.0,0.0,V
117.278,stepper_y,,20,,0,0.0,0.0,0.0,0.0,V
117.278,stepper_y1,,20,,0,0.0,0.0,0.0,0.0,V
117.298,stepper_x,,20,,0,0.0,0.0,0.0,0.0,V
117.298,stepper_y,,20,,0,0.0,0.0,0.0,0.0,V
117.298,stepper_y1,,20,,0,0.0,0.0,0.0,0.0,V
117.318,stepper_x,,20,,0,0.0,0.0,0.0,0.0,V
117.318,stepper_y,,20,,0,0.0,0.0,0.0,0.0,V
117.318,stepper_y1,,20,,0,0.0,0.0,0.0,0.0,V
117.339,stepper_x,,20,,0,0.0,0.0,0.0,0.0,V
117.339,stepper_y,,20,,0,0.0,0.0,0.0,0.0,V
117.339,stepper_y1,,20,,0,0.0,0.0,0.0,0.0,V
117.359,stepper_x,,20,,0,0.0,0.0,0.0,0.0,V
117.359,stepper_y,,20,,0,0.0,0.0,0.0,0.0,V
117.359,stepper_y1,,20,,0,0.0,0.0,0.0,0.0,V
117.379,stepper_x,,20,,0,0.0,0.0,0.0,0.0,V
117.379,stepper_y,,20,,0,0.0,0.0,0.0,0.0,V
117.379,stepper_y1,,20,,0,0.0,0.0,0.0,0.0,V
117.399,stepper_x,,20,,0,0.0,0.0,0.0,0.0,V
117.399,stepper_y,,20,,0,0.0,0.0,0.0,0.0,V
117.399,stepper_y1,,20,,0,0.0,0.0,0.0,0.0,V
117.419,stepper_x,,20,,0,0.0,0.0,0.0,0.0,V
117.419,stepper_y,,20,,0,0.0,0.0,0.0,0.0,V
117.419,stepper_y1,,20,,0,0.0,0.0,0.0,0.0,V
117.44,stepper_x,,20,,0,0.0,0.0,0.0,0.0,V
117.44,stepper_y,,20,,0,0.0,0.0,0.0,0.0,V
117.44,stepper_y1,,20,,0,0.0,0.0,0.0,0.0,V
117.46,stepper_x,,20,,0,0.0,0.0,0.0,0.0,V
117.46,stepper_y,,20,,0,0.0,0.0,0.0,0.0,V
117.46,stepper_y1,,20,,0,0.0,0.0,0.0,0.0,V
117.48,stepper_x,,20,,0,0.0,0.0,0.0,0.0,V
117.48,stepper_y,,20,,0,0.0,0.0,0.0,0.0,V
117.48,stepper_y1,,20,,0,0.0,0.0,0.0,0.0,V
117.5,stepper_x,,20,,0,0.0,0.0,0.0,0.0,V
117.5,stepper_y,,20,,0,0.0,0.0,0.0,0.0,V
117.5,stepper_y1,,20,,0,0.0,0.0,0.0,0.0,V
117.52,stepper_x,,20,,0,0.0,0.0,0.0,0.0,V
117.52,stepper_y,,20,,0,0.0,0.0,0.0,0.0,V
117.52,stepper_y1,,20,,0,0.0,0.0,0.0,0.0,V
117.541,stepper_x,,20,,0,0.0,0.0,0.0,0.0,V
117.541,stepper_y,,20,,0,0.0,0.0,0.0,0.0,V
117.541,stepper_y1,,20,,0,0.0,0.0,0.0,0.0,V
117.561,stepper_x,,20,,0,0.0,0.0,0.0,0.0,V
117.561,stepper_y,,20,,0,0.0,0.0,0.0,0.0,V
117.561,stepper_y1,,20,,0,0.0,0.0,0.0,0.0,V
117.581,stepper_x,,20,,0,0.0,0.0,0.0,0.0,V
117.581,stepper_y,,20,,0,0.0,0.0,0.0,0.0,V
117.581,stepper_y1,,20,,0,0.0,0.0,0.0,0.0,V
117.602,stepper_x,,20,,0,0.0,0.0,0.0,0.0,V
117.602,stepper_y,,20,,0,0.0,0.0,0.0,0.0,V
117.602,stepper_y1,,20,,0,0.0,0.0,0.0,0.0,V
117.622,stepper_x,,20,,0,0.0,0.0,0.0,0.0,V
117.622,stepper_y,,20,,0,0.0,0.0,0.0,0.0,V
117.622,stepper_y1,,20,,0,0.0,0.0,0.0,0.0,V
117.642,stepper_x,,20,,0,0.0,0.0,0.0,0.0,V
117.642,stepper_y,,20,,0,0.0,0.0,0.0,0.0,V
117.642,stepper_y1,,20,,0,0.0,0.0,0.0,0.0,V
117.662,stepper_x,,20,,0,0.0,0.0,0.0,0.0,V
117.662,stepper_y,,20,,0,0.0,0.0,0.0,0.0,V
117.662,stepper_y1,,20,,0,0.0,0.0,0.0,0.0,V
117.682,stepper_x,,20,,0,0.0,0.0,0.0,0.0,V
117.682,stepper_y,,20,,0,0.0,0.0,0.0,0.0,V
117.682,stepper_y1,,20,,0,0.0,0.0,0.0,0.0,V
117.703,stepper_x,,20,,0,0.0,0.0,0.0,0.0,V
117.703,stepper_y,,20,,0,0.0,0.0,0.0,0.0,V
117.703,stepper_y1,,20,,0,0.0,0.0,0.0,0.0,V
117.723,stepper_x,,20,,0,0.0,0.0,0.0,0.0,V
117.723,stepper_y,,20,,0,0.0,0.0,0.0,0.0,V
117.723,stepper_y1,,20,,0,0.0,0.0,0.0,0.0,V
117.743,stepper_x,,20,,0,0.0,0.0,0.0,0.0,V
117.743,stepper_y,,20,,0,0.0,0.0,0.0,0.0,V
117.743,stepper_y1,,20,,0,0.0,0.0,0.0,0.0,V
117.763,stepper_x,,20,,0,0.0,0.0,0.0,0.0,V
117.763,stepper_y,,20,,0,0.0,0.0,0.0,0.0,V
117.763,stepper_y1,,20,,0,0.0,0.0,0.0,0.0,V
117.783,stepper_x,,20,,0,0.0,0.0,0.0,0.0,V
117.783,stepper_y,,20,,0,0.0,0.0,0.0,0.0,V
117.783,stepper_y1,,20,,0,0.0,0.0,0.0,0.0,V
117.804,stepper_x,,20,,0,0.0,0.0,0.0,0.0,V
117.804,stepper_y,,20,,0,0.0,0.0,0.0,0.0,V
117.804,stepper_y1,,20,,0,0.0,0.0,0.0,0.0,V
117.824,stepper_x,,20,,0,0.0,0.0,0.0,0.0,V
117.824,stepper_y,,20,,0,0.0,0.0,0.0,0.0,V
117.824,stepper_y1,,20,,0,0.0,0.0,0.0,0.0,V
117.844,stepper_x,,20,,0,0.0,0.0,0.0,0.0,V
117.844,stepper_y,,20,,0,0.0,0.0,0.0,0.0,V
117.844,stepper_y1,,20,,0,0.0,0.0,0.0,0.0,V
117.864,stepper_x,,20,,0,0.0,0.0,0.0,0.0,V
117.864,stepper_y,,20,,0,0.0,0.0,0.0,0.0,V
117.864,stepper_y1,,20,,0,0.0,0.0,0.0,0.0,V
117.884,stepper_x,,20,,0,0.0,0.0,0.0,0.0,V
117.884,stepper_y,,20,,0,0.0,0.0,0.0,0.0,V
117.884,stepper_y1,,20,,0,0.0,0.0,0.0,0.0,V
117.905,stepper_x,,20,,0,0.0,0.0,0.0,0.0,V
117.905,stepper_y,,20,,0,0.0,0.0,0.0,0.0,V
117.905,stepper_y1,,20,,0,0.0,0.0,0.0,0.0,V
117.925,stepper_x,,20,,0,0.0,0.0,0.0,0.0,V
117.925,stepper_y,,20,,0,0.0,0.0,0.0,0.0,V
117.925,stepper_y1,,20,,0,0.0,0.0,0.0,0.0,V
117.945,stepper_x,,20,,0,0.0,0.0,0.0,0.0,V
117.945,stepper_y,,20,,0,0.0,0.0,0.0,0.0,V
117.945,stepper_y1,,20,,0,0.0,0.0,0.0,0.0,V
117.965,stepper_x,,20,,0,0.0,0.0,0.0,0.0,V
117.965,stepper_y,,20,,0,0.0,0.0,0.0,0.0,V
117.965,stepper_y1,,20,,0,0.0,0.0,0.0,0.0,V
117.985,stepper_x,,20,,0,0.0,0.0,0.0,0.0,V
117.985,stepper_y,,20,,0,0.0,0.0,0.0,0.0,V
117.985,stepper_y1,,20,,0,0.0,0.0,0.0,0.0,V
118.006,stepper_x,,20,,0,0.0,0.0,0.0,0.0,V
118.006,stepper_y,,20,,0,0.0,0.0,0.0,0.0,V
118.006,stepper_y1,,20,,0,0.0,0.0,0.0,0.0,V
118.026,stepper_x,,20,,0,0.0,0.0,0.0,0.0,V
118.026,stepper_y,,20,,0,0.0,0.0,0.0,0.0,V
118.026,stepper_y1,,20,,0,0.0,0.0,0.0,0.0,V
118.046,stepper_x,,20,,0,0.0,0.0,0.0,0.0,V
118.046,stepper_y,,20,,0,0.0,0.0,0.0,0.0,V
118.046,stepper_y1,,20,,0,0.0,0.0,0.0,0.0,V
118.066,stepper_x,,20,,0,0.0,0.0,0.0,0.0,V
118.066,stepper_y,,20,,0,0.0,0.0,0.0,0.0,V
118.066,stepper_y1,,20,,0,0.0,0.0,0.0,0.0,V
118.086,stepper_x,,20,,0,0.0,0.0,0.0,0.0,V
118.086,stepper_y,,20,,0,0.0,0.0,0.0,0.0,V
118.086,stepper_y1,,20,,0,0.0,0.0,0.0,0.0,V
118.107,stepper_x,,20,,0,0.0,0.0,0.0,0.0,V
118.107,stepper_y,,20,,0,0.0,0.0,0.0,0.0,V
118.107,stepper_y1,,20,,0,0.0,0.0,0.0,0.0,V
118.127,stepper_x,,20,,0,0.0,0.0,0.0,0.0,V
118.127,stepper_y,,20,,0,0.0,0.0,0.0,0.0,V
118.127,stepper_y1,,20,,0,0.0,0.0,0.0,0.0,V
118.147,stepper_x,,20,,0,0.0,0.0,0.0,0.0,V
118.147,stepper_y,,20,,0,0.0,0.0,0.0,0.0,V
118.147,stepper_y1,,20,,0,0.0,0.0,0.0,0.0,V
118.167,stepper_x,,20,,0,0.0,0.0,0.0,0.0,V
118.167,stepper_y,,20,,0,0.0,0.0,0.0,0.0,V
118.167,stepper_y1,,20,,0,0.0,0.0,0.0,0.0,V
118.188,stepper_x,,20,,0,0.0,0.0,0.0,0.0,V
118.188,stepper_y,,20,,0,0.0,0.0,0.0,0.0,V
118.188,stepper_y1,,20,,0,0.0,0.0,0.0,0.0,V
118.208,stepper_x,,20,,0,0.0,0.0,0.0,0.0,V
118.208,stepper_y,,20,,0,0.0,0.0,0.0,0.0,V
118.208,stepper_y1,,20,,0,0.0,0.0,0.0,0.0,V
118.228,stepper_x,,20,,0,0.0,0.0,0.0,0.0,V
118.228,stepper_y,,20,,0,0.0,0.0,0.0,0.0,V
118.228,stepper_y1,,20,,0,0.0,0.0,0.0,0.0,V
118.248,stepper_x,,20,,0,0.0,0.0,0.0,0.0,V
118.248,stepper_y,,20,,0,0.0,0.0,0.0,0.0,V
118.248,stepper_y1,,20,,0,0.0,0.0,0.0,0.0,V
118.268,stepper_x,,20,,0,0.0,0.0,0.0,0.0,V
118.268,stepper_y,,20,,0,0.0,0.0,0.0,0.0,V
118.268,stepper_y1,,20,,0,0.0,0.0,0.0,0.0,V
118.289,stepper_x,,20,,0,0.0,0.0,0.0,0.0,V
118.289,stepper_y,,20,,0,0.0,0.0,0.0,0.0,V
118.289,stepper_y1,,20,,0,0.0,0.0,0.0,0.0,V
118.309,stepper_x,,20,,0,0.0,0.0,0.0,0.0,V
118.309,stepper_y,,20,,0,0.0,0.0,0.0,0.0,V
118.309,stepper_y1,,20,,0,0.0,0.0,0.0,0.0,V
118.329,stepper_x,,20,,0,0.0,0.0,0.0,0.0,V
118.329,stepper_y,,20,,0,0.0,0.0,0.0,0.0,V
118.329,stepper_y1,,20,,0,0.0,0.0,0.0,0.0,V
118.35,stepper_x,,20,,0,0.0,0.0,0.0,0.0,V
118.35,stepper_y,,20,,0,0.0,0.0,0.0,0.0,V
118.35,stepper_y1,,20,,0,0.0,0.0,0.0,0.0,V
118.37,stepper_x,,20,,0,0.0,0.0,0.0,0.0,V
118.37,stepper_y,,20,,0,0.0,0.0,0.0,0.0,V
118.37,stepper_y1,,20,,0,0.0,0.0,0.0,0.0,V
118.39,stepper_x,,20,,0,0.0,0.0,0.0,0.0,V
118.39,stepper_y,,20,,0,0.0,0.0,0.0,0.0,V
118.39,stepper_y1,,20,,0,0.0,0.0,0.0,0.0,V
118.411,stepper_x,,20,,0,0.0,0.0,0.0,0.0,V
118.411,stepper_y,,20,,0,0.0,0.0,0.0,0.0,V
118.411,stepper_y1,,20,,0,0.0,0.0,0.0,0.0,V
118.431,stepper_x,,20,,0,0.0,0.0,0.0,0.0,V
118.431,stepper_y,,20,,0,0.0,0.0,0.0,0.0,V
118.431,stepper_y1,,20,,0,0.0,0.0,0.0,0.0,V
118.451,stepper_x,,20,,0,0.0,0.0,0.0,0.0,V
118.451,stepper_y,,20,,0,0.0,0.0,0.0,0.0,V
118.451,stepper_y1,,20,,0,0.0,0.0,0.0,0.0,V
118.471,stepper_x,,20,,0,0.0,0.0,0.0,0.0,V
118.471,stepper_y,,20,,0,0.0,0.0,0.0,0.0,V
118.471,stepper_y1,,20,,0,0.0,0.0,0.0,0.0,V
118.492,stepper_x,,20,,0,0.0,0.0,0.0,0.0,V
118.492,stepper_y,,20,,0,0.0,0.0,0.0,0.0,V
118.492,stepper_y1,,20,,0,0.0,0.0,0.0,0.0,V
118.512,stepper_x,,20,,0,0.0,0.0,0.0,0.0,V
118.512,stepper_y,,20,,0,0.0,0.0,0.0,0.0,V
118.512,stepper_y1,,20,,0,0.0,0.0,0.0,0.0,V
118.532,stepper_x,,20,,0,0.0,0.0,0.0,0.0,V
118.532,stepper_y,,20,,0,0.0,0.0,0.0,0.0,V
118.532,stepper_y1,,20,,0,0.0,0.0,0.0,0.0,V
118.552,stepper_x,,20,,0,0.0,0.0,0.0,0.0,V
118.552,stepper_y,,20,,0,0.0,0.0,0.0,0.0,V
118.552,stepper_y1,,20,,0,0.0,0.0,0.0,0.0,V
118.572,stepper_x,,20,,0,0.0,0.0,0.0,0.0,V
118.572,stepper_y,,20,,0,0.0,0.0,0.0,0.0,V
118.572,stepper_y1,,20,,0,0.0,0.0,0.0,0.0,V
118.593,stepper_x,,20,,0,0.0,0.0,0.0,0.0,V
118.593,stepper_y,,20,,0,0.0,0.0,0.0,0.0,V
118.593,stepper_y1,,20,,0,0.0,0.0,0.0,0.0,V
118.613,stepper_x,,20,,0,0.0,0.0,0.0,0.0,V
118.613,stepper_y,,20,,0,0.0,0.0,0.0,0.0,V
118.613,stepper_y1,,20,,0,0.0,0.0,0.0,0.0,V
118.633,stepper_x,,20,,0,0.0,0.0,0.0,0.0,V
118.633,stepper_y,,20,,0,0.0,0.0,0.0,0.0,V
118.633,stepper_y1,,20,,0,0.0,0.0,0.0,0.0,V
118.653,stepper_x,,20,,0,0.0,0.0,0.0,0.0,V
118.653,stepper_y,,20,,0,0.0,0.0,0.0,0.0,V
118.653,stepper_y1,,20,,0,0.0,0.0,0.0,0.0,V
118.674,stepper_x,,20,,0,0.0,0.0,0.0,0.0,V
118.674,stepper_y,,20,,0,0.0,0.0,0.0,0.0,V
118.674,stepper_y1,,20,,0,0.0,0.0,0.0,0.0,V
118.694,stepper_x,,20,,0,0.0,0.0,0.0,0.0,V
118.694,stepper_y,,20,,0,0.0,0.0,0.0,0.0,V
118.694,stepper_y1,,20,,0,0.0,0.0,0.0,0.0,V
118.714,stepper_x,,20,,0,0.0,0.0,0.0,0.0,V
118.714,stepper_y,,20,,0,0.0,0.0,0.0,0.0,V
118.714,stepper_y1,,20,,0,0.0,0.0,0.0,0.0,V
118.734,stepper_x,,20,,0,0.0,0.0,0.0,0.0,V
118.734,stepper_y,,20,,0,0.0,0.0,0.0,0.0,V
118.734,stepper_y1,,20,,0,0.0,0.0,0.0,0.0,V
118.754,stepper_x,,20,,0,0.0,0.0,0.0,0.0,V
118.754,stepper_y,,20,,0,0.0,0.0,0.0,0.0,V
118.754,stepper_y1,,20,,0,0.0,0.0,0.0,0.0,V
118.774,stepper_x,,20,,0,0.0,0.0,0.0,0.0,V
118.774,stepper_y,,20,,0,0.0,0.0,0.0,0.0,V
118.774,stepper_y1,,20,,0,0.0,0.0,0.0,0.0,V
118.795,stepper_x,,20,,0,0.0,0.0,0.0,0.0,V
118.795,stepper_y,,20,,0,0.0,0.0,0.0,0.0,V
118.795,stepper_y1,,20,,0,0.0,0.0,0.0,0.0,V
118.815,stepper_x,,20,,0,0.0,0.0,0.0,0.0,V
118.815,stepper_y,,20,,0,0.0,0.0,0.0,0.0,V
118.815,stepper_y1,,20,,0,0.0,0.0,0.0,0.0,V
118.835,stepper_x,,20,,0,0.0,0.0,0.0,0.0,V
118.835,stepper_y,,20,,0,0.0,0.0,0.0,0.0,V
118.835,stepper_y1,,20,,0,0.0,0.0,0.0,0.0,V
118.855,stepper_x,,20,,0,0.0,0.0,0.0,0.0,V
118.855,stepper_y,,20,,0,0.0,0.0,0.0,0.0,V
118.855,stepper_y1,,20,,0,0.0,0.0,0.0,0.0,V
118.876,stepper_x,,20,,0,0.0,0.0,0.0,0.0,V
118.876,stepper_y,,20,,0,0.0,0.0,0.0,0.0,V
118.876,stepper_y1,,20,,0,0.0,0.0,0.0,0.0,V
118.896,stepper_x,,20,,0,0.0,0.0,0.0,0.0,V
118.896,stepper_y,,20,,0,0.0,0.0,0.0,0.0,V
118.896,stepper_y1,,20,,0,0.0,0.0,0.0,0.0,V
118.916,stepper_x,,20,,0,0.0,0.0,0.0,0.0,V
118.916,stepper_y,,20,,0,0.0,0.0,0.0,0.0,V
118.916,stepper_y1,,20,,0,0.0,0.0,0.0,0.0,V
118.936,stepper_x,,20,,0,0.0,0.0,0.0,0.0,V
118.936,stepper_y,,20,,0,0.0,0.0,0.0,0.0,V
118.936,stepper_y1,,20,,0,0.0,0.0,0.0,0.0,V
118.956,stepper_x,,20,,0,0.0,0.0,0.0,0.0,V
118.956,stepper_y,,20,,0,0.0,0.0,0.0,0.0,V
118.956,stepper_y1,,20,,0,0.0,0.0,0.0,0.0,V
118.977,stepper_x,,20,,0,0.0,0.0,0.0,0.0,V
118.977,stepper_y,,20,,0,0.0,0.0,0.0,0.0,V
118.977,stepper_y1,,20,,0,0.0,0.0,0.0,0.0,V
118.997,stepper_x,,20,,0,0.0,0.0,0.0,0.0,V
118.997,stepper_y,,20,,0,0.0,0.0,0.0,0.0,V
118.997,stepper_y1,,20,,0,0.0,0.0,0.0,0.0,V
119.017,stepper_x,,20,,0,0.0,0.0,0.0,0.0,V
119.017,stepper_y,,20,,0,0.0,0.0,0.0,0.0,V
119.017,stepper_y1,,20,,0,0.0,0.0,0.0,0.0,V
119.038,stepper_x,,20,,0,0.0,0.0,0.0,0.0,V
119.038,stepper_y,,20,,0,0.0,0.0,0.0,0.0,V
119.038,stepper_y1,,20,,0,0.0,0.0,0.0,0.0,V
119.058,stepper_x,,20,,0,0.0,0.0,0.0,0.0,V
119.058,stepper_y,,20,,0,0.0,0.0,0.0,0.0,V
119.058,stepper_y1,,20,,0,0.0,0.0,0.0,0.0,V
119.079,stepper_x,,20,,0,0.0,0.0,0.0,0.0,V
119.079,stepper_y,,20,,0,0.0,0.0,0.0,0.0,V
119.079,stepper_y1,,20,,0,0.0,0.0,0.0,0.0,V
119.099,stepper_x,,20,,0,0.0,0.0,0.0,0.0,V
119.099,stepper_y,,20,,0,0.0,0.0,0.0,0.0,V
119.099,stepper_y1,,20,,0,0.0,0.0,0.0,0.0,V
119.119,stepper_x,,20,,0,0.0,0.0,0.0,0.0,V
119.119,stepper_y,,20,,0,0.0,0.0,0.0,0.0,V
119.119,stepper_y1,,20,,0,0.0,0.0,0.0,0.0,V
119.139,stepper_x,,20,,0,0.0,0.0,0.0,0.0,V
119.139,stepper_y,,20,,0,0.0,0.0,0.0,0.0,V
119.139,stepper_y1,,20,,0,0.0,0.0,0.0,0.0,V
119.16,stepper_x,,20,,0,0.0,0.0,0.0,0.0,V
119.16,stepper_y,,20,,0,0.0,0.0,0.0,0.0,V
119.16,stepper_y1,,20,,0,0.0,0.0,0.0,0.0,V
119.18,stepper_x,,20,,0,0.0,0.0,0.0,0.0,V
119.18,stepper_y,,20,,0,0.0,0.0,0.0,0.0,V
119.18,stepper_y1,,20,,0,0.0,0.0,0.0,0.0,V
119.2,stepper_x,,20,,0,0.0,0.0,0.0,0.0,V
119.2,stepper_y,,20,,0,0.0,0.0,0.0,0.0,V
119.2,stepper_y1,,20,,0,0.0,0.0,0.0,0.0,V
119.22,stepper_x,,20,,0,0.0,0.0,0.0,0.0,V
119.22,stepper_y,,20,,0,0.0,0.0,0.0,0.0,V
119.22,stepper_y1,,20,,0,0.0,0.0,0.0,0.0,V
119.24,stepper_x,,20,,0,0.0,0.0,0.0,0.0,V
119.24,stepper_y,,20,,0,0.0,0.0,0.0,0.0,V
119.24,stepper_y1,,20,,0,0.0,0.0,0.0,0.0,V
119.261,stepper_x,,20,,0,0.0,0.0,0.0,0.0,V
119.261,stepper_y,,20,,0,0.0,0.0,0.0,0.0,V
119.261,stepper_y1,,20,,0,0.0,0.0,0.0,0.0,V
119.281,stepper_x,,20,,0,0.0,0.0,0.0,0.0,V
119.281,stepper_y,,20,,0,0.0,0.0,0.0,0.0,V
119.281,stepper_y1,,20,,0,0.0,0.0,0.0,0.0,V
119.301,stepper_x,,20,,0,0.0,0.0,0.0,0.0,V
119.301,stepper_y,,20,,0,0.0,0.0,0.0,0.0,V
119.301,stepper_y1,,20,,0,0.0,0.0,0.0,0.0,V
119.321,stepper_x,,20,,0,0.0,0.0,0.0,0.0,V
119.321,stepper_y,,20,,0,0.0,0.0,0.0,0.0,V
119.321,stepper_y1,,20,,0,0.0,0.0,0.0,0.0,V
119.341,stepper_x,,20,,0,0.0,0.0,0.0,0.0,V
119.341,stepper_y,,20,,0,0.0,0.0,0.0,0.0,V
119.341,stepper_y1,,20,,0,0.0,0.0,0.0,0.0,V
119.362,stepper_x,,20,,0,0.0,0.0,0.0,0.0,V
119.362,stepper_y,,20,,0,0.0,0.0,0.0,0.0,V
119.362,stepper_y1,,20,,0,0.0,0.0,0.0,0.0,V
119.383,stepper_x,,20,,0,0.0,0.0,0.0,0.0,V
119.383,stepper_y,,20,,0,0.0,0.0,0.0,0.0,V
119.383,stepper_y1,,20,,0,0.0,0.0,0.0,0.0,V
119.403,stepper_x,,20,,0,0.0,0.0,0.0,0.0,V
119.403,stepper_y,,20,,0,0.0,0.0,0.0,0.0,V
119.403,stepper_y1,,20,,0,0.0,0.0,0.0,0.0,V
119.423,stepper_x,,20,,0,0.0,0.0,0.0,0.0,V
119.423,stepper_y,,20,,0,0.0,0.0,0.0,0.0,V
119.423,stepper_y1,,20,,0,0.0,0.0,0.0,0.0,V
119.444,stepper_x,,20,,0,0.0,0.0,0.0,0.0,V
119.444,stepper_y,,20,,0,0.0,0.0,0.0,0.0,V
119.444,stepper_y1,,20,,0,0.0,0.0,0.0,0.0,V
119.464,stepper_x,,20,,0,0.0,0.0,0.0,0.0,V
119.464,stepper_y,,20,,0,0.0,0.0,0.0,0.0,V
119.464,stepper_y1,,20,,0,0.0,0.0,0.0,0.0,V
119.484,stepper_x,,20,,0,0.0,0.0,0.0,0.0,V
119.484,stepper_y,,20,,0,0.0,0.0,0.0,0.0,V
119.484,stepper_y1,,20,,0,0.0,0.0,0.0,0.0,V
119.504,stepper_x,,20,,0,0.0,0.0,0.0,0.0,V
119.504,stepper_y,,20,,0,0.0,0.0,0.0,0.0,V
119.504,stepper_y1,,20,,0,0.0,0.0,0.0,0.0,V
119.524,stepper_x,,20,,0,0.0,0.0,0.0,0.0,V
119.524,stepper_y,,20,,0,0.0,0.0,0.0,0.0,V
119.524,stepper_y1,,20,,0,0.0,0.0,0.0,0.0,V
119.544,stepper_x,,20,,0,0.0,0.0,0.0,0.0,V
119.544,stepper_y,,20,,0,0.0,0.0,0.0,0.0,V
119.544,stepper_y1,,20,,0,0.0,0.0,0.0,0.0,V
119.565,stepper_x,,20,,0,0.0,0.0,0.0,0.0,V
119.565,stepper_y,,20,,0,0.0,0.0,0.0,0.0,V
119.565,stepper_y1,,20,,0,0.0,0.0,0.0,0.0,V
119.585,stepper_x,,20,,0,0.0,0.0,0.0,0.0,V
119.585,stepper_y,,20,,0,0.0,0.0,0.0,0.0,V
119.585,stepper_y1,,20,,0,0.0,0.0,0.0,0.0,V
119.605,stepper_x,,20,,0,0.0,0.0,0.0,0.0,V
119.605,stepper_y,,20,,0,0.0,0.0,0.0,0.0,V
119.605,stepper_y1,,20,,0,0.0,0.0,0.0,0.0,V
119.625,stepper_x,,20,,0,0.0,0.0,0.0,0.0,V
119.625,stepper_y,,20,,0,0.0,0.0,0.0,0.0,V
119.625,stepper_y1,,20,,0,0.0,0.0,0.0,0.0,V
119.646,stepper_x,,20,,0,0.0,0.0,0.0,0.0,V
119.646,stepper_y,,20,,0,0.0,0.0,0.0,0.0,V
119.646,stepper_y1,,20,,0,0.0,0.0,0.0,0.0,V
119.666,stepper_x,,20,,0,0.0,0.0,0.0,0.0,V
119.666,stepper_y,,20,,0,0.0,0.0,0.0,0.0,V
119.666,stepper_y1,,20,,0,0.0,0.0,0.0,0.0,V
119.686,stepper_x,,20,,0,0.0,0.0,0.0,0.0,V
119.686,stepper_y,,20,,0,0.0,0.0,0.0,0.0,V
119.686,stepper_y1,,20,,0,0.0,0.0,0.0,0.0,V
119.706,stepper_x,,20,,0,0.0,0.0,0.0,0.0,V
119.706,stepper_y,,20,,0,0.0,0.0,0.0,0.0,V
119.706,stepper_y1,,20,,0,0.0,0.0,0.0,0.0,V
119.726,stepper_x,,20,,0,0.0,0.0,0.0,0.0,V
119.726,stepper_y,,20,,0,0.0,0.0,0.0,0.0,V
119.726,stepper_y1,,20,,0,0.0,0.0,0.0,0.0,V
119.747,stepper_x,,20,,0,0.0,0.0,0.0,0.0,V
119.747,stepper_y,,20,,0,0.0,0.0,0.0,0.0,V
119.747,stepper_y1,,20,,0,0.0,0.0,0.0,0.0,V
119.767,stepper_x,,20,,0,0.0,0.0,0.0,0.0,V
119.767,stepper_y,,20,,0,0.0,0.0,0.0,0.0,V
119.767,stepper_y1,,20,,0,0.0,0.0,0.0,0.0,V
119.787,stepper_x,,20,,0,0.0,0.0,0.0,0.0,V
119.787,stepper_y,,20,,0,0.0,0.0,0.0,0.0,V
119.787,stepper_y1,,20,,0,0.0,0.0,0.0,0.0,V
119.807,stepper_x,,20,,0,0.0,0.0,0.0,0.0,V
119.807,stepper_y,,20,,0,0.0,0.0,0.0,0.0,V
119.807,stepper_y1,,20,,0,0.0,0.0,0.0,0.0,V
119.828,stepper_x,,20,,0,0.0,0.0,0.0,0.0,V
119.828,stepper_y,,20,,0,0.0,0.0,0.0,0.0,V
119.828,stepper_y1,,20,,0,0.0,0.0,0.0,0.0,V
119.848,stepper_x,,20,,0,0.0,0.0,0.0,0.0,V
119.848,stepper_y,,20,,0,0.0,0.0,0.0,0.0,V
119.848,stepper_y1,,20,,0,0.0,0.0,0.0,0.0,V
119.869,stepper_x,,20,,0,0.0,0.0,0.0,0.0,V
119.869,stepper_y,,20,,0,0.0,0.0,0.0,0.0,V
119.869,stepper_y1,,20,,0,0.0,0.0,0.0,0.0,V
119.889,stepper_x,,20,,0,0.0,0.0,0.0,0.0,V
119.889,stepper_y,,20,,0,0.0,0.0,0.0,0.0,V
119.889,stepper_y1,,20,,0,0.0,0.0,0.0,0.0,V
119.909,stepper_x,,20,,0,0.0,0.0,0.0,0.0,V
119.909,stepper_y,,20,,0,0.0,0.0,0.0,0.0,V
119.909,stepper_y1,,20,,0,0.0,0.0,0.0,0.0,V
119.93,stepper_x,,20,,0,0.0,0.0,0.0,0.0,V
119.93,stepper_y,,20,,0,0.0,0.0,0.0,0.0,V
119.93,stepper_y1,,20,,0,0.0,0.0,0.0,0.0,V
119.95,stepper_x,,20,,0,0.0,0.0,0.0,0.0,V
119.95,stepper_y,,20,,0,0.0,0.0,0.0,0.0,V
119.95,stepper_y1,,20,,0,0.0,0.0,0.0,0.0,V
119.97,stepper_x,,20,,0,0.0,0.0,0.0,0.0,V
119.97,stepper_y,,20,,0,0.0,0.0,0.0,0.0,V
119.97,stepper_y1,,20,,0,0.0,0.0,0.0,0.0,V
119.99,stepper_x,,20,,0,0.0,0.0,0.0,0.0,V
119.99,stepper_y,,20,,0,0.0,0.0,0.0,0.0,V
119.99,stepper_y1,,20,,0,0.0,0.0,0.0,0.0,V
120.01,stepper_x,,20,,0,0.0,0.0,0.0,0.0,V
120.01,stepper_y,,20,,0,0.0,0.0,0.0,0.0,V
120.01,stepper_y1,,20,,0,0.0,0.0,0.0,0.0,V
120.03,stepper_x,,20,,0,0.0,0.0,0.0,0.0,V
120.03,stepper_y,,20,,0,0.0,0.0,0.0,0.0,V
120.03,stepper_y1,,20,,0,0.0,0.0,0.0,0.0,V
120.051,stepper_x,,20,,0,0.0,0.0,0.0,0.0,V
120.051,stepper_y,,20,,0,0.0,0.0,0.0,0.0,V
120.051,stepper_y1,,20,,0,0.0,0.0,0.0,0.0,V
120.071,stepper_x,,20,,0,0.0,0.0,0.0,0.0,V
120.071,stepper_y,,20,,0,0.0,0.0,0.0,0.0,V
120.071,stepper_y1,,20,,0,0.0,0.0,0.0,0.0,V
120.091,stepper_x,,20,,0,0.0,0.0,0.0,0.0,V
120.091,stepper_y,,20,,0,0.0,0.0,0.0,0.0,V
120.091,stepper_y1,,20,,0,0.0,0.0,0.0,0.0,V
120.111,stepper_x,,20,,0,0.0,0.0,0.0,0.0,V
120.111,stepper_y,,20,,0,0.0,0.0,0.0,0.0,V
120.111,stepper_y1,,20,,0,0.0,0.0,0.0,0.0,V
120.132,stepper_x,,20,,0,0.0,0.0,0.0,0.0,V
120.132,stepper_y,,20,,0,0.0,0.0,0.0,0.0,V
120.132,stepper_y1,,20,,0,0.0,0.0,0.0,0.0,V
120.152,stepper_x,,20,,0,0.0,0.0,0.0,0.0,V
120.152,stepper_y,,20,,0,0.0,0.0,0.0,0.0,V
120.152,stepper_y1,,20,,0,0.0,0.0,0.0,0.0,V
120.172,stepper_x,,20,,0,0.0,0.0,0.0,0.0,V
120.172,stepper_y,,20,,0,0.0,0.0,0.0,0.0,V
120.172,stepper_y1,,20,,0,0.0,0.0,0.0,0.0,V
120.192,stepper_x,,20,,0,0.0,0.0,0.0,0.0,V
120.192,stepper_y,,20,,0,0.0,0.0,0.0,0.0,V
120.192,stepper_y1,,20,,0,0.0,0.0,0.0,0.0,V
120.212,stepper_x,,20,,0,0.0,0.0,0.0,0.0,V
120.212,stepper_y,,20,,0,0.0,0.0,0.0,0.0,V
120.212,stepper_y1,,20,,0,0.0,0.0,0.0,0.0,V
120.233,stepper_x,,20,,0,0.0,0.0,0.0,0.0,V
120.233,stepper_y,,20,,0,0.0,0.0,0.0,0.0,V
120.233,stepper_y1,,20,,0,0.0,0.0,0.0,0.0,V
120.253,stepper_x,,20,,0,0.0,0.0,0.0,0.0,V
120.253,stepper_y,,20,,0,0.0,0.0,0.0,0.0,V
120.253,stepper_y1,,20,,0,0.0,0.0,0.0,0.0,V
120.273,stepper_x,,20,,0,0.0,0.0,0.0,0.0,V
120.273,stepper_y,,20,,0,0.0,0.0,0.0,0.0,V
120.273,stepper_y1,,20,,0,0.0,0.0,0.0,0.0,V
120.293,stepper_x,,20,,0,0.0,0.0,0.0,0.0,V
120.293,stepper_y,,20,,0,0.0,0.0,0.0,0.0,V
120.293,stepper_y1,,20,,0,0.0,0.0,0.0,0.0,V
120.313,stepper_x,,20,,0,0.0,0.0,0.0,0.0,V
120.313,stepper_y,,20,,0,0.0,0.0,0.0,0.0,V
120.313,stepper_y1,,20,,0,0.0,0.0,0.0,0.0,V
120.334,stepper_x,,20,,0,0.0,0.0,0.0,0.0,V
120.334,stepper_y,,20,,0,0.0,0.0,0.0,0.0,V
120.334,stepper_y1,,20,,0,0.0,0.0,0.0,0.0,V
120.355,stepper_x,,20,,0,0.0,0.0,0.0,0.0,V
120.355,stepper_y,,20,,0,0.0,0.0,0.0,0.0,V
120.355,stepper_y1,,20,,0,0.0,0.0,0.0,0.0,V
120.375,stepper_x,,20,,0,0.0,0.0,0.0,0.0,V
120.375,stepper_y,,20,,0,0.0,0.0,0.0,0.0,V
120.375,stepper_y1,,20,,0,0.0,0.0,0.0,0.0,V
120.395,stepper_x,,20,,0,0.0,0.0,0.0,0.0,V
120.395,stepper_y,,20,,0,0.0,0.0,0.0,0.0,V
120.395,stepper_y1,,20,,0,0.0,0.0,0.0,0.0,V
120.415,stepper_x,,20,,0,0.0,0.0,0.0,0.0,V
120.415,stepper_y,,20,,0,0.0,0.0,0.0,0.0,V
120.415,stepper_y1,,20,,0,0.0,0.0,0.0,0.0,V
120.436,stepper_x,,20,,0,0.0,0.0,0.0,0.0,V
120.436,stepper_y,,20,,0,0.0,0.0,0.0,0.0,V
120.436,stepper_y1,,20,,0,0.0,0.0,0.0,0.0,V
120.456,stepper_x,,20,,0,0.0,0.0,0.0,0.0,V
120.456,stepper_y,,20,,0,0.0,0.0,0.0,0.0,V
120.456,stepper_y1,,20,,0,0.0,0.0,0.0,0.0,V
120.476,stepper_x,,20,,0,0.0,0.0,0.0,0.0,V
120.476,stepper_y,,20,,0,0.0,0.0,0.0,0.0,V
120.476,stepper_y1,,20,,0,0.0,0.0,0.0,0.0,V
120.496,stepper_x,,20,,0,0.0,0.0,0.0,0.0,V
120.496,stepper_y,,20,,0,0.0,0.0,0.0,0.0,V
120.496,stepper_y1,,20,,0,0.0,0.0,0.0,0.0,V
120.516,stepper_x,,20,,0,0.0,0.0,0.0,0.0,V
120.516,stepper_y,,20,,0,0.0,0.0,0.0,0.0,V
120.516,stepper_y1,,20,,0,0.0,0.0,0.0,0.0,V
120.537,stepper_x,,20,,0,0.0,0.0,0.0,0.0,V
120.537,stepper_y,,20,,0,0.0,0.0,0.0,0.0,V
120.537,stepper_y1,,20,,0,0.0,0.0,0.0,0.0,V
120.557,stepper_x,,20,,0,0.0,0.0,0.0,0.0,V
120.557,stepper_y,,20,,0,0.0,0.0,0.0,0.0,V
120.557,stepper_y1,,20,,0,0.0,0.0,0.0,0.0,V
120.577,stepper_x,,20,,0,0.0,0.0,0.0,0.0,V
120.577,stepper_y,,20,,0,0.0,0.0,0.0,0.0,V
120.577,stepper_y1,,20,,0,0.0,0.0,0.0,0.0,V
120.597,stepper_x,,20,,0,0.0,0.0,0.0,0.0,V
120.597,stepper_y,,20,,0,0.0,0.0,0.0,0.0,V
120.597,stepper_y1,,20,,0,0.0,0.0,0.0,0.0,V
120.617,stepper_x,,20,,0,0.0,0.0,0.0,0.0,V
120.617,stepper_y,,20,,0,0.0,0.0,0.0,0.0,V
120.617,stepper_y1,,20,,0,0.0,0.0,0.0,0.0,V
120.638,stepper_x,,20,,0,0.0,0.0,0.0,0.0,V
120.638,stepper_y,,20,,0,0.0,0.0,0.0,0.0,V
120.638,stepper_y1,,20,,0,0.0,0.0,0.0,0.0,V
120.658,stepper_x,,20,,0,0.0,0.0,0.0,0.0,V
120.658,stepper_y,,20,,0,0.0,0.0,0.0,0.0,V
120.658,stepper_y1,,20,,0,0.0,0.0,0.0,0.0,V
120.678,stepper_x,,20,,0,0.0,0.0,0.0,0.0,V
120.678,stepper_y,,20,,0,0.0,0.0,0.0,0.0,V
120.678,stepper_y1,,20,,0,0.0,0.0,0.0,0.0,V
120.698,stepper_x,,20,,0,0.0,0.0,0.0,0.0,V
120.698,stepper_y,,20,,0,0.0,0.0,0.0,0.0,V
120.698,stepper_y1,,20,,0,0.0,0.0,0.0,0.0,V
120.718,stepper_x,,20,,0,0.0,0.0,0.0,0.0,V
120.718,stepper_y,,20,,0,0.0,0.0,0.0,0.0,V
120.718,stepper_y1,,20,,0,0.0,0.0,0.0,0.0,V
120.739,stepper_x,,20,,0,0.0,0.0,0.0,0.0,V
120.739,stepper_y,,20,,0,0.0,0.0,0.0,0.0,V
120.739,stepper_y1,,20,,0,0.0,0.0,0.0,0.0,V
120.759,stepper_x,,20,,0,0.0,0.0,0.0,0.0,V
120.759,stepper_y,,20,,0,0.0,0.0,0.0,0.0,V
120.759,stepper_y1,,20,,0,0.0,0.0,0.0,0.0,V
120.779,stepper_x,,20,,0,0.0,0.0,0.0,0.0,V
120.779,stepper_y,,20,,0,0.0,0.0,0.0,0.0,V
120.779,stepper_y1,,20,,0,0.0,0.0,0.0,0.0,V
120.799,stepper_x,,20,,0,0.0,0.0,0.0,0.0,V
120.799,stepper_y,,20,,0,0.0,0.0,0.0,0.0,V
120.799,stepper_y1,,20,,0,0.0,0.0,0.0,0.0,V
120.819,stepper_x,,20,,0,0.0,0.0,0.0,0.0,V
120.819,stepper_y,,20,,0,0.0,0.0,0.0,0.0,V
120.819,stepper_y1,,20,,0,0.0,0.0,0.0,0.0,V
120.84,stepper_x,,20,,0,0.0,0.0,0.0,0.0,V
120.84,stepper_y,,20,,0,0.0,0.0,0.0,0.0,V
120.84,stepper_y1,,20,,0,0.0,0.0,0.0,0.0,V
120.861,stepper_x,,20,,0,0.0,0.0,0.0,0.0,V
120.861,stepper_y,,20,,0,0.0,0.0,0.0,0.0,V
120.861,stepper_y1,,20,,0,0.0,0.0,0.0,0.0,V
120.881,stepper_x,,20,,0,0.0,0.0,0.0,0.0,V
120.881,stepper_y,,20,,0,0.0,0.0,0.0,0.0,V
120.881,stepper_y1,,20,,0,0.0,0.0,0.0,0.0,V
120.901,stepper_x,,20,,0,0.0,0.0,0.0,0.0,V
120.901,stepper_y,,20,,0,0.0,0.0,0.0,0.0,V
120.901,stepper_y1,,20,,0,0.0,0.0,0.0,0.0,V
120.921,stepper_x,,20,,0,0.0,0.0,0.0,0.0,V
120.921,stepper_y,,20,,0,0.0,0.0,0.0,0.0,V
120.921,stepper_y1,,20,,0,0.0,0.0,0.0,0.0,V
120.942,stepper_x,,20,,0,0.0,0.0,0.0,0.0,V
120.942,stepper_y,,20,,0,0.0,0.0,0.0,0.0,V
120.942,stepper_y1,,20,,0,0.0,0.0,0.0,0.0,V
120.962,stepper_x,,20,,0,0.0,0.0,0.0,0.0,V
120.962,stepper_y,,20,,0,0.0,0.0,0.0,0.0,V
120.962,stepper_y1,,20,,0,0.0,0.0,0.0,0.0,V
120.982,stepper_x,,20,,0,0.0,0.0,0.0,0.0,V
120.982,stepper_y,,20,,0,0.0,0.0,0.0,0.0,V
120.982,stepper_y1,,20,,0,0.0,0.0,0.0,0.0,V
121.002,stepper_x,,20,,0,0.0,0.0,0.0,0.0,V
121.002,stepper_y,,20,,0,0.0,0.0,0.0,0.0,V
121.002,stepper_y1,,20,,0,0.0,0.0,0.0,0.0,V
121.022,stepper_x,,20,,0,0.0,0.0,0.0,0.0,V
121.022,stepper_y,,20,,0,0.0,0.0,0.0,0.0,V
121.022,stepper_y1,,20,,0,0.0,0.0,0.0,0.0,V
121.043,stepper_x,,20,,0,0.0,0.0,0.0,0.0,V
121.043,stepper_y,,20,,0,0.0,0.0,0.0,0.0,V
121.043,stepper_y1,,20,,0,0.0,0.0,0.0,0.0,V
121.063,stepper_x,,20,,0,0.0,0.0,0.0,0.0,V
121.063,stepper_y,,20,,0,0.0,0.0,0.0,0.0,V
121.063,stepper_y1,,20,,0,0.0,0.0,0.0,0.0,V
121.083,stepper_x,,20,,0,0.0,0.0,0.0,0.0,V
121.083,stepper_y,,20,,0,0.0,0.0,0.0,0.0,V
121.083,stepper_y1,,20,,0,0.0,0.0,0.0,0.0,V
121.103,stepper_x,,20,,0,0.0,0.0,0.0,0.0,V
121.103,stepper_y,,20,,0,0.0,0.0,0.0,0.0,V
121.103,stepper_y1,,20,,0,0.0,0.0,0.0,0.0,V
121.124,stepper_x,,20,,0,0.0,0.0,0.0,0.0,V
121.124,stepper_y,,20,,0,0.0,0.0,0.0,0.0,V
121.124,stepper_y1,,20,,0,0.0,0.0,0.0,0.0,V
121.144,stepper_x,,20,,0,0.0,0.0,0.0,0.0,V
121.144,stepper_y,,20,,0,0.0,0.0,0.0,0.0,V
121.144,stepper_y1,,20,,0,0.0,0.0,0.0,0.0,V
121.164,stepper_x,,20,,0,0.0,0.0,0.0,0.0,V
121.164,stepper_y,,20,,0,0.0,0.0,0.0,0.0,V
121.164,stepper_y1,,20,,0,0.0,0.0,0.0,0.0,V
121.184,stepper_x,,20,,0,0.0,0.0,0.0,0.0,V
121.184,stepper_y,,20,,0,0.0,0.0,0.0,0.0,V
121.184,stepper_y1,,20,,0,0.0,0.0,0.0,0.0,V
121.204,stepper_x,,20,,0,0.0,0.0,0.0,0.0,V
121.204,stepper_y,,20,,0,0.0,0.0,0.0,0.0,V
121.204,stepper_y1,,20,,0,0.0,0.0,0.0,0.0,V
121.225,stepper_x,,20,,0,0.0,0.0,0.0,0.0,V
121.225,stepper_y,,20,,0,0.0,0.0,0.0,0.0,V
121.225,stepper_y1,,20,,0,0.0,0.0,0.0,0.0,V
121.245,stepper_x,,20,,0,0.0,0.0,0.0,0.0,V
121.245,stepper_y,,20,,0,0.0,0.0,0.0,0.0,V
121.245,stepper_y1,,20,,0,0.0,0.0,0.0,0.0,V
121.265,stepper_x,,20,,0,0.0,0.0,0.0,0.0,V
121.265,stepper_y,,20,,0,0.0,0.0,0.0,0.0,V
121.265,stepper_y1,,20,,0,0.0,0.0,0.0,0.0,V
121.285,stepper_x,,20,,0,0.0,0.0,0.0,0.0,V
121.285,stepper_y,,20,,0,0.0,0.0,0.0,0.0,V
121.285,stepper_y1,,20,,0,0.0,0.0,0.0,0.0,V
121.305,stepper_x,,20,,0,0.0,0.0,0.0,0.0,V
121.305,stepper_y,,20,,0,0.0,0.0,0.0,0.0,V
121.305,stepper_y1,,20,,0,0.0,0.0,0.0,0.0,V
121.326,stepper_x,,20,,0,0.0,0.0,0.0,0.0,V
121.326,stepper_y,,20,,0,0.0,0.0,0.0,0.0,V
121.326,stepper_y1,,20,,0,0.0,0.0,0.0,0.0,V
121.346,stepper_x,,20,,0,0.0,0.0,0.0,0.0,V
121.346,stepper_y,,20,,0,0.0,0.0,0.0,0.0,V
121.346,stepper_y1,,20,,0,0.0,0.0,0.0,0.0,V
121.367,stepper_x,,20,,0,0.0,0.0,0.0,0.0,V
121.367,stepper_y,,20,,0,0.0,0.0,0.0,0.0,V
121.367,stepper_y1,,20,,0,0.0,0.0,0.0,0.0,V
121.387,stepper_x,,20,,0,0.0,0.0,0.0,0.0,V
121.387,stepper_y,,20,,0,0.0,0.0,0.0,0.0,V
121.387,stepper_y1,,20,,0,0.0,0.0,0.0,0.0,V
121.407,stepper_x,,20,,0,0.0,0.0,0.0,0.0,V
121.407,stepper_y,,20,,0,0.0,0.0,0.0,0.0,V
121.407,stepper_y1,,20,,0,0.0,0.0,0.0,0.0,V
121.428,stepper_x,,20,,0,0.0,0.0,0.0,0.0,V
121.428,stepper_y,,20,,0,0.0,0.0,0.0,0.0,V
121.428,stepper_y1,,20,,0,0.0,0.0,0.0,0.0,V
121.448,stepper_x,,20,,0,0.0,0.0,0.0,0.0,V
121.448,stepper_y,,20,,0,0.0,0.0,0.0,0.0,V
121.448,stepper_y1,,20,,0,0.0,0.0,0.0,0.0,V
121.468,stepper_x,,20,,0,0.0,0.0,0.0,0.0,V
121.468,stepper_y,,20,,0,0.0,0.0,0.0,0.0,V
121.468,stepper_y1,,20,,0,0.0,0.0,0.0,0.0,V
121.488,stepper_x,,20,,0,0.0,0.0,0.0,0.0,V
121.488,stepper_y,,20,,0,0.0,0.0,0.0,0.0,V
121.488,stepper_y1,,20,,0,0.0,0.0,0.0,0.0,V
121.508,stepper_x,,20,,0,0.0,0.0,0.0,0.0,V
121.508,stepper_y,,20,,0,0.0,0.0,0.0,0.0,V
121.508,stepper_y1,,20,,0,0.0,0.0,0.0,0.0,V
121.529,stepper_x,,20,,0,0.0,0.0,0.0,0.0,V
121.529,stepper_y,,20,,0,0.0,0.0,0.0,0.0,V
121.529,stepper_y1,,20,,0,0.0,0.0,0.0,0.0,V
121.549,stepper_x,,20,,0,0.0,0.0,0.0,0.0,V
121.549,stepper_y,,20,,0,0.0,0.0,0.0,0.0,V
121.549,stepper_y1,,20,,0,0.0,0.0,0.0,0.0,V
121.569,stepper_x,,20,,0,0.0,0.0,0.0,0.0,V
121.569,stepper_y,,20,,0,0.0,0.0,0.0,0.0,V
121.569,stepper_y1,,20,,0,0.0,0.0,0.0,0.0,V
121.589,stepper_x,,20,,0,0.0,0.0,0.0,0.0,V
121.589,stepper_y,,20,,0,0.0,0.0,0.0,0.0,V
121.589,stepper_y1,,20,,0,0.0,0.0,0.0,0.0,V
121.609,stepper_x,,20,,0,0.0,0.0,0.0,0.0,V
121.609,stepper_y,,20,,0,0.0,0.0,0.0,0.0,V
121.609,stepper_y1,,20,,0,0.0,0.0,0.0,0.0,V
121.63,stepper_x,,20,,0,0.0,0.0,0.0,0.0,V
121.63,stepper_y,,20,,0,0.0,0.0,0.0,0.0,V
121.63,stepper_y1,,20,,0,0.0,0.0,0.0,0.0,V
121.65,stepper_x,,20,,0,0.0,0.0,0.0,0.0,V
121.65,stepper_y,,20,,0,0.0,0.0,0.0,0.0,V
121.65,stepper_y1,,20,,0,0.0,0.0,0.0,0.0,V
121.67,stepper_x,,20,,0,0.0,0.0,0.0,0.0,V
121.67,stepper_y,,20,,0,0.0,0.0,0.0,0.0,V
121.67,stepper_y1,,20,,0,0.0,0.0,0.0,0.0,V
121.69,stepper_x,,20,,0,0.0,0.0,0.0,0.0,V
121.69,stepper_y,,20,,0,0.0,0.0,0.0,0.0,V
121.69,stepper_y1,,20,,0,0.0,0.0,0.0,0.0,V
121.711,stepper_x,,20,,0,0.0,0.0,0.0,0.0,V
121.711,stepper_y,,20,,0,0.0,0.0,0.0,0.0,V
121.711,stepper_y1,,20,,0,0.0,0.0,0.0,0.0,V
121.731,stepper_x,,20,,0,0.0,0.0,0.0,0.0,V
121.731,stepper_y,,20,,0,0.0,0.0,0.0,0.0,V
121.731,stepper_y1,,20,,0,0.0,0.0,0.0,0.0,V
121.751,stepper_x,,20,,0,0.0,0.0,0.0,0.0,V
121.751,stepper_y,,20,,0,0.0,0.0,0.0,0.0,V
121.751,stepper_y1,,20,,0,0.0,0.0,0.0,0.0,V
121.771,stepper_x,,20,,0,0.0,0.0,0.0,0.0,V
121.771,stepper_y,,20,,0,0.0,0.0,0.0,0.0,V
121.771,stepper_y1,,20,,0,0.0,0.0,0.0,0.0,V
121.791,stepper_x,,20,,0,0.0,0.0,0.0,0.0,V
121.791,stepper_y,,20,,0,0.0,0.0,0.0,0.0,V
121.791,stepper_y1,,20,,0,0.0,0.0,0.0,0.0,V
121.812,stepper_x,,20,,0,0.0,0.0,0.0,0.0,V
121.812,stepper_y,,20,,0,0.0,0.0,0.0,0.0,V
121.812,stepper_y1,,20,,0,0.0,0.0,0.0,0.0,V
121.832,stepper_x,,20,,0,0.0,0.0,0.0,0.0,V
121.832,stepper_y,,20,,0,0.0,0.0,0.0,0.0,V
121.832,stepper_y1,,20,,0,0.0,0.0,0.0,0.0,V
121.852,stepper_x,,20,,0,0.0,0.0,0.0,0.0,V
121.852,stepper_y,,20,,0,0.0,0.0,0.0,0.0,V
121.852,stepper_y1,,20,,0,0.0,0.0,0.0,0.0,V
121.873,stepper_x,,20,,0,0.0,0.0,0.0,0.0,V
121.873,stepper_y,,20,,0,0.0,0.0,0.0,0.0,V
121.873,stepper_y1,,20,,0,0.0,0.0,0.0,0.0,V
121.893,stepper_x,,20,,0,0.0,0.0,0.0,0.0,V
121.893,stepper_y,,20,,0,0.0,0.0,0.0,0.0,V
121.893,stepper_y1,,20,,0,0.0,0.0,0.0,0.0,V
121.913,stepper_x,,20,,0,0.0,0.0,0.0,0.0,V
121.913,stepper_y,,20,,0,0.0,0.0,0.0,0.0,V
121.913,stepper_y1,,20,,0,0.0,0.0,0.0,0.0,V
121.934,stepper_x,,20,,0,0.0,0.0,0.0,0.0,V
121.934,stepper_y,,20,,0,0.0,0.0,0.0,0.0,V
121.934,stepper_y1,,20,,0,0.0,0.0,0.0,0.0,V
121.954,stepper_x,,20,,0,0.0,0.0,0.0,0.0,V
121.954,stepper_y,,20,,0,0.0,0.0,0.0,0.0,V
121.954,stepper_y1,,20,,0,0.0,0.0,0.0,0.0,V
121.974,stepper_x,,20,,0,0.0,0.0,0.0,0.0,V
121.974,stepper_y,,20,,0,0.0,0.0,0.0,0.0,V
121.974,stepper_y1,,20,,0,0.0,0.0,0.0,0.0,V
121.995,stepper_x,,20,,0,0.0,0.0,0.0,0.0,V
121.995,stepper_y,,20,,0,0.0,0.0,0.0,0.0,V
121.995,stepper_y1,,20,,0,0.0,0.0,0.0,0.0,V
122.015,stepper_x,,20,,0,0.0,0.0,0.0,0.0,V
122.015,stepper_y,,20,,0,0.0,0.0,0.0,0.0,V
122.015,stepper_y1,,20,,0,0.0,0.0,0.0,0.0,V
122.036,stepper_x,,20,,0,0.0,0.0,0.0,0.0,V
122.036,stepper_y,,20,,0,0.0,0.0,0.0,0.0,V
122.036,stepper_y1,,20,,0,0.0,0.0,0.0,0.0,V
122.056,stepper_x,,20,,0,0.0,0.0,0.0,0.0,V
122.056,stepper_y,,20,,0,0.0,0.0,0.0,0.0,V
122.056,stepper_y1,,20,,0,0.0,0.0,0.0,0.0,V
122.076,stepper_x,,20,,0,0.0,0.0,0.0,0.0,V
122.076,stepper_y,,20,,0,0.0,0.0,0.0,0.0,V
122.076,stepper_y1,,20,,0,0.0,0.0,0.0,0.0,V
122.096,stepper_x,,20,,0,0.0,0.0,0.0,0.0,V
122.096,stepper_y,,20,,0,0.0,0.0,0.0,0.0,V
122.096,stepper_y1,,20,,0,0.0,0.0,0.0,0.0,V
122.117,stepper_x,,20,,0,0.0,0.0,0.0,0.0,V
122.117,stepper_y,,20,,0,0.0,0.0,0.0,0.0,V
122.117,stepper_y1,,20,,0,0.0,0.0,0.0,0.0,V
122.137,stepper_x,,20,,0,0.0,0.0,0.0,0.0,V
122.137,stepper_y,,20,,0,0.0,0.0,0.0,0.0,V
122.137,stepper_y1,,20,,0,0.0,0.0,0.0,0.0,V
122.157,stepper_x,,20,,0,0.0,0.0,0.0,0.0,V
122.157,stepper_y,,20,,0,0.0,0.0,0.0,0.0,V
122.157,stepper_y1,,20,,0,0.0,0.0,0.0,0.0,V
122.177,stepper_x,,20,,0,0.0,0.0,0.0,0.0,V
122.177,stepper_y,,20,,0,0.0,0.0,0.0,0.0,V
122.177,stepper_y1,,20,,0,0.0,0.0,0.0,0.0,V
122.198,stepper_x,,20,,0,0.0,0.0,0.0,0.0,V
122.198,stepper_y,,20,,0,0.0,0.0,0.0,0.0,V
122.198,stepper_y1,,20,,0,0.0,0.0,0.0,0.0,V
122.218,stepper_x,,20,,0,0.0,0.0,0.0,0.0,V
122.218,stepper_y,,20,,0,0.0,0.0,0.0,0.0,V
122.218,stepper_y1,,20,,0,0.0,0.0,0.0,0.0,V
122.238,stepper_x,,20,,0,0.0,0.0,0.0,0.0,V
122.238,stepper_y,,20,,0,0.0,0.0,0.0,0.0,V
122.238,stepper_y1,,20,,0,0.0,0.0,0.0,0.0,V
122.258,stepper_x,,20,,0,0.0,0.0,0.0,0.0,V
122.258,stepper_y,,20,,0,0.0,0.0,0.0,0.0,V
122.258,stepper_y1,,20,,0,0.0,0.0,0.0,0.0,V
122.278,stepper_x,,20,,0,0.0,0.0,0.0,0.0,V
122.278,stepper_y,,20,,0,0.0,0.0,0.0,0.0,V
122.278,stepper_y1,,20,,0,0.0,0.0,0.0,0.0,V
122.299,stepper_x,,20,,0,0.0,0.0,0.0,0.0,V
122.299,stepper_y,,20,,0,0.0,0.0,0.0,0.0,V
122.299,stepper_y1,,20,,0,0.0,0.0,0.0,0.0,V
122.319,stepper_x,,20,,0,0.0,0.0,0.0,0.0,V
122.319,stepper_y,,20,,0,0.0,0.0,0.0,0.0,V
122.319,stepper_y1,,20,,0,0.0,0.0,0.0,0.0,V
122.339,stepper_x,,20,,0,0.0,0.0,0.0,0.0,V
122.339,stepper_y,,20,,0,0.0,0.0,0.0,0.0,V
122.339,stepper_y1,,20,,0,0.0,0.0,0.0,0.0,V
122.359,stepper_x,,20,,0,0.0,0.0,0.0,0.0,V
122.359,stepper_y,,20,,0,0.0,0.0,0.0,0.0,V
122.359,stepper_y1,,20,,0,0.0,0.0,0.0,0.0,V
122.379,stepper_x,,20,,0,0.0,0.0,0.0,0.0,V
122.379,stepper_y,,20,,0,0.0,0.0,0.0,0.0,V
122.379,stepper_y1,,20,,0,0.0,0.0,0.0,0.0,V
122.399,stepper_x,,20,,0,0.0,0.0,0.0,0.0,V
122.399,stepper_y,,20,,0,0.0,0.0,0.0,0.0,V
122.399,stepper_y1,,20,,0,0.0,0.0,0.0,0.0,V
122.42,stepper_x,,20,,0,0.0,0.0,0.0,0.0,V
122.42,stepper_y,,20,,0,0.0,0.0,0.0,0.0,V
122.42,stepper_y1,,20,,0,0.0,0.0,0.0,0.0,V
122.44,stepper_x,,20,,0,0.0,0.0,0.0,0.0,V
122.44,stepper_y,,20,,0,0.0,0.0,0.0,0.0,V
122.44,stepper_y1,,20,,0,0.0,0.0,0.0,0.0,V
122.46,stepper_x,,20,,0,0.0,0.0,0.0,0.0,V
122.46,stepper_y,,20,,0,0.0,0.0,0.0,0.0,V
122.46,stepper_y1,,20,,0,0.0,0.0,0.0,0.0,V
122.48,stepper_x,,20,,0,0.0,0.0,0.0,0.0,V
122.48,stepper_y,,20,,0,0.0,0.0,0.0,0.0,V
122.48,stepper_y1,,20,,0,0.0,0.0,0.0,0.0,V
122.501,stepper_x,,20,,0,0.0,0.0,0.0,0.0,V
122.501,stepper_y,,20,,0,0.0,0.0,0.0,0.0,V
122.501,stepper_y1,,20,,0,0.0,0.0,0.0,0.0,V
122.521,stepper_x,,20,,0,0.0,0.0,0.0,0.0,V
122.521,stepper_y,,20,,0,0.0,0.0,0.0,0.0,V
122.521,stepper_y1,,20,,0,0.0,0.0,0.0,0.0,V
122.541,stepper_x,,20,,0,0.0,0.0,0.0,0.0,V
122.541,stepper_y,,20,,0,0.0,0.0,0.0,0.0,V
122.541,stepper_y1,,20,,0,0.0,0.0,0.0,0.0,V
122.561,stepper_x,,20,,0,0.0,0.0,0.0,0.0,V
122.561,stepper_y,,20,,0,0.0,0.0,0.0,0.0,V
122.561,stepper_y1,,20,,0,0.0,0.0,0.0,0.0,V
122.581,stepper_x,,20,,0,0.0,0.0,0.0,0.0,V
122.581,stepper_y,,20,,0,0.0,0.0,0.0,0.0,V
122.581,stepper_y1,,20,,0,0.0,0.0,0.0,0.0,V
122.602,stepper_x,,20,,0,0.0,0.0,0.0,0.0,V
122.602,stepper_y,,20,,0,0.0,0.0,0.0,0.0,V
122.602,stepper_y1,,20,,0,0.0,0.0,0.0,0.0,V
122.623,stepper_x,,20,,0,0.0,0.0,0.0,0.0,V
122.623,stepper_y,,20,,0,0.0,0.0,0.0,0.0,V
122.623,stepper_y1,,20,,0,0.0,0.0,0.0,0.0,V
122.643,stepper_x,,20,,0,0.0,0.0,0.0,0.0,V
122.643,stepper_y,,20,,0,0.0,0.0,0.0,0.0,V
122.643,stepper_y1,,20,,0,0.0,0.0,0.0,0.0,V
122.663,stepper_x,,20,,0,0.0,0.0,0.0,0.0,V
122.663,stepper_y,,20,,0,0.0,0.0,0.0,0.0,V
122.663,stepper_y1,,20,,0,0.0,0.0,0.0,0.0,V
122.684,stepper_x,,20,,0,0.0,0.0,0.0,0.0,V
122.684,stepper_y,,20,,0,0.0,0.0,0.0,0.0,V
122.684,stepper_y1,,20,,0,0.0,0.0,0.0,0.0,V
122.704,stepper_x,,20,,0,0.0,0.0,0.0,0.0,V
122.704,stepper_y,,20,,0,0.0,0.0,0.0,0.0,V
122.704,stepper_y1,,20,,0,0.0,0.0,0.0,0.0,V
122.724,stepper_x,,20,,0,0.0,0.0,0.0,0.0,V
122.724,stepper_y,,20,,0,0.0,0.0,0.0,0.0,V
122.724,stepper_y1,,20,,0,0.0,0.0,0.0,0.0,V
122.744,stepper_x,,20,,0,0.0,0.0,0.0,0.0,V
122.744,stepper_y,,20,,0,0.0,0.0,0.0,0.0,V
122.744,stepper_y1,,20,,0,0.0,0.0,0.0,0.0,V
122.764,stepper_x,,20,,0,0.0,0.0,0.0,0.0,V
122.764,stepper_y,,20,,0,0.0,0.0,0.0,0.0,V
122.764,stepper_y1,,20,,0,0.0,0.0,0.0,0.0,V
122.785,stepper_x,,20,,0,0.0,0.0,0.0,0.0,V
122.785,stepper_y,,20,,0,0.0,0.0,0.0,0.0,V
122.785,stepper_y1,,20,,0,0.0,0.0,0.0,0.0,V
122.805,stepper_x,,20,,0,0.0,0.0,0.0,0.0,V
122.805,stepper_y,,20,,0,0.0,0.0,0.0,0.0,V
122.805,stepper_y1,,20,,0,0.0,0.0,0.0,0.0,V
122.825,stepper_x,,20,,0,0.0,0.0,0.0,0.0,V
122.825,stepper_y,,20,,0,0.0,0.0,0.0,0.0,V
122.825,stepper_y1,,20,,0,0.0,0.0,0.0,0.0,V
122.845,stepper_x,,20,,0,0.0,0.0,0.0,0.0,V
122.845,stepper_y,,20,,0,0.0,0.0,0.0,0.0,V
122.845,stepper_y1,,20,,0,0.0,0.0,0.0,0.0,V
122.866,stepper_x,,20,,0,0.0,0.0,0.0,0.0,V
122.866,stepper_y,,20,,0,0.0,0.0,0.0,0.0,V
122.866,stepper_y1,,20,,0,0.0,0.0,0.0,0.0,V
122.887,stepper_x,,20,,0,0.0,0.0,0.0,0.0,V
122.887,stepper_y,,20,,0,0.0,0.0,0.0,0.0,V
122.887,stepper_y1,,20,,0,0.0,0.0,0.0,0.0,V
122.907,stepper_x,,20,,0,0.0,0.0,0.0,0.0,V
122.907,stepper_y,,20,,0,0.0,0.0,0.0,0.0,V
122.907,stepper_y1,,20,,0,0.0,0.0,0.0,0.0,V
122.927,stepper_x,,20,,0,0.0,0.0,0.0,0.0,V
122.927,stepper_y,,20,,0,0.0,0.0,0.0,0.0,V
122.927,stepper_y1,,20,,0,0.0,0.0,0.0,0.0,V
122.947,stepper_x,,20,,0,0.0,0.0,0.0,0.0,V
122.947,stepper_y,,20,,0,0.0,0.0,0.0,0.0,V
122.947,stepper_y1,,20,,0,0.0,0.0,0.0,0.0,V
122.968,stepper_x,,20,,0,0.0,0.0,0.0,0.0,V
122.968,stepper_y,,20,,0,0.0,0.0,0.0,0.0,V
122.968,stepper_y1,,20,,0,0.0,0.0,0.0,0.0,V
122.988,stepper_x,,20,,0,0.0,0.0,0.0,0.0,V
122.988,stepper_y,,20,,0,0.0,0.0,0.0,0.0,V
122.988,stepper_y1,,20,,0,0.0,0.0,0.0,0.0,V
123.008,stepper_x,,20,,0,0.0,0.0,0.0,0.0,V
123.008,stepper_y,,20,,0,0.0,0.0,0.0,0.0,V
123.008,stepper_y1,,20,,0,0.0,0.0,0.0,0.0,V
123.028,stepper_x,,20,,0,0.0,0.0,0.0,0.0,V
123.028,stepper_y,,20,,0,0.0,0.0,0.0,0.0,V
123.028,stepper_y1,,20,,0,0.0,0.0,0.0,0.0,V
123.048,stepper_x,,20,,0,0.0,0.0,0.0,0.0,V
123.048,stepper_y,,20,,0,0.0,0.0,0.0,0.0,V
123.048,stepper_y1,,20,,0,0.0,0.0,0.0,0.0,V
123.069,stepper_x,,20,,0,0.0,0.0,0.0,0.0,V
123.069,stepper_y,,20,,0,0.0,0.0,0.0,0.0,V
123.069,stepper_y1,,20,,0,0.0,0.0,0.0,0.0,V
123.089,stepper_x,,20,,0,0.0,0.0,0.0,0.0,V
123.089,stepper_y,,20,,0,0.0,0.0,0.0,0.0,V
123.089,stepper_y1,,20,,0,0.0,0.0,0.0,0.0,V
123.109,stepper_x,,20,,0,0.0,0.0,0.0,0.0,V
123.109,stepper_y,,20,,0,0.0,0.0,0.0,0.0,V
123.109,stepper_y1,,20,,0,0.0,0.0,0.0,0.0,V
123.129,stepper_x,,20,,0,0.0,0.0,0.0,0.0,V
123.129,stepper_y,,20,,0,0.0,0.0,0.0,0.0,V
123.129,stepper_y1,,20,,0,0.0,0.0,0.0,0.0,V
123.15,stepper_x,,20,,0,0.0,0.0,0.0,0.0,V
123.15,stepper_y,,20,,0,0.0,0.0,0.0,0.0,V
123.15,stepper_y1,,20,,0,0.0,0.0,0.0,0.0,V
123.17,stepper_x,,20,,0,0.0,0.0,0.0,0.0,V
123.17,stepper_y,,20,,0,0.0,0.0,0.0,0.0,V
123.17,stepper_y1,,20,,0,0.0,0.0,0.0,0.0,V
123.19,stepper_x,,20,,0,0.0,0.0,0.0,0.0,V
123.19,stepper_y,,20,,0,0.0,0.0,0.0,0.0,V
123.19,stepper_y1,,20,,0,0.0,0.0,0.0,0.0,V
123.21,stepper_x,,20,,0,0.0,0.0,0.0,0.0,V
123.21,stepper_y,,20,,0,0.0,0.0,0.0,0.0,V
123.21,stepper_y1,,20,,0,0.0,0.0,0.0,0.0,V
123.23,stepper_x,,20,,0,0.0,0.0,0.0,0.0,V
123.23,stepper_y,,20,,0,0.0,0.0,0.0,0.0,V
123.23,stepper_y1,,20,,0,0.0,0.0,0.0,0.0,V
123.25,stepper_x,,20,,0,0.0,0.0,0.0,0.0,V
123.25,stepper_y,,20,,0,0.0,0.0,0.0,0.0,V
123.25,stepper_y1,,20,,0,0.0,0.0,0.0,0.0,V
123.271,stepper_x,,20,,0,0.0,0.0,0.0,0.0,V
123.271,stepper_y,,20,,0,0.0,0.0,0.0,0.0,V
123.271,stepper_y1,,20,,0,0.0,0.0,0.0,0.0,V
123.291,stepper_x,,20,,0,0.0,0.0,0.0,0.0,V
123.291,stepper_y,,20,,0,0.0,0.0,0.0,0.0,V
123.291,stepper_y1,,20,,0,0.0,0.0,0.0,0.0,V
123.311,stepper_x,,20,,0,0.0,0.0,0.0,0.0,V
123.311,stepper_y,,20,,0,0.0,0.0,0.0,0.0,V
123.311,stepper_y1,,20,,0,0.0,0.0,0.0,0.0,V
123.331,stepper_x,,20,,0,0.0,0.0,0.0,0.0,V
123.331,stepper_y,,20,,0,0.0,0.0,0.0,0.0,V
123.331,stepper_y1,,20,,0,0.0,0.0,0.0,0.0,V
123.351,stepper_x,,20,,0,0.0,0.0,0.0,0.0,V
123.351,stepper_y,,20,,0,0.0,0.0,0.0,0.0,V
123.351,stepper_y1,,20,,0,0.0,0.0,0.0,0.0,V
123.373,stepper_x,,20,,0,0.0,0.0,0.0,0.0,V
123.373,stepper_y,,20,,0,0.0,0.0,0.0,0.0,V
123.373,stepper_y1,,20,,0,0.0,0.0,0.0,0.0,V
123.393,stepper_x,,20,,0,0.0,0.0,0.0,0.0,V
123.393,stepper_y,,20,,0,0.0,0.0,0.0,0.0,V
123.393,stepper_y1,,20,,0,0.0,0.0,0.0,0.0,V
123.413,stepper_x,,20,,0,0.0,0.0,0.0,0.0,V
123.413,stepper_y,,20,,0,0.0,0.0,0.0,0.0,V
123.413,stepper_y1,,20,,0,0.0,0.0,0.0,0.0,V
123.433,stepper_x,,20,,0,0.0,0.0,0.0,0.0,V
123.433,stepper_y,,20,,0,0.0,0.0,0.0,0.0,V
123.433,stepper_y1,,20,,0,0.0,0.0,0.0,0.0,V
123.454,stepper_x,,20,,0,0.0,0.0,0.0,0.0,V
123.454,stepper_y,,20,,0,0.0,0.0,0.0,0.0,V
123.454,stepper_y1,,20,,0,0.0,0.0,0.0,0.0,V
123.474,stepper_x,,20,,0,0.0,0.0,0.0,0.0,V
123.474,stepper_y,,20,,0,0.0,0.0,0.0,0.0,V
123.474,stepper_y1,,20,,0,0.0,0.0,0.0,0.0,V
123.494,stepper_x,,20,,0,0.0,0.0,0.0,0.0,V
123.494,stepper_y,,20,,0,0.0,0.0,0.0,0.0,V
123.494,stepper_y1,,20,,0,0.0,0.0,0.0,0.0,V
123.514,stepper_x,,20,,0,0.0,0.0,0.0,0.0,V
123.514,stepper_y,,20,,0,0.0,0.0,0.0,0.0,V
123.514,stepper_y1,,20,,0,0.0,0.0,0.0,0.0,V
123.534,stepper_x,,20,,0,0.0,0.0,0.0,0.0,V
123.534,stepper_y,,20,,0,0.0,0.0,0.0,0.0,V
123.534,stepper_y1,,20,,0,0.0,0.0,0.0,0.0,V
123.555,stepper_x,,20,,0,0.0,0.0,0.0,0.0,V
123.555,stepper_y,,20,,0,0.0,0.0,0.0,0.0,V
123.555,stepper_y1,,20,,0,0.0,0.0,0.0,0.0,V
123.575,stepper_x,,20,,0,0.0,0.0,0.0,0.0,V
123.575,stepper_y,,20,,0,0.0,0.0,0.0,0.0,V
123.575,stepper_y1,,20,,0,0.0,0.0,0.0,0.0,V
123.595,stepper_x,,20,,0,0.0,0.0,0.0,0.0,V
123.595,stepper_y,,20,,0,0.0,0.0,0.0,0.0,V
123.595,stepper_y1,,20,,0,0.0,0.0,0.0,0.0,V
123.615,stepper_x,,20,,0,0.0,0.0,0.0,0.0,V
123.615,stepper_y,,20,,0,0.0,0.0,0.0,0.0,V
123.615,stepper_y1,,20,,0,0.0,0.0,0.0,0.0,V
123.635,stepper_x,,20,,0,0.0,0.0,0.0,0.0,V
123.635,stepper_y,,20,,0,0.0,0.0,0.0,0.0,V
123.635,stepper_y1,,20,,0,0.0,0.0,0.0,0.0,V
123.656,stepper_x,,20,,0,0.0,0.0,0.0,0.0,V
123.656,stepper_y,,20,,0,0.0,0.0,0.0,0.0,V
123.656,stepper_y1,,20,,0,0.0,0.0,0.0,0.0,V
123.676,stepper_x,,20,,0,0.0,0.0,0.0,0.0,V
123.676,stepper_y,,20,,0,0.0,0.0,0.0,0.0,V
123.676,stepper_y1,,20,,0,0.0,0.0,0.0,0.0,V
123.696,stepper_x,,20,,0,0.0,0.0,0.0,0.0,V
123.696,stepper_y,,20,,0,0.0,0.0,0.0,0.0,V
123.696,stepper_y1,,20,,0,0.0,0.0,0.0,0.0,V
123.716,stepper_x,,20,,0,0.0,0.0,0.0,0.0,V
123.716,stepper_y,,20,,0,0.0,0.0,0.0,0.0,V
123.716,stepper_y1,,20,,0,0.0,0.0,0.0,0.0,V
123.736,stepper_x,,20,,0,0.0,0.0,0.0,0.0,V
123.736,stepper_y,,20,,0,0.0,0.0,0.0,0.0,V
123.736,stepper_y1,,20,,0,0.0,0.0,0.0,0.0,V
123.757,stepper_x,,20,,0,0.0,0.0,0.0,0.0,V
123.757,stepper_y,,20,,0,0.0,0.0,0.0,0.0,V
123.757,stepper_y1,,20,,0,0.0,0.0,0.0,0.0,V
123.777,stepper_x,,20,,0,0.0,0.0,0.0,0.0,V
123.777,stepper_y,,20,,0,0.0,0.0,0.0,0.0,V
123.777,stepper_y1,,20,,0,0.0,0.0,0.0,0.0,V
123.797,stepper_x,,20,,0,0.0,0.0,0.0,0.0,V
123.797,stepper_y,,20,,0,0.0,0.0,0.0,0.0,V
123.797,stepper_y1,,20,,0,0.0,0.0,0.0,0.0,V
123.817,stepper_x,,20,,0,0.0,0.0,0.0,0.0,V
123.817,stepper_y,,20,,0,0.0,0.0,0.0,0.0,V
123.817,stepper_y1,,20,,0,0.0,0.0,0.0,0.0,V
123.838,stepper_x,,20,,0,0.0,0.0,0.0,0.0,V
123.838,stepper_y,,20,,0,0.0,0.0,0.0,0.0,V
123.838,stepper_y1,,20,,0,0.0,0.0,0.0,0.0,V
123.858,stepper_x,,20,,0,0.0,0.0,0.0,0.0,V
123.858,stepper_y,,20,,0,0.0,0.0,0.0,0.0,V
123.858,stepper_y1,,20,,0,0.0,0.0,0.0,0.0,V
123.879,stepper_x,,20,,0,0.0,0.0,0.0,0.0,V
123.879,stepper_y,,20,,0,0.0,0.0,0.0,0.0,V
123.879,stepper_y1,,20,,0,0.0,0.0,0.0,0.0,V
123.899,stepper_x,,20,,0,0.0,0.0,0.0,0.0,V
123.899,stepper_y,,20,,0,0.0,0.0,0.0,0.0,V
123.899,stepper_y1,,20,,0,0.0,0.0,0.0,0.0,V
123.919,stepper_x,,20,,0,0.0,0.0,0.0,0.0,V
123.919,stepper_y,,20,,0,0.0,0.0,0.0,0.0,V
123.919,stepper_y1,,20,,0,0.0,0.0,0.0,0.0,V
123.94,stepper_x,,20,,0,0.0,0.0,0.0,0.0,V
123.94,stepper_y,,20,,0,0.0,0.0,0.0,0.0,V
123.94,stepper_y1,,20,,0,0.0,0.0,0.0,0.0,V
123.96,stepper_x,,20,,0,0.0,0.0,0.0,0.0,V
123.96,stepper_y,,20,,0,0.0,0.0,0.0,0.0,V
123.96,stepper_y1,,20,,0,0.0,0.0,0.0,0.0,V
123.98,stepper_x,,20,,0,0.0,0.0,0.0,0.0,V
123.98,stepper_y,,20,,0,0.0,0.0,0.0,0.0,V
123.98,stepper_y1,,20,,0,0.0,0.0,0.0,0.0,V
124.0,stepper_x,,20,,0,0.0,0.0,0.0,0.0,V
124.0,stepper_y,,20,,0,0.0,0.0,0.0,0.0,V
124.0,stepper_y1,,20,,0,0.0,0.0,0.0,0.0,V
124.021,stepper_x,,20,,0,0.0,0.0,0.0,0.0,V
124.021,stepper_y,,20,,0,0.0,0.0,0.0,0.0,V
124.021,stepper_y1,,20,,0,0.0,0.0,0.0,0.0,V
124.042,stepper_x,,20,,0,0.0,0.0,0.0,0.0,V
124.042,stepper_y,,20,,0,0.0,0.0,0.0,0.0,V
124.042,stepper_y1,,20,,0,0.0,0.0,0.0,0.0,V
124.062,stepper_x,,20,,0,0.0,0.0,0.0,0.0,V
124.062,stepper_y,,20,,0,0.0,0.0,0.0,0.0,V
124.062,stepper_y1,,20,,0,0.0,0.0,0.0,0.0,V
124.082,stepper_x,,20,,0,0.0,0.0,0.0,0.0,V
124.082,stepper_y,,20,,0,0.0,0.0,0.0,0.0,V
124.082,stepper_y1,,20,,0,0.0,0.0,0.0,0.0,V
124.102,stepper_x,,20,,0,0.0,0.0,0.0,0.0,V
124.102,stepper_y,,20,,0,0.0,0.0,0.0,0.0,V
124.102,stepper_y1,,20,,0,0.0,0.0,0.0,0.0,V
124.123,stepper_x,,20,,0,0.0,0.0,0.0,0.0,V
124.123,stepper_y,,20,,0,0.0,0.0,0.0,0.0,V
124.123,stepper_y1,,20,,0,0.0,0.0,0.0,0.0,V
124.144,stepper_x,,20,,0,0.0,0.0,0.0,0.0,V
124.144,stepper_y,,20,,0,0.0,0.0,0.0,0.0,V
124.144,stepper_y1,,20,,0,0.0,0.0,0.0,0.0,V
124.164,stepper_x,,20,,0,0.0,0.0,0.0,0.0,V
124.164,stepper_y,,20,,0,0.0,0.0,0.0,0.0,V
124.164,stepper_y1,,20,,0,0.0,0.0,0.0,0.0,V
124.184,stepper_x,,20,,0,0.0,0.0,0.0,0.0,V
124.184,stepper_y,,20,,0,0.0,0.0,0.0,0.0,V
124.184,stepper_y1,,20,,0,0.0,0.0,0.0,0.0,V
124.204,stepper_x,,20,,0,0.0,0.0,0.0,0.0,V
124.204,stepper_y,,20,,0,0.0,0.0,0.0,0.0,V
124.204,stepper_y1,,20,,0,0.0,0.0,0.0,0.0,V
124.225,stepper_x,,20,,0,0.0,0.0,0.0,0.0,V
124.225,stepper_y,,20,,0,0.0,0.0,0.0,0.0,V
124.225,stepper_y1,,20,,0,0.0,0.0,0.0,0.0,V
124.245,stepper_x,,20,,0,0.0,0.0,0.0,0.0,V
124.245,stepper_y,,20,,0,0.0,0.0,0.0,0.0,V
124.245,stepper_y1,,20,,0,0.0,0.0,0.0,0.0,V
124.265,stepper_x,,20,,0,0.0,0.0,0.0,0.0,V
124.265,stepper_y,,20,,0,0.0,0.0,0.0,0.0,V
124.265,stepper_y1,,20,,0,0.0,0.0,0.0,0.0,V
124.285,stepper_x,,20,,0,0.0,0.0,0.0,0.0,V
124.285,stepper_y,,20,,0,0.0,0.0,0.0,0.0,V
124.285,stepper_y1,,20,,0,0.0,0.0,0.0,0.0,V
124.305,stepper_x,,20,,0,0.0,0.0,0.0,0.0,V
124.305,stepper_y,,20,,0,0.0,0.0,0.0,0.0,V
124.305,stepper_y1,,20,,0,0.0,0.0,0.0,0.0,V
124.326,stepper_x,,20,,0,0.0,0.0,0.0,0.0,V
124.326,stepper_y,,20,,0,0.0,0.0,0.0,0.0,V
124.326,stepper_y1,,20,,0,0.0,0.0,0.0,0.0,V
124.346,stepper_x,,20,,0,0.0,0.0,0.0,0.0,V
124.346,stepper_y,,20,,0,0.0,0.0,0.0,0.0,V
124.346,stepper_y1,,20,,0,0.0,0.0,0.0,0.0,V
124.366,stepper_x,,20,,0,0.0,0.0,0.0,0.0,V
124.366,stepper_y,,20,,0,0.0,0.0,0.0,0.0,V
124.366,stepper_y1,,20,,0,0.0,0.0,0.0,0.0,V
124.386,stepper_x,,20,,0,0.0,0.0,0.0,0.0,V
124.386,stepper_y,,20,,0,0.0,0.0,0.0,0.0,V
124.386,stepper_y1,,20,,0,0.0,0.0,0.0,0.0,V
124.406,stepper_x,,20,,0,0.0,0.0,0.0,0.0,V
124.406,stepper_y,,20,,0,0.0,0.0,0.0,0.0,V
124.406,stepper_y1,,20,,0,0.0,0.0,0.0,0.0,V
124.427,stepper_x,,20,,0,0.0,0.0,0.0,0.0,V
124.427,stepper_y,,20,,0,0.0,0.0,0.0,0.0,V
124.427,stepper_y1,,20,,0,0.0,0.0,0.0,0.0,V
124.447,stepper_x,,20,,0,0.0,0.0,0.0,0.0,V
124.447,stepper_y,,20,,0,0.0,0.0,0.0,0.0,V
124.447,stepper_y1,,20,,0,0.0,0.0,0.0,0.0,V
124.467,stepper_x,,20,,0,0.0,0.0,0.0,0.0,V
124.467,stepper_y,,20,,0,0.0,0.0,0.0,0.0,V
124.467,stepper_y1,,20,,0,0.0,0.0,0.0,0.0,V
124.487,stepper_x,,20,,0,0.0,0.0,0.0,0.0,V
124.487,stepper_y,,20,,0,0.0,0.0,0.0,0.0,V
124.487,stepper_y1,,20,,0,0.0,0.0,0.0,0.0,V
124.507,stepper_x,,20,,0,0.0,0.0,0.0,0.0,V
124.507,stepper_y,,20,,0,0.0,0.0,0.0,0.0,V
124.507,stepper_y1,,20,,0,0.0,0.0,0.0,0.0,V
124.528,stepper_x,,20,,0,0.0,0.0,0.0,0.0,V
124.528,stepper_y,,20,,0,0.0,0.0,0.0,0.0,V
124.528,stepper_y1,,20,,0,0.0,0.0,0.0,0.0,V
124.548,stepper_x,,20,,0,0.0,0.0,0.0,0.0,V
124.548,stepper_y,,20,,0,0.0,0.0,0.0,0.0,V
124.548,stepper_y1,,20,,0,0.0,0.0,0.0,0.0,V
124.568,stepper_x,,20,,0,0.0,0.0,0.0,0.0,V
124.568,stepper_y,,20,,0,0.0,0.0,0.0,0.0,V
124.568,stepper_y1,,20,,0,0.0,0.0,0.0,0.0,V
124.588,stepper_x,,20,,0,0.0,0.0,0.0,0.0,V
124.588,stepper_y,,20,,0,0.0,0.0,0.0,0.0,V
124.588,stepper_y1,,20,,0,0.0,0.0,0.0,0.0,V
124.608,stepper_x,,20,,0,0.0,0.0,0.0,0.0,V
124.608,stepper_y,,20,,0,0.0,0.0,0.0,0.0,V
124.608,stepper_y1,,20,,0,0.0,0.0,0.0,0.0,V
124.629,stepper_x,,20,,0,0.0,0.0,0.0,0.0,V
124.629,stepper_y,,20,,0,0.0,0.0,0.0,0.0,V
124.629,stepper_y1,,20,,0,0.0,0.0,0.0,0.0,V
124.649,stepper_x,,20,,0,0.0,0.0,0.0,0.0,V
124.649,stepper_y,,20,,0,0.0,0.0,0.0,0.0,V
124.649,stepper_y1,,20,,0,0.0,0.0,0.0,0.0,V
124.669,stepper_x,,20,,0,0.0,0.0,0.0,0.0,V
124.669,stepper_y,,20,,0,0.0,0.0,0.0,0.0,V
124.669,stepper_y1,,20,,0,0.0,0.0,0.0,0.0,V
124.69,stepper_x,,20,,0,0.0,0.0,0.0,0.0,V
124.69,stepper_y,,20,,0,0.0,0.0,0.0,0.0,V
124.69,stepper_y1,,20,,0,0.0,0.0,0.0,0.0,V
124.71,stepper_x,,20,,0,0.0,0.0,0.0,0.0,V
124.71,stepper_y,,20,,0,0.0,0.0,0.0,0.0,V
124.71,stepper_y1,,20,,0,0.0,0.0,0.0,0.0,V
124.73,stepper_x,,20,,0,0.0,0.0,0.0,0.0,V
124.73,stepper_y,,20,,0,0.0,0.0,0.0,0.0,V
124.73,stepper_y1,,20,,0,0.0,0.0,0.0,0.0,V
124.75,stepper_x,,20,,0,0.0,0.0,0.0,0.0,V
124.75,stepper_y,,20,,0,0.0,0.0,0.0,0.0,V
124.75,stepper_y1,,20,,0,0.0,0.0,0.0,0.0,V
124.77,stepper_x,,20,,0,0.0,0.0,0.0,0.0,V
124.77,stepper_y,,20,,0,0.0,0.0,0.0,0.0,V
124.77,stepper_y1,,20,,0,0.0,0.0,0.0,0.0,V
124.79,stepper_x,,20,,0,0.0,0.0,0.0,0.0,V
124.79,stepper_y,,20,,0,0.0,0.0,0.0,0.0,V
124.79,stepper_y1,,20,,0,0.0,0.0,0.0,0.0,V
124.81,stepper_x,,20,,0,0.0,0.0,0.0,0.0,V
124.81,stepper_y,,20,,0,0.0,0.0,0.0,0.0,V
124.81,stepper_y1,,20,,0,0.0,0.0,0.0,0.0,V
124.831,stepper_x,,20,,0,0.0,0.0,0.0,0.0,V
124.831,stepper_y,,20,,0,0.0,0.0,0.0,0.0,V
124.831,stepper_y1,,20,,0,0.0,0.0,0.0,0.0,V
124.851,stepper_x,,20,,0,0.0,0.0,0.0,0.0,V
124.851,stepper_y,,20,,0,0.0,0.0,0.0,0.0,V
124.851,stepper_y1,,20,,0,0.0,0.0,0.0,0.0,V
124.871,stepper_x,,20,,0,0.0,0.0,0.0,0.0,V
124.871,stepper_y,,20,,0,0.0,0.0,0.0,0.0,V
124.871,stepper_y1,,20,,0,0.0,0.0,0.0,0.0,V
124.891,stepper_x,,20,,0,0.0,0.0,0.0,0.0,V
124.891,stepper_y,,20,,0,0.0,0.0,0.0,0.0,V
124.891,stepper_y1,,20,,0,0.0,0.0,0.0,0.0,V
124.912,stepper_x,,20,,0,0.0,0.0,0.0,0.0,V
124.912,stepper_y,,20,,0,0.0,0.0,0.0,0.0,V
124.912,stepper_y1,,20,,0,0.0,0.0,0.0,0.0,V
124.932,stepper_x,,20,,0,0.0,0.0,0.0,0.0,V
124.932,stepper_y,,20,,0,0.0,0.0,0.0,0.0,V
124.932,stepper_y1,,20,,0,0.0,0.0,0.0,0.0,V
124.952,stepper_x,,20,,0,0.0,0.0,0.0,0.0,V
124.952,stepper_y,,20,,0,0.0,0.0,0.0,0.0,V
124.952,stepper_y1,,20,,0,0.0,0.0,0.0,0.0,V
124.972,stepper_x,,20,,0,0.0,0.0,0.0,0.0,V
124.972,stepper_y,,20,,0,0.0,0.0,0.0,0.0,V
124.972,stepper_y1,,20,,0,0.0,0.0,0.0,0.0,V
124.992,stepper_x,,20,,0,0.0,0.0,0.0,0.0,V
124.992,stepper_y,,20,,0,0.0,0.0,0.0,0.0,V
124.992,stepper_y1,,20,,0,0.0,0.0,0.0,0.0,V
125.012,stepper_x,,20,,0,0.0,0.0,0.0,0.0,V
125.012,stepper_y,,20,,0,0.0,0.0,0.0,0.0,V
125.012,stepper_y1,,20,,0,0.0,0.0,0.0,0.0,V
125.033,stepper_x,,20,,0,0.0,0.0,0.0,0.0,V
125.033,stepper_y,,20,,0,0.0,0.0,0.0,0.0,V
125.033,stepper_y1,,20,,0,0.0,0.0,0.0,0.0,V
125.053,stepper_x,,20,,0,0.0,0.0,0.0,0.0,V
125.053,stepper_y,,20,,0,0.0,0.0,0.0,0.0,V
125.053,stepper_y1,,20,,0,0.0,0.0,0.0,0.0,V
125.073,stepper_x,,20,,0,0.0,0.0,0.0,0.0,V
125.073,stepper_y,,20,,0,0.0,0.0,0.0,0.0,V
125.073,stepper_y1,,20,,0,0.0,0.0,0.0,0.0,V
125.093,stepper_x,,20,,0,0.0,0.0,0.0,0.0,V
125.093,stepper_y,,20,,0,0.0,0.0,0.0,0.0,V
125.093,stepper_y1,,20,,0,0.0,0.0,0.0,0.0,V
125.113,stepper_x,,20,,0,0.0,0.0,0.0,0.0,V
125.113,stepper_y,,20,,0,0.0,0.0,0.0,0.0,V
125.113,stepper_y1,,20,,0,0.0,0.0,0.0,0.0,V
125.134,stepper_x,,20,,0,0.0,0.0,0.0,0.0,V
125.134,stepper_y,,20,,0,0.0,0.0,0.0,0.0,V
125.134,stepper_y1,,20,,0,0.0,0.0,0.0,0.0,V
125.155,stepper_x,,20,,0,0.0,0.0,0.0,0.0,V
125.155,stepper_y,,20,,0,0.0,0.0,0.0,0.0,V
125.155,stepper_y1,,20,,0,0.0,0.0,0.0,0.0,V
125.175,stepper_x,,20,,0,0.0,0.0,0.0,0.0,V
125.175,stepper_y,,20,,0,0.0,0.0,0.0,0.0,V
125.175,stepper_y1,,20,,0,0.0,0.0,0.0,0.0,V
125.195,stepper_x,,20,,0,0.0,0.0,0.0,0.0,V
125.195,stepper_y,,20,,0,0.0,0.0,0.0,0.0,V
125.195,stepper_y1,,20,,0,0.0,0.0,0.0,0.0,V
125.215,stepper_x,,20,,0,0.0,0.0,0.0,0.0,V
125.215,stepper_y,,20,,0,0.0,0.0,0.0,0.0,V
125.215,stepper_y1,,20,,0,0.0,0.0,0.0,0.0,V
125.236,stepper_x,,20,,0,0.0,0.0,0.0,0.0,V
125.236,stepper_y,,20,,0,0.0,0.0,0.0,0.0,V
125.236,stepper_y1,,20,,0,0.0,0.0,0.0,0.0,V
125.256,stepper_x,,20,,0,0.0,0.0,0.0,0.0,V
125.256,stepper_y,,20,,0,0.0,0.0,0.0,0.0,V
125.256,stepper_y1,,20,,0,0.0,0.0,0.0,0.0,V
125.276,stepper_x,,20,,0,0.0,0.0,0.0,0.0,V
125.276,stepper_y,,20,,0,0.0,0.0,0.0,0.0,V
125.276,stepper_y1,,20,,0,0.0,0.0,0.0,0.0,V
125.296,stepper_x,,20,,0,0.0,0.0,0.0,0.0,V
125.296,stepper_y,,20,,0,0.0,0.0,0.0,0.0,V
125.296,stepper_y1,,20,,0,0.0,0.0,0.0,0.0,V
125.316,stepper_x,,20,,0,0.0,0.0,0.0,0.0,V
125.316,stepper_y,,20,,0,0.0,0.0,0.0,0.0,V
125.316,stepper_y1,,20,,0,0.0,0.0,0.0,0.0,V
125.337,stepper_x,,20,,0,0.0,0.0,0.0,0.0,V
125.337,stepper_y,,20,,0,0.0,0.0,0.0,0.0,V
125.337,stepper_y1,,20,,0,0.0,0.0,0.0,0.0,V
125.357,stepper_x,,20,,0,0.0,0.0,0.0,0.0,V
125.357,stepper_y,,20,,0,0.0,0.0,0.0,0.0,V
125.357,stepper_y1,,20,,0,0.0,0.0,0.0,0.0,V
125.377,stepper_x,,20,,0,0.0,0.0,0.0,0.0,V
125.377,stepper_y,,20,,0,0.0,0.0,0.0,0.0,V
125.377,stepper_y1,,20,,0,0.0,0.0,0.0,0.0,V
125.398,stepper_x,,20,,0,0.0,0.0,0.0,0.0,V
125.398,stepper_y,,20,,0,0.0,0.0,0.0,0.0,V
125.398,stepper_y1,,20,,0,0.0,0.0,0.0,0.0,V
125.418,stepper_x,,20,,0,0.0,0.0,0.0,0.0,V
125.418,stepper_y,,20,,0,0.0,0.0,0.0,0.0,V
125.418,stepper_y1,,20,,0,0.0,0.0,0.0,0.0,V
125.439,stepper_x,,20,,0,0.0,0.0,0.0,0.0,V
125.439,stepper_y,,20,,0,0.0,0.0,0.0,0.0,V
125.439,stepper_y1,,20,,0,0.0,0.0,0.0,0.0,V
125.459,stepper_x,,20,,0,0.0,0.0,0.0,0.0,V
125.459,stepper_y,,20,,0,0.0,0.0,0.0,0.0,V
125.459,stepper_y1,,20,,0,0.0,0.0,0.0,0.0,V
125.479,stepper_x,,20,,0,0.0,0.0,0.0,0.0,V
125.479,stepper_y,,20,,0,0.0,0.0,0.0,0.0,V
125.479,stepper_y1,,20,,0,0.0,0.0,0.0,0.0,V
125.499,stepper_x,,20,,0,0.0,0.0,0.0,0.0,V
125.499,stepper_y,,20,,0,0.0,0.0,0.0,0.0,V
125.499,stepper_y1,,20,,0,0.0,0.0,0.0,0.0,V
125.519,stepper_x,,20,,0,0.0,0.0,0.0,0.0,V
125.519,stepper_y,,20,,0,0.0,0.0,0.0,0.0,V
125.519,stepper_y1,,20,,0,0.0,0.0,0.0,0.0,V
125.54,stepper_x,,20,,0,0.0,0.0,0.0,0.0,V
125.54,stepper_y,,20,,0,0.0,0.0,0.0,0.0,V
125.54,stepper_y1,,20,,0,0.0,0.0,0.0,0.0,V
125.56,stepper_x,,20,,0,0.0,0.0,0.0,0.0,V
125.56,stepper_y,,20,,0,0.0,0.0,0.0,0.0,V
125.56,stepper_y1,,20,,0,0.0,0.0,0.0,0.0,V
125.58,stepper_x,,20,,0,0.0,0.0,0.0,0.0,V
125.58,stepper_y,,20,,0,0.0,0.0,0.0,0.0,V
125.58,stepper_y1,,20,,0,0.0,0.0,0.0,0.0,V
125.6,stepper_x,,20,,0,0.0,0.0,0.0,0.0,V
125.6,stepper_y,,20,,0,0.0,0.0,0.0,0.0,V
125.6,stepper_y1,,20,,0,0.0,0.0,0.0,0.0,V
125.62,stepper_x,,20,,0,0.0,0.0,0.0,0.0,V
125.62,stepper_y,,20,,0,0.0,0.0,0.0,0.0,V
125.62,stepper_y1,,20,,0,0.0,0.0,0.0,0.0,V
125.641,stepper_x,,20,,0,0.0,0.0,0.0,0.0,V
125.641,stepper_y,,20,,0,0.0,0.0,0.0,0.0,V
125.641,stepper_y1,,20,,0,0.0,0.0,0.0,0.0,V
125.662,stepper_x,,20,,0,0.0,0.0,0.0,0.0,V
125.662,stepper_y,,20,,0,0.0,0.0,0.0,0.0,V
125.662,stepper_y1,,20,,0,0.0,0.0,0.0,0.0,V
125.682,stepper_x,,20,,0,0.0,0.0,0.0,0.0,V
125.682,stepper_y,,20,,0,0.0,0.0,0.0,0.0,V
125.682,stepper_y1,,20,,0,0.0,0.0,0.0,0.0,V
125.702,stepper_x,,20,,0,0.0,0.0,0.0,0.0,V
125.702,stepper_y,,20,,0,0.0,0.0,0.0,0.0,V
125.702,stepper_y1,,20,,0,0.0,0.0,0.0,0.0,V
125.722,stepper_x,,20,,0,0.0,0.0,0.0,0.0,V
125.722,stepper_y,,20,,0,0.0,0.0,0.0,0.0,V
125.722,stepper_y1,,20,,0,0.0,0.0,0.0,0.0,V
125.743,stepper_x,,20,,0,0.0,0.0,0.0,0.0,V
125.743,stepper_y,,20,,0,0.0,0.0,0.0,0.0,V
125.743,stepper_y1,,20,,0,0.0,0.0,0.0,0.0,V
125.763,stepper_x,,20,,0,0.0,0.0,0.0,0.0,V
125.763,stepper_y,,20,,0,0.0,0.0,0.0,0.0,V
125.763,stepper_y1,,20,,0,0.0,0.0,0.0,0.0,V
125.783,stepper_x,,20,,0,0.0,0.0,0.0,0.0,V
125.783,stepper_y,,20,,0,0.0,0.0,0.0,0.0,V
125.783,stepper_y1,,20,,0,0.0,0.0,0.0,0.0,V
125.803,stepper_x,,20,,0,0.0,0.0,0.0,0.0,V
125.803,stepper_y,,20,,0,0.0,0.0,0.0,0.0,V
125.803,stepper_y1,,20,,0,0.0,0.0,0.0,0.0,V
125.824,stepper_x,,20,,0,0.0,0.0,0.0,0.0,V
125.824,stepper_y,,20,,0,0.0,0.0,0.0,0.0,V
125.824,stepper_y1,,20,,0,0.0,0.0,0.0,0.0,V
125.844,stepper_x,,20,,0,0.0,0.0,0.0,0.0,V
125.844,stepper_y,,20,,0,0.0,0.0,0.0,0.0,V
125.844,stepper_y1,,20,,0,0.0,0.0,0.0,0.0,V
125.864,stepper_x,,20,,0,0.0,0.0,0.0,0.0,V
125.864,stepper_y,,20,,0,0.0,0.0,0.0,0.0,V
125.864,stepper_y1,,20,,0,0.0,0.0,0.0,0.0,V
125.884,stepper_x,,20,,0,0.0,0.0,0.0,0.0,V
125.884,stepper_y,,20,,0,0.0,0.0,0.0,0.0,V
125.884,stepper_y1,,20,,0,0.0,0.0,0.0,0.0,V
125.905,stepper_x,,20,,0,0.0,0.0,0.0,0.0,V
125.905,stepper_y,,20,,0,0.0,0.0,0.0,0.0,V
125.905,stepper_y1,,20,,0,0.0,0.0,0.0,0.0,V
125.925,stepper_x,,20,,0,0.0,0.0,0.0,0.0,V
125.925,stepper_y,,20,,0,0.0,0.0,0.0,0.0,V
125.925,stepper_y1,,20,,0,0.0,0.0,0.0,0.0,V
125.945,stepper_x,,20,,0,0.0,0.0,0.0,0.0,V
125.945,stepper_y,,20,,0,0.0,0.0,0.0,0.0,V
125.945,stepper_y1,,20,,0,0.0,0.0,0.0,0.0,V
125.965,stepper_x,,20,,0,0.0,0.0,0.0,0.0,V
125.965,stepper_y,,20,,0,0.0,0.0,0.0,0.0,V
125.965,stepper_y1,,20,,0,0.0,0.0,0.0,0.0,V
125.986,stepper_x,,20,,0,0.0,0.0,0.0,0.0,V
125.986,stepper_y,,20,,0,0.0,0.0,0.0,0.0,V
125.986,stepper_y1,,20,,0,0.0,0.0,0.0,0.0,V
126.006,stepper_x,,20,,0,0.0,0.0,0.0,0.0,V
126.006,stepper_y,,20,,0,0.0,0.0,0.0,0.0,V
126.006,stepper_y1,,20,,0,0.0,0.0,0.0,0.0,V
126.026,stepper_x,,20,,0,0.0,0.0,0.0,0.0,V
126.026,stepper_y,,20,,0,0.0,0.0,0.0,0.0,V
126.026,stepper_y1,,20,,0,0.0,0.0,0.0,0.0,V
126.046,stepper_x,,20,,0,0.0,0.0,0.0,0.0,V
126.046,stepper_y,,20,,0,0.0,0.0,0.0,0.0,V
126.046,stepper_y1,,20,,0,0.0,0.0,0.0,0.0,V
126.066,stepper_x,,20,,0,0.0,0.0,0.0,0.0,V
126.066,stepper_y,,20,,0,0.0,0.0,0.0,0.0,V
126.066,stepper_y1,,20,,0,0.0,0.0,0.0,0.0,V
126.086,stepper_x,,20,,0,0.0,0.0,0.0,0.0,V
126.086,stepper_y,,20,,0,0.0,0.0,0.0,0.0,V
126.086,stepper_y1,,20,,0,0.0,0.0,0.0,0.0,V
126.107,stepper_x,,20,,0,0.0,0.0,0.0,0.0,V
126.107,stepper_y,,20,,0,0.0,0.0,0.0,0.0,V
126.107,stepper_y1,,20,,0,0.0,0.0,0.0,0.0,V
126.127,stepper_x,,20,,0,0.0,0.0,0.0,0.0,V
126.127,stepper_y,,20,,0,0.0,0.0,0.0,0.0,V
126.127,stepper_y1,,20,,0,0.0,0.0,0.0,0.0,V
126.147,stepper_x,,20,,0,0.0,0.0,0.0,0.0,V
126.147,stepper_y,,20,,0,0.0,0.0,0.0,0.0,V
126.147,stepper_y1,,20,,0,0.0,0.0,0.0,0.0,V
126.168,stepper_x,,20,,0,0.0,0.0,0.0,0.0,V
126.168,stepper_y,,20,,0,0.0,0.0,0.0,0.0,V
126.168,stepper_y1,,20,,0,0.0,0.0,0.0,0.0,V
126.188,stepper_x,,20,,0,0.0,0.0,0.0,0.0,V
126.188,stepper_y,,20,,0,0.0,0.0,0.0,0.0,V
126.188,stepper_y1,,20,,0,0.0,0.0,0.0,0.0,V
126.208,stepper_x,,20,,0,0.0,0.0,0.0,0.0,V
126.208,stepper_y,,20,,0,0.0,0.0,0.0,0.0,V
126.208,stepper_y1,,20,,0,0.0,0.0,0.0,0.0,V
126.228,stepper_x,,20,,0,0.0,0.0,0.0,0.0,V
126.228,stepper_y,,20,,0,0.0,0.0,0.0,0.0,V
126.228,stepper_y1,,20,,0,0.0,0.0,0.0,0.0,V
126.248,stepper_x,,20,,0,0.0,0.0,0.0,0.0,V
126.248,stepper_y,,20,,0,0.0,0.0,0.0,0.0,V
126.248,stepper_y1,,20,,0,0.0,0.0,0.0,0.0,V
126.268,stepper_x,,20,,0,0.0,0.0,0.0,0.0,V
126.268,stepper_y,,20,,0,0.0,0.0,0.0,0.0,V
126.268,stepper_y1,,20,,0,0.0,0.0,0.0,0.0,V
126.288,stepper_x,,20,,0,0.0,0.0,0.0,0.0,V
126.288,stepper_y,,20,,0,0.0,0.0,0.0,0.0,V
126.288,stepper_y1,,20,,0,0.0,0.0,0.0,0.0,V
126.309,stepper_x,,20,,0,0.0,0.0,0.0,0.0,V
126.309,stepper_y,,20,,0,0.0,0.0,0.0,0.0,V
126.309,stepper_y1,,20,,0,0.0,0.0,0.0,0.0,V
126.329,stepper_x,,20,,0,0.0,0.0,0.0,0.0,V
126.329,stepper_y,,20,,0,0.0,0.0,0.0,0.0,V
126.329,stepper_y1,,20,,0,0.0,0.0,0.0,0.0,V
126.349,stepper_x,,20,,0,0.0,0.0,0.0,0.0,V
126.349,stepper_y,,20,,0,0.0,0.0,0.0,0.0,V
126.349,stepper_y1,,20,,0,0.0,0.0,0.0,0.0,V
126.369,stepper_x,,20,,0,0.0,0.0,0.0,0.0,V
126.369,stepper_y,,20,,0,0.0,0.0,0.0,0.0,V
126.369,stepper_y1,,20,,0,0.0,0.0,0.0,0.0,V
126.39,stepper_x,,20,,0,0.0,0.0,0.0,0.0,V
126.39,stepper_y,,20,,0,0.0,0.0,0.0,0.0,V
126.39,stepper_y1,,20,,0,0.0,0.0,0.0,0.0,V
126.41,stepper_x,,20,,0,0.0,0.0,0.0,0.0,V
126.41,stepper_y,,20,,0,0.0,0.0,0.0,0.0,V
126.41,stepper_y1,,20,,0,0.0,0.0,0.0,0.0,V
126.43,stepper_x,,20,,0,0.0,0.0,0.0,0.0,V
126.43,stepper_y,,20,,0,0.0,0.0,0.0,0.0,V
126.43,stepper_y1,,20,,0,0.0,0.0,0.0,0.0,V
126.45,stepper_x,,20,,0,0.0,0.0,0.0,0.0,V
126.45,stepper_y,,20,,0,0.0,0.0,0.0,0.0,V
126.45,stepper_y1,,20,,0,0.0,0.0,0.0,0.0,V
126.47,stepper_x,,20,,0,0.0,0.0,0.0,0.0,V
126.47,stepper_y,,20,,0,0.0,0.0,0.0,0.0,V
126.47,stepper_y1,,20,,0,0.0,0.0,0.0,0.0,V
126.491,stepper_x,,20,,0,0.0,0.0,0.0,0.0,V
126.491,stepper_y,,20,,0,0.0,0.0,0.0,0.0,V
126.491,stepper_y1,,20,,0,0.0,0.0,0.0,0.0,V
126.511,stepper_x,,20,,0,0.0,0.0,0.0,0.0,V
126.511,stepper_y,,20,,0,0.0,0.0,0.0,0.0,V
126.511,stepper_y1,,20,,0,0.0,0.0,0.0,0.0,V
126.531,stepper_x,,20,,0,0.0,0.0,0.0,0.0,V
126.531,stepper_y,,20,,0,0.0,0.0,0.0,0.0,V
126.531,stepper_y1,,20,,0,0.0,0.0,0.0,0.0,V
126.551,stepper_x,,20,,0,0.0,0.0,0.0,0.0,V
126.551,stepper_y,,20,,0,0.0,0.0,0.0,0.0,V
126.551,stepper_y1,,20,,0,0.0,0.0,0.0,0.0,V
126.572,stepper_x,,20,,0,0.0,0.0,0.0,0.0,V
126.572,stepper_y,,20,,0,0.0,0.0,0.0,0.0,V
126.572,stepper_y1,,20,,0,0.0,0.0,0.0,0.0,V
126.592,stepper_x,,20,,0,0.0,0.0,0.0,0.0,V
126.592,stepper_y,,20,,0,0.0,0.0,0.0,0.0,V
126.592,stepper_y1,,20,,0,0.0,0.0,0.0,0.0,V
126.612,stepper_x,,20,,0,0.0,0.0,0.0,0.0,V
126.612,stepper_y,,20,,0,0.0,0.0,0.0,0.0,V
126.612,stepper_y1,,20,,0,0.0,0.0,0.0,0.0,V
126.632,stepper_x,,20,,0,0.0,0.0,0.0,0.0,V
126.632,stepper_y,,20,,0,0.0,0.0,0.0,0.0,V
126.632,stepper_y1,,20,,0,0.0,0.0,0.0,0.0,V
126.652,stepper_x,,20,,0,0.0,0.0,0.0,0.0,V
126.652,stepper_y,,20,,0,0.0,0.0,0.0,0.0,V
126.652,stepper_y1,,20,,0,0.0,0.0,0.0,0.0,V
126.673,stepper_x,,20,,0,0.0,0.0,0.0,0.0,V
126.673,stepper_y,,20,,0,0.0,0.0,0.0,0.0,V
126.673,stepper_y1,,20,,0,0.0,0.0,0.0,0.0,V
126.693,stepper_x,,20,,0,0.0,0.0,0.0,0.0,V
126.693,stepper_y,,20,,0,0.0,0.0,0.0,0.0,V
126.693,stepper_y1,,20,,0,0.0,0.0,0.0,0.0,V
126.713,stepper_x,,20,,0,0.0,0.0,0.0,0.0,V
126.713,stepper_y,,20,,0,0.0,0.0,0.0,0.0,V
126.713,stepper_y1,,20,,0,0.0,0.0,0.0,0.0,V
126.733,stepper_x,,20,,0,0.0,0.0,0.0,0.0,V
126.733,stepper_y,,20,,0,0.0,0.0,0.0,0.0,V
126.733,stepper_y1,,20,,0,0.0,0.0,0.0,0.0,V
126.753,stepper_x,,20,,0,0.0,0.0,0.0,0.0,V
126.753,stepper_y,,20,,0,0.0,0.0,0.0,0.0,V
126.753,stepper_y1,,20,,0,0.0,0.0,0.0,0.0,V
126.773,stepper_x,,20,,0,0.0,0.0,0.0,0.0,V
126.773,stepper_y,,20,,0,0.0,0.0,0.0,0.0,V
126.773,stepper_y1,,20,,0,0.0,0.0,0.0,0.0,V
126.794,stepper_x,,20,,0,0.0,0.0,0.0,0.0,V
126.794,stepper_y,,20,,0,0.0,0.0,0.0,0.0,V
126.794,stepper_y1,,20,,0,0.0,0.0,0.0,0.0,V
126.814,stepper_x,,20,,0,0.0,0.0,0.0,0.0,V
126.814,stepper_y,,20,,0,0.0,0.0,0.0,0.0,V
126.814,stepper_y1,,20,,0,0.0,0.0,0.0,0.0,V
126.834,stepper_x,,20,,0,0.0,0.0,0.0,0.0,V
126.834,stepper_y,,20,,0,0.0,0.0,0.0,0.0,V
126.834,stepper_y1,,20,,0,0.0,0.0,0.0,0.0,V
126.854,stepper_x,,20,,0,0.0,0.0,0.0,0.0,V
126.854,stepper_y,,20,,0,0.0,0.0,0.0,0.0,V
126.854,stepper_y1,,20,,0,0.0,0.0,0.0,0.0,V
126.875,stepper_x,,20,,0,0.0,0.0,0.0,0.0,V
126.875,stepper_y,,20,,0,0.0,0.0,0.0,0.0,V
126.875,stepper_y1,,20,,0,0.0,0.0,0.0,0.0,V
126.896,stepper_x,,20,,0,0.0,0.0,0.0,0.0,V
126.896,stepper_y,,20,,0,0.0,0.0,0.0,0.0,V
126.896,stepper_y1,,20,,0,0.0,0.0,0.0,0.0,V
126.916,stepper_x,,20,,0,0.0,0.0,0.0,0.0,V
126.916,stepper_y,,20,,0,0.0,0.0,0.0,0.0,V
126.916,stepper_y1,,20,,0,0.0,0.0,0.0,0.0,V
126.936,stepper_x,,20,,0,0.0,0.0,0.0,0.0,V
126.936,stepper_y,,20,,0,0.0,0.0,0.0,0.0,V
126.936,stepper_y1,,20,,0,0.0,0.0,0.0,0.0,V
126.956,stepper_x,,20,,0,0.0,0.0,0.0,0.0,V
126.956,stepper_y,,20,,0,0.0,0.0,0.0,0.0,V
126.956,stepper_y1,,20,,0,0.0,0.0,0.0,0.0,V
126.977,stepper_x,,20,,0,0.0,0.0,0.0,0.0,V
126.977,stepper_y,,20,,0,0.0,0.0,0.0,0.0,V
126.977,stepper_y1,,20,,0,0.0,0.0,0.0,0.0,V
126.997,stepper_x,,20,,0,0.0,0.0,0.0,0.0,V
126.997,stepper_y,,20,,0,0.0,0.0,0.0,0.0,V
126.997,stepper_y1,,20,,0,0.0,0.0,0.0,0.0,V
127.017,stepper_x,,20,,0,0.0,0.0,0.0,0.0,V
127.017,stepper_y,,20,,0,0.0,0.0,0.0,0.0,V
127.017,stepper_y1,,20,,0,0.0,0.0,0.0,0.0,V
127.038,stepper_x,,20,,0,0.0,0.0,0.0,0.0,V
127.038,stepper_y,,20,,0,0.0,0.0,0.0,0.0,V
127.038,stepper_y1,,20,,0,0.0,0.0,0.0,0.0,V
127.058,stepper_x,,20,,0,0.0,0.0,0.0,0.0,V
127.058,stepper_y,,20,,0,0.0,0.0,0.0,0.0,V
127.058,stepper_y1,,20,,0,0.0,0.0,0.0,0.0,V
127.079,stepper_x,,20,,0,0.0,0.0,0.0,0.0,V
127.079,stepper_y,,20,,0,0.0,0.0,0.0,0.0,V
127.079,stepper_y1,,20,,0,0.0,0.0,0.0,0.0,V
127.099,stepper_x,,20,,0,0.0,0.0,0.0,0.0,V
127.099,stepper_y,,20,,0,0.0,0.0,0.0,0.0,V
127.099,stepper_y1,,20,,0,0.0,0.0,0.0,0.0,V
127.12,stepper_x,,20,,0,0.0,0.0,0.0,0.0,V
127.12,stepper_y,,20,,0,0.0,0.0,0.0,0.0,V
127.12,stepper_y1,,20,,0,0.0,0.0,0.0,0.0,V
127.14,stepper_x,,20,,0,0.0,0.0,0.0,0.0,V
127.14,stepper_y,,20,,0,0.0,0.0,0.0,0.0,V
127.14,stepper_y1,,20,,0,0.0,0.0,0.0,0.0,V
127.161,stepper_x,,20,,0,0.0,0.0,0.0,0.0,V
127.161,stepper_y,,20,,0,0.0,0.0,0.0,0.0,V
127.161,stepper_y1,,20,,0,0.0,0.0,0.0,0.0,V
127.181,stepper_x,,20,,0,0.0,0.0,0.0,0.0,V
127.181,stepper_y,,20,,0,0.0,0.0,0.0,0.0,V
127.181,stepper_y1,,20,,0,0.0,0.0,0.0,0.0,V
127.201,stepper_x,,20,,0,0.0,0.0,0.0,0.0,V
127.201,stepper_y,,20,,0,0.0,0.0,0.0,0.0,V
127.201,stepper_y1,,20,,0,0.0,0.0,0.0,0.0,V
127.221,stepper_x,,20,,0,0.0,0.0,0.0,0.0,V
127.221,stepper_y,,20,,0,0.0,0.0,0.0,0.0,V
127.221,stepper_y1,,20,,0,0.0,0.0,0.0,0.0,V
127.241,stepper_x,,20,,0,0.0,0.0,0.0,0.0,V
127.241,stepper_y,,20,,0,0.0,0.0,0.0,0.0,V
127.241,stepper_y1,,20,,0,0.0,0.0,0.0,0.0,V
127.261,stepper_x,,20,,0,0.0,0.0,0.0,0.0,V
127.261,stepper_y,,20,,0,0.0,0.0,0.0,0.0,V
127.261,stepper_y1,,20,,0,0.0,0.0,0.0,0.0,V
127.282,stepper_x,,20,,0,0.0,0.0,0.0,0.0,V
127.282,stepper_y,,20,,0,0.0,0.0,0.0,0.0,V
127.282,stepper_y1,,20,,0,0.0,0.0,0.0,0.0,V
127.302,stepper_x,,20,,0,0.0,0.0,0.0,0.0,V
127.302,stepper_y,,20,,0,0.0,0.0,0.0,0.0,V
127.302,stepper_y1,,20,,0,0.0,0.0,0.0,0.0,V
127.322,stepper_x,,20,,0,0.0,0.0,0.0,0.0,V
127.322,stepper_y,,20,,0,0.0,0.0,0.0,0.0,V
127.322,stepper_y1,,20,,0,0.0,0.0,0.0,0.0,V
127.342,stepper_x,,20,,0,0.0,0.0,0.0,0.0,V
127.342,stepper_y,,20,,0,0.0,0.0,0.0,0.0,V
127.342,stepper_y1,,20,,0,0.0,0.0,0.0,0.0,V
127.363,stepper_x,,20,,0,0.0,0.0,0.0,0.0,V
127.363,stepper_y,,20,,0,0.0,0.0,0.0,0.0,V
127.363,stepper_y1,,20,,0,0.0,0.0,0.0,0.0,V
127.384,stepper_x,,20,,0,0.0,0.0,0.0,0.0,V
127.384,stepper_y,,20,,0,0.0,0.0,0.0,0.0,V
127.384,stepper_y1,,20,,0,0.0,0.0,0.0,0.0,V
127.404,stepper_x,,20,,0,0.0,0.0,0.0,0.0,V
127.404,stepper_y,,20,,0,0.0,0.0,0.0,0.0,V
127.404,stepper_y1,,20,,0,0.0,0.0,0.0,0.0,V
127.424,stepper_x,,20,,0,0.0,0.0,0.0,0.0,V
127.424,stepper_y,,20,,0,0.0,0.0,0.0,0.0,V
127.424,stepper_y1,,20,,0,0.0,0.0,0.0,0.0,V
127.444,stepper_x,,20,,0,0.0,0.0,0.0,0.0,V
127.444,stepper_y,,20,,0,0.0,0.0,0.0,0.0,V
127.444,stepper_y1,,20,,0,0.0,0.0,0.0,0.0,V
127.465,stepper_x,,20,,0,0.0,0.0,0.0,0.0,V
127.465,stepper_y,,20,,0,0.0,0.0,0.0,0.0,V
127.465,stepper_y1,,20,,0,0.0,0.0,0.0,0.0,V
127.485,stepper_x,,20,,0,0.0,0.0,0.0,0.0,V
127.485,stepper_y,,20,,0,0.0,0.0,0.0,0.0,V
127.485,stepper_y1,,20,,0,0.0,0.0,0.0,0.0,V
127.505,stepper_x,,20,,0,0.0,0.0,0.0,0.0,V
127.505,stepper_y,,20,,0,0.0,0.0,0.0,0.0,V
127.505,stepper_y1,,20,,0,0.0,0.0,0.0,0.0,V
127.525,stepper_x,,20,,0,0.0,0.0,0.0,0.0,V
127.525,stepper_y,,20,,0,0.0,0.0,0.0,0.0,V
127.525,stepper_y1,,20,,0,0.0,0.0,0.0,0.0,V
127.546,stepper_x,,20,,0,0.0,0.0,0.0,0.0,V
127.546,stepper_y,,20,,0,0.0,0.0,0.0,0.0,V
127.546,stepper_y1,,20,,0,0.0,0.0,0.0,0.0,V
127.566,stepper_x,,20,,0,0.0,0.0,0.0,0.0,V
127.566,stepper_y,,20,,0,0.0,0.0,0.0,0.0,V
127.566,stepper_y1,,20,,0,0.0,0.0,0.0,0.0,V
127.586,stepper_x,,20,,0,0.0,0.0,0.0,0.0,V
127.586,stepper_y,,20,,0,0.0,0.0,0.0,0.0,V
127.586,stepper_y1,,20,,0,0.0,0.0,0.0,0.0,V
127.606,stepper_x,,20,,0,0.0,0.0,0.0,0.0,V
127.606,stepper_y,,20,,0,0.0,0.0,0.0,0.0,V
127.606,stepper_y1,,20,,0,0.0,0.0,0.0,0.0,V
127.627,stepper_x,,20,,0,0.0,0.0,0.0,0.0,V
127.627,stepper_y,,20,,0,0.0,0.0,0.0,0.0,V
127.627,stepper_y1,,20,,0,0.0,0.0,0.0,0.0,V
127.647,stepper_x,,20,,0,0.0,0.0,0.0,0.0,V
127.647,stepper_y,,20,,0,0.0,0.0,0.0,0.0,V
127.647,stepper_y1,,20,,0,0.0,0.0,0.0,0.0,V
127.667,stepper_x,,20,,0,0.0,0.0,0.0,0.0,V
127.667,stepper_y,,20,,0,0.0,0.0,0.0,0.0,V
127.667,stepper_y1,,20,,0,0.0,0.0,0.0,0.0,V
127.687,stepper_x,,20,,0,0.0,0.0,0.0,0.0,V
127.687,stepper_y,,20,,0,0.0,0.0,0.0,0.0,V
127.687,stepper_y1,,20,,0,0.0,0.0,0.0,0.0,V
127.707,stepper_x,,20,,0,0.0,0.0,0.0,0.0,V
127.707,stepper_y,,20,,0,0.0,0.0,0.0,0.0,V
127.707,stepper_y1,,20,,0,0.0,0.0,0.0,0.0,V
127.727,stepper_x,,20,,0,0.0,0.0,0.0,0.0,V
127.727,stepper_y,,20,,0,0.0,0.0,0.0,0.0,V
127.727,stepper_y1,,20,,0,0.0,0.0,0.0,0.0,V
127.748,stepper_x,,20,,0,0.0,0.0,0.0,0.0,V
127.748,stepper_y,,20,,0,0.0,0.0,0.0,0.0,V
127.748,stepper_y1,,20,,0,0.0,0.0,0.0,0.0,V
127.768,stepper_x,,20,,0,0.0,0.0,0.0,0.0,V
127.768,stepper_y,,20,,0,0.0,0.0,0.0,0.0,V
127.768,stepper_y1,,20,,0,0.0,0.0,0.0,0.0,V
127.788,stepper_x,,20,,0,0.0,0.0,0.0,0.0,V
127.788,stepper_y,,20,,0,0.0,0.0,0.0,0.0,V
127.788,stepper_y1,,20,,0,0.0,0.0,0.0,0.0,V
127.808,stepper_x,,20,,0,0.0,0.0,0.0,0.0,V
127.808,stepper_y,,20,,0,0.0,0.0,0.0,0.0,V
127.808,stepper_y1,,20,,0,0.0,0.0,0.0,0.0,V
127.829,stepper_x,,20,,0,0.0,0.0,0.0,0.0,V
127.829,stepper_y,,20,,0,0.0,0.0,0.0,0.0,V
127.829,stepper_y1,,20,,0,0.0,0.0,0.0,0.0,V
127.849,stepper_x,,20,,0,0.0,0.0,0.0,0.0,V
127.849,stepper_y,,20,,0,0.0,0.0,0.0,0.0,V
127.849,stepper_y1,,20,,0,0.0,0.0,0.0,0.0,V
127.87,stepper_x,,20,,0,0.0,0.0,0.0,0.0,V
127.87,stepper_y,,20,,0,0.0,0.0,0.0,0.0,V
127.87,stepper_y1,,20,,0,0.0,0.0,0.0,0.0,V
127.89,stepper_x,,20,,0,0.0,0.0,0.0,0.0,V
127.89,stepper_y,,20,,0,0.0,0.0,0.0,0.0,V
127.89,stepper_y1,,20,,0,0.0,0.0,0.0,0.0,V
127.91,stepper_x,,20,,0,0.0,0.0,0.0,0.0,V
127.91,stepper_y,,20,,0,0.0,0.0,0.0,0.0,V
127.91,stepper_y1,,20,,0,0.0,0.0,0.0,0.0,V
127.931,stepper_x,,20,,0,0.0,0.0,0.0,0.0,V
127.931,stepper_y,,20,,0,0.0,0.0,0.0,0.0,V
127.931,stepper_y1,,20,,0,0.0,0.0,0.0,0.0,V
127.951,stepper_x,,20,,0,0.0,0.0,0.0,0.0,V
127.951,stepper_y,,20,,0,0.0,0.0,0.0,0.0,V
127.951,stepper_y1,,20,,0,0.0,0.0,0.0,0.0,V
127.971,stepper_x,,20,,0,0.0,0.0,0.0,0.0,V
127.971,stepper_y,,20,,0,0.0,0.0,0.0,0.0,V
127.971,stepper_y1,,20,,0,0.0,0.0,0.0,0.0,V
127.991,stepper_x,,20,,0,0.0,0.0,0.0,0.0,V
127.991,stepper_y,,20,,0,0.0,0.0,0.0,0.0,V
127.991,stepper_y1,,20,,0,0.0,0.0,0.0,0.0,V
128.011,stepper_x,,20,,0,0.0,0.0,0.0,0.0,V
128.011,stepper_y,,20,,0,0.0,0.0,0.0,0.0,V
128.011,stepper_y1,,20,,0,0.0,0.0,0.0,0.0,V
128.032,stepper_x,,20,,0,0.0,0.0,0.0,0.0,V
128.032,stepper_y,,20,,0,0.0,0.0,0.0,0.0,V
128.032,stepper_y1,,20,,0,0.0,0.0,0.0,0.0,V
128.052,stepper_x,,20,,0,0.0,0.0,0.0,0.0,V
128.052,stepper_y,,20,,0,0.0,0.0,0.0,0.0,V
128.052,stepper_y1,,20,,0,0.0,0.0,0.0,0.0,V
128.072,stepper_x,,20,,0,0.0,0.0,0.0,0.0,V
128.072,stepper_y,,20,,0,0.0,0.0,0.0,0.0,V
128.072,stepper_y1,,20,,0,0.0,0.0,0.0,0.0,V
128.092,stepper_x,,20,,0,0.0,0.0,0.0,0.0,V
128.092,stepper_y,,20,,0,0.0,0.0,0.0,0.0,V
128.092,stepper_y1,,20,,0,0.0,0.0,0.0,0.0,V
128.112,stepper_x,,20,,0,0.0,0.0,0.0,0.0,V
128.112,stepper_y,,20,,0,0.0,0.0,0.0,0.0,V
128.112,stepper_y1,,20,,0,0.0,0.0,0.0,0.0,V
128.133,stepper_x,,20,,0,0.0,0.0,0.0,0.0,V
128.133,stepper_y,,20,,0,0.0,0.0,0.0,0.0,V
128.133,stepper_y1,,20,,0,0.0,0.0,0.0,0.0,V
128.153,stepper_x,,20,,0,0.0,0.0,0.0,0.0,V
128.153,stepper_y,,20,,0,0.0,0.0,0.0,0.0,V
128.153,stepper_y1,,20,,0,0.0,0.0,0.0,0.0,V
128.173,stepper_x,,20,,0,0.0,0.0,0.0,0.0,V
128.173,stepper_y,,20,,0,0.0,0.0,0.0,0.0,V
128.173,stepper_y1,,20,,0,0.0,0.0,0.0,0.0,V
128.193,stepper_x,,20,,0,0.0,0.0,0.0,0.0,V
128.193,stepper_y,,20,,0,0.0,0.0,0.0,0.0,V
128.193,stepper_y1,,20,,0,0.0,0.0,0.0,0.0,V
128.213,stepper_x,,20,,0,0.0,0.0,0.0,0.0,V
128.213,stepper_y,,20,,0,0.0,0.0,0.0,0.0,V
128.213,stepper_y1,,20,,0,0.0,0.0,0.0,0.0,V
128.234,stepper_x,,20,,0,0.0,0.0,0.0,0.0,V
128.234,stepper_y,,20,,0,0.0,0.0,0.0,0.0,V
128.234,stepper_y1,,20,,0,0.0,0.0,0.0,0.0,V
128.254,stepper_x,,20,,0,0.0,0.0,0.0,0.0,V
128.254,stepper_y,,20,,0,0.0,0.0,0.0,0.0,V
128.254,stepper_y1,,20,,0,0.0,0.0,0.0,0.0,V
128.274,stepper_x,,20,,0,0.0,0.0,0.0,0.0,V
128.274,stepper_y,,20,,0,0.0,0.0,0.0,0.0,V
128.274,stepper_y1,,20,,0,0.0,0.0,0.0,0.0,V
128.294,stepper_x,,20,,0,0.0,0.0,0.0,0.0,V
128.294,stepper_y,,20,,0,0.0,0.0,0.0,0.0,V
128.294,stepper_y1,,20,,0,0.0,0.0,0.0,0.0,V
128.314,stepper_x,,20,,0,0.0,0.0,0.0,0.0,V
128.314,stepper_y,,20,,0,0.0,0.0,0.0,0.0,V
128.314,stepper_y1,,20,,0,0.0,0.0,0.0,0.0,V
128.335,stepper_x,,20,,0,0.0,0.0,0.0,0.0,V
128.335,stepper_y,,20,,0,0.0,0.0,0.0,0.0,V
128.335,stepper_y1,,20,,0,0.0,0.0,0.0,0.0,V
128.355,stepper_x,,20,,0,0.0,0.0,0.0,0.0,V
128.355,stepper_y,,20,,0,0.0,0.0,0.0,0.0,V
128.355,stepper_y1,,20,,0,0.0,0.0,0.0,0.0,V
128.376,stepper_x,,20,,0,0.0,0.0,0.0,0.0,V
128.376,stepper_y,,20,,0,0.0,0.0,0.0,0.0,V
128.376,stepper_y1,,20,,0,0.0,0.0,0.0,0.0,V
128.396,stepper_x,,20,,0,0.0,0.0,0.0,0.0,V
128.396,stepper_y,,20,,0,0.0,0.0,0.0,0.0,V
128.396,stepper_y1,,20,,0,0.0,0.0,0.0,0.0,V
128.416,stepper_x,,20,,0,0.0,0.0,0.0,0.0,V
128.416,stepper_y,,20,,0,0.0,0.0,0.0,0.0,V
128.416,stepper_y1,,20,,0,0.0,0.0,0.0,0.0,V
128.437,stepper_x,,20,,0,0.0,0.0,0.0,0.0,V
128.437,stepper_y,,20,,0,0.0,0.0,0.0,0.0,V
128.437,stepper_y1,,20,,0,0.0,0.0,0.0,0.0,V
128.457,stepper_x,,20,,0,0.0,0.0,0.0,0.0,V
128.457,stepper_y,,20,,0,0.0,0.0,0.0,0.0,V
128.457,stepper_y1,,20,,0,0.0,0.0,0.0,0.0,V
128.477,stepper_x,,20,,0,0.0,0.0,0.0,0.0,V
128.477,stepper_y,,20,,0,0.0,0.0,0.0,0.0,V
128.477,stepper_y1,,20,,0,0.0,0.0,0.0,0.0,V
128.497,stepper_x,,20,,0,0.0,0.0,0.0,0.0,V
128.497,stepper_y,,20,,0,0.0,0.0,0.0,0.0,V
128.497,stepper_y1,,20,,0,0.0,0.0,0.0,0.0,V
128.517,stepper_x,,20,,0,0.0,0.0,0.0,0.0,V
128.517,stepper_y,,20,,0,0.0,0.0,0.0,0.0,V
128.517,stepper_y1,,20,,0,0.0,0.0,0.0,0.0,V
128.538,stepper_x,,20,,0,0.0,0.0,0.0,0.0,V
128.538,stepper_y,,20,,0,0.0,0.0,0.0,0.0,V
128.538,stepper_y1,,20,,0,0.0,0.0,0.0,0.0,V
128.558,stepper_x,,20,,0,0.0,0.0,0.0,0.0,V
128.558,stepper_y,,20,,0,0.0,0.0,0.0,0.0,V
128.558,stepper_y1,,20,,0,0.0,0.0,0.0,0.0,V
128.578,stepper_x,,20,,0,0.0,0.0,0.0,0.0,V
128.578,stepper_y,,20,,0,0.0,0.0,0.0,0.0,V
128.578,stepper_y1,,20,,0,0.0,0.0,0.0,0.0,V
128.598,stepper_x,,20,,0,0.0,0.0,0.0,0.0,V
128.598,stepper_y,,20,,0,0.0,0.0,0.0,0.0,V
128.598,stepper_y1,,20,,0,0.0,0.0,0.0,0.0,V
128.618,stepper_x,,20,,0,0.0,0.0,0.0,0.0,V
128.618,stepper_y,,20,,0,0.0,0.0,0.0,0.0,V
128.618,stepper_y1,,20,,0,0.0,0.0,0.0,0.0,V
128.639,stepper_x,,20,,0,0.0,0.0,0.0,0.0,V
128.639,stepper_y,,20,,0,0.0,0.0,0.0,0.0,V
128.639,stepper_y1,,20,,0,0.0,0.0,0.0,0.0,V
128.659,stepper_x,,20,,0,0.0,0.0,0.0,0.0,V
128.659,stepper_y,,20,,0,0.0,0.0,0.0,0.0,V
128.659,stepper_y1,,20,,0,0.0,0.0,0.0,0.0,V
128.679,stepper_x,,20,,0,0.0,0.0,0.0,0.0,V
128.679,stepper_y,,20,,0,0.0,0.0,0.0,0.0,V
128.679,stepper_y1,,20,,0,0.0,0.0,0.0,0.0,V
128.699,stepper_x,,20,,0,0.0,0.0,0.0,0.0,V
128.699,stepper_y,,20,,0,0.0,0.0,0.0,0.0,V
128.699,stepper_y1,,20,,0,0.0,0.0,0.0,0.0,V
128.719,stepper_x,,20,,0,0.0,0.0,0.0,0.0,V
128.719,stepper_y,,20,,0,0.0,0.0,0.0,0.0,V
128.719,stepper_y1,,20,,0,0.0,0.0,0.0,0.0,V
128.74,stepper_x,,20,,0,0.0,0.0,0.0,0.0,V
128.74,stepper_y,,20,,0,0.0,0.0,0.0,0.0,V
128.74,stepper_y1,,20,,0,0.0,0.0,0.0,0.0,V
128.76,stepper_x,,20,,0,0.0,0.0,0.0,0.0,V
128.76,stepper_y,,20,,0,0.0,0.0,0.0,0.0,V
128.76,stepper_y1,,20,,0,0.0,0.0,0.0,0.0,V
128.78,stepper_x,,20,,0,0.0,0.0,0.0,0.0,V
128.78,stepper_y,,20,,0,0.0,0.0,0.0,0.0,V
128.78,stepper_y1,,20,,0,0.0,0.0,0.0,0.0,V
128.8,stepper_x,,20,,0,0.0,0.0,0.0,0.0,V
128.8,stepper_y,,20,,0,0.0,0.0,0.0,0.0,V
128.8,stepper_y1,,20,,0,0.0,0.0,0.0,0.0,V
128.821,stepper_x,,20,,0,0.0,0.0,0.0,0.0,V
128.821,stepper_y,,20,,0,0.0,0.0,0.0,0.0,V
128.821,stepper_y1,,20,,0,0.0,0.0,0.0,0.0,V
128.841,stepper_x,,20,,0,0.0,0.0,0.0,0.0,V
128.841,stepper_y,,20,,0,0.0,0.0,0.0,0.0,V
128.841,stepper_y1,,20,,0,0.0,0.0,0.0,0.0,V
128.861,stepper_x,,20,,0,0.0,0.0,0.0,0.0,V
128.861,stepper_y,,20,,0,0.0,0.0,0.0,0.0,V
128.861,stepper_y1,,20,,0,0.0,0.0,0.0,0.0,V
128.882,stepper_x,,20,,0,0.0,0.0,0.0,0.0,V
128.882,stepper_y,,20,,0,0.0,0.0,0.0,0.0,V
128.882,stepper_y1,,20,,0,0.0,0.0,0.0,0.0,V
128.902,stepper_x,,20,,0,0.0,0.0,0.0,0.0,V
128.902,stepper_y,,20,,0,0.0,0.0,0.0,0.0,V
128.902,stepper_y1,,20,,0,0.0,0.0,0.0,0.0,V
128.922,stepper_x,,20,,0,0.0,0.0,0.0,0.0,V
128.922,stepper_y,,20,,0,0.0,0.0,0.0,0.0,V
128.922,stepper_y1,,20,,0,0.0,0.0,0.0,0.0,V
128.943,stepper_x,,20,,0,0.0,0.0,0.0,0.0,V
128.943,stepper_y,,20,,0,0.0,0.0,0.0,0.0,V
128.943,stepper_y1,,20,,0,0.0,0.0,0.0,0.0,V
128.963,stepper_x,,20,,0,0.0,0.0,0.0,0.0,V
128.963,stepper_y,,20,,0,0.0,0.0,0.0,0.0,V
128.963,stepper_y1,,20,,0,0.0,0.0,0.0,0.0,V
128.983,stepper_x,,20,,0,0.0,0.0,0.0,0.0,V
128.983,stepper_y,,20,,0,0.0,0.0,0.0,0.0,V
128.983,stepper_y1,,20,,0,0.0,0.0,0.0,0.0,V
129.003,stepper_x,,20,,0,0.0,0.0,0.0,0.0,V
129.003,stepper_y,,20,,0,0.0,0.0,0.0,0.0,V
129.003,stepper_y1,,20,,0,0.0,0.0,0.0,0.0,V
129.024,stepper_x,,20,,0,0.0,0.0,0.0,0.0,V
129.024,stepper_y,,20,,0,0.0,0.0,0.0,0.0,V
129.024,stepper_y1,,20,,0,0.0,0.0,0.0,0.0,V
129.045,stepper_x,,20,,0,0.0,0.0,0.0,0.0,V
129.045,stepper_y,,20,,0,0.0,0.0,0.0,0.0,V
129.045,stepper_y1,,20,,0,0.0,0.0,0.0,0.0,V
129.065,stepper_x,,20,,0,0.0,0.0,0.0,0.0,V
129.065,stepper_y,,20,,0,0.0,0.0,0.0,0.0,V
129.065,stepper_y1,,20,,0,0.0,0.0,0.0,0.0,V
129.085,stepper_x,,20,,0,0.0,0.0,0.0,0.0,V
129.085,stepper_y,,20,,0,0.0,0.0,0.0,0.0,V
129.085,stepper_y1,,20,,0,0.0,0.0,0.0,0.0,V
129.105,stepper_x,,20,,0,0.0,0.0,0.0,0.0,V
129.105,stepper_y,,20,,0,0.0,0.0,0.0,0.0,V
129.105,stepper_y1,,20,,0,0.0,0.0,0.0,0.0,V
129.126,stepper_x,,20,,0,0.0,0.0,0.0,0.0,V
129.126,stepper_y,,20,,0,0.0,0.0,0.0,0.0,V
129.126,stepper_y1,,20,,0,0.0,0.0,0.0,0.0,V
129.146,stepper_x,,20,,0,0.0,0.0,0.0,0.0,V
129.146,stepper_y,,20,,0,0.0,0.0,0.0,0.0,V
129.146,stepper_y1,,20,,0,0.0,0.0,0.0,0.0,V
129.166,stepper_x,,20,,0,0.0,0.0,0.0,0.0,V
129.166,stepper_y,,20,,0,0.0,0.0,0.0,0.0,V
129.166,stepper_y1,,20,,0,0.0,0.0,0.0,0.0,V
129.186,stepper_x,,20,,0,0.0,0.0,0.0,0.0,V
129.186,stepper_y,,20,,0,0.0,0.0,0.0,0.0,V
129.186,stepper_y1,,20,,0,0.0,0.0,0.0,0.0,V
129.206,stepper_x,,20,,0,0.0,0.0,0.0,0.0,V
129.206,stepper_y,,20,,0,0.0,0.0,0.0,0.0,V
129.206,stepper_y1,,20,,0,0.0,0.0,0.0,0.0,V
129.227,stepper_x,,20,,0,0.0,0.0,0.0,0.0,V
129.227,stepper_y,,20,,0,0.0,0.0,0.0,0.0,V
129.227,stepper_y1,,20,,0,0.0,0.0,0.0,0.0,V
129.247,stepper_x,,20,,0,0.0,0.0,0.0,0.0,V
129.247,stepper_y,,20,,0,0.0,0.0,0.0,0.0,V
129.247,stepper_y1,,20,,0,0.0,0.0,0.0,0.0,V
129.267,stepper_x,,20,,0,0.0,0.0,0.0,0.0,V
129.267,stepper_y,,20,,0,0.0,0.0,0.0,0.0,V
129.267,stepper_y1,,20,,0,0.0,0.0,0.0,0.0,V
129.287,stepper_x,,20,,0,0.0,0.0,0.0,0.0,V
129.287,stepper_y,,20,,0,0.0,0.0,0.0,0.0,V
129.287,stepper_y1,,20,,0,0.0,0.0,0.0,0.0,V
129.307,stepper_x,,20,,0,0.0,0.0,0.0,0.0,V
129.307,stepper_y,,20,,0,0.0,0.0,0.0,0.0,V
129.307,stepper_y1,,20,,0,0.0,0.0,0.0,0.0,V
129.328,stepper_x,,20,,0,0.0,0.0,0.0,0.0,V
129.328,stepper_y,,20,,0,0.0,0.0,0.0,0.0,V
129.328,stepper_y1,,20,,0,0.0,0.0,0.0,0.0,V
129.348,stepper_x,,20,,0,0.0,0.0,0.0,0.0,V
129.348,stepper_y,,20,,0,0.0,0.0,0.0,0.0,V
129.348,stepper_y1,,20,,0,0.0,0.0,0.0,0.0,V
129.368,stepper_x,,20,,0,0.0,0.0,0.0,0.0,V
129.368,stepper_y,,20,,0,0.0,0.0,0.0,0.0,V
129.368,stepper_y1,,20,,0,0.0,0.0,0.0,0.0,V
129.389,stepper_x,,20,,0,0.0,0.0,0.0,0.0,V
129.389,stepper_y,,20,,0,0.0,0.0,0.0,0.0,V
129.389,stepper_y1,,20,,0,0.0,0.0,0.0,0.0,V
129.409,stepper_x,,20,,0,0.0,0.0,0.0,0.0,V
129.409,stepper_y,,20,,0,0.0,0.0,0.0,0.0,V
129.409,stepper_y1,,20,,0,0.0,0.0,0.0,0.0,V
129.43,stepper_x,,20,,0,0.0,0.0,0.0,0.0,V
129.43,stepper_y,,20,,0,0.0,0.0,0.0,0.0,V
129.43,stepper_y1,,20,,0,0.0,0.0,0.0,0.0,V
129.45,stepper_x,,20,,0,0.0,0.0,0.0,0.0,V
129.45,stepper_y,,20,,0,0.0,0.0,0.0,0.0,V
129.45,stepper_y1,,20,,0,0.0,0.0,0.0,0.0,V
129.47,stepper_x,,20,,0,0.0,0.0,0.0,0.0,V
129.47,stepper_y,,20,,0,0.0,0.0,0.0,0.0,V
129.47,stepper_y1,,20,,0,0.0,0.0,0.0,0.0,V
129.49,stepper_x,,20,,0,0.0,0.0,0.0,0.0,V
129.49,stepper_y,,20,,0,0.0,0.0,0.0,0.0,V
129.49,stepper_y1,,20,,0,0.0,0.0,0.0,0.0,V
129.51,stepper_x,,20,,0,0.0,0.0,0.0,0.0,V
129.51,stepper_y,,20,,0,0.0,0.0,0.0,0.0,V
129.51,stepper_y1,,20,,0,0.0,0.0,0.0,0.0,V
129.531,stepper_x,,20,,0,0.0,0.0,0.0,0.0,V
129.531,stepper_y,,20,,0,0.0,0.0,0.0,0.0,V
129.531,stepper_y1,,20,,0,0.0,0.0,0.0,0.0,V
129.551,stepper_x,,20,,0,0.0,0.0,0.0,0.0,V
129.551,stepper_y,,20,,0,0.0,0.0,0.0,0.0,V
129.551,stepper_y1,,20,,0,0.0,0.0,0.0,0.0,V
129.571,stepper_x,,20,,0,0.0,0.0,0.0,0.0,V
129.571,stepper_y,,20,,0,0.0,0.0,0.0,0.0,V
129.571,stepper_y1,,20,,0,0.0,0.0,0.0,0.0,V
129.591,stepper_x,,20,,0,0.0,0.0,0.0,0.0,V
129.591,stepper_y,,20,,0,0.0,0.0,0.0,0.0,V
129.591,stepper_y1,,20,,0,0.0,0.0,0.0,0.0,V
129.612,stepper_x,,20,,0,0.0,0.0,0.0,0.0,V
129.612,stepper_y,,20,,0,0.0,0.0,0.0,0.0,V
129.612,stepper_y1,,20,,0,0.0,0.0,0.0,0.0,V
129.632,stepper_x,,20,,0,0.0,0.0,0.0,0.0,V
129.632,stepper_y,,20,,0,0.0,0.0,0.0,0.0,V
129.632,stepper_y1,,20,,0,0.0,0.0,0.0,0.0,V
129.652,stepper_x,,20,,0,0.0,0.0,0.0,0.0,V
129.652,stepper_y,,20,,0,0.0,0.0,0.0,0.0,V
129.652,stepper_y1,,20,,0,0.0,0.0,0.0,0.0,V
129.673,stepper_x,,20,,0,0.0,0.0,0.0,0.0,V
129.673,stepper_y,,20,,0,0.0,0.0,0.0,0.0,V
129.673,stepper_y1,,20,,0,0.0,0.0,0.0,0.0,V
129.693,stepper_x,,20,,0,0.0,0.0,0.0,0.0,V
129.693,stepper_y,,20,,0,0.0,0.0,0.0,0.0,V
129.693,stepper_y1,,20,,0,0.0,0.0,0.0,0.0,V
129.713,stepper_x,,20,,0,0.0,0.0,0.0,0.0,V
129.713,stepper_y,,20,,0,0.0,0.0,0.0,0.0,V
129.713,stepper_y1,,20,,0,0.0,0.0,0.0,0.0,V
129.734,stepper_x,,20,,0,0.0,0.0,0.0,0.0,V
129.734,stepper_y,,20,,0,0.0,0.0,0.0,0.0,V
129.734,stepper_y1,,20,,0,0.0,0.0,0.0,0.0,V
129.754,stepper_x,,20,,0,0.0,0.0,0.0,0.0,V
129.754,stepper_y,,20,,0,0.0,0.0,0.0,0.0,V
129.754,stepper_y1,,20,,0,0.0,0.0,0.0,0.0,V
129.774,stepper_x,,20,,0,0.0,0.0,0.0,0.0,V
129.774,stepper_y,,20,,0,0.0,0.0,0.0,0.0,V
129.774,stepper_y1,,20,,0,0.0,0.0,0.0,0.0,V
129.794,stepper_x,,20,,0,0.0,0.0,0.0,0.0,V
129.794,stepper_y,,20,,0,0.0,0.0,0.0,0.0,V
129.794,stepper_y1,,20,,0,0.0,0.0,0.0,0.0,V
129.814,stepper_x,,20,,0,0.0,0.0,0.0,0.0,V
129.814,stepper_y,,20,,0,0.0,0.0,0.0,0.0,V
129.814,stepper_y1,,20,,0,0.0,0.0,0.0,0.0,V
129.835,stepper_x,,20,,0,0.0,0.0,0.0,0.0,V
129.835,stepper_y,,20,,0,0.0,0.0,0.0,0.0,V
129.835,stepper_y1,,20,,0,0.0,0.0,0.0,0.0,V
129.855,stepper_x,,20,,0,0.0,0.0,0.0,0.0,V
129.855,stepper_y,,20,,0,0.0,0.0,0.0,0.0,V
129.855,stepper_y1,,20,,0,0.0,0.0,0.0,0.0,V
129.875,stepper_x,,20,,0,0.0,0.0,0.0,0.0,V
129.875,stepper_y,,20,,0,0.0,0.0,0.0,0.0,V
129.875,stepper_y1,,20,,0,0.0,0.0,0.0,0.0,V
129.896,stepper_x,,20,,0,0.0,0.0,0.0,0.0,V
129.896,stepper_y,,20,,0,0.0,0.0,0.0,0.0,V
129.896,stepper_y1,,20,,0,0.0,0.0,0.0,0.0,V
129.916,stepper_x,,20,,0,0.0,0.0,0.0,0.0,V
129.916,stepper_y,,20,,0,0.0,0.0,0.0,0.0,V
129.916,stepper_y1,,20,,0,0.0,0.0,0.0,0.0,V
129.936,stepper_x,,20,,0,0.0,0.0,0.0,0.0,V
129.936,stepper_y,,20,,0,0.0,0.0,0.0,0.0,V
129.936,stepper_y1,,20,,0,0.0,0.0,0.0,0.0,V
129.956,stepper_x,,20,,0,0.0,0.0,0.0,0.0,V
129.956,stepper_y,,20,,0,0.0,0.0,0.0,0.0,V
129.956,stepper_y1,,20,,0,0.0,0.0,0.0,0.0,V
129.976,stepper_x,,20,,0,0.0,0.0,0.0,0.0,V
129.976,stepper_y,,20,,0,0.0,0.0,0.0,0.0,V
129.976,stepper_y1,,20,,0,0.0,0.0,0.0,0.0,V
129.997,stepper_x,,20,,0,0.0,0.0,0.0,0.0,V
129.997,stepper_y,,20,,0,0.0,0.0,0.0,0.0,V
129.997,stepper_y1,,20,,0,0.0,0.0,0.0,0.0,V
130.017,stepper_x,,20,,0,0.0,0.0,0.0,0.0,V
130.017,stepper_y,,20,,0,0.0,0.0,0.0,0.0,V
130.017,stepper_y1,,20,,0,0.0,0.0,0.0,0.0,V
130.038,stepper_x,,20,,0,0.0,0.0,0.0,0.0,V
130.038,stepper_y,,20,,0,0.0,0.0,0.0,0.0,V
130.038,stepper_y1,,20,,0,0.0,0.0,0.0,0.0,V
130.058,stepper_x,,20,,0,0.0,0.0,0.0,0.0,V
130.058,stepper_y,,20,,0,0.0,0.0,0.0,0.0,V
130.058,stepper_y1,,20,,0,0.0,0.0,0.0,0.0,V
130.078,stepper_x,,20,,0,0.0,0.0,0.0,0.0,V
130.078,stepper_y,,20,,0,0.0,0.0,0.0,0.0,V
130.078,stepper_y1,,20,,0,0.0,0.0,0.0,0.0,V
130.099,stepper_x,,20,,0,0.0,0.0,0.0,0.0,V
130.099,stepper_y,,20,,0,0.0,0.0,0.0,0.0,V
130.099,stepper_y1,,20,,0,0.0,0.0,0.0,0.0,V
130.119,stepper_x,,20,,0,0.0,0.0,0.0,0.0,V
130.119,stepper_y,,20,,0,0.0,0.0,0.0,0.0,V
130.119,stepper_y1,,20,,0,0.0,0.0,0.0,0.0,V
130.139,stepper_x,,20,,0,0.0,0.0,0.0,0.0,V
130.139,stepper_y,,20,,0,0.0,0.0,0.0,0.0,V
130.139,stepper_y1,,20,,0,0.0,0.0,0.0,0.0,V
130.159,stepper_x,,20,,0,0.0,0.0,0.0,0.0,V
130.159,stepper_y,,20,,0,0.0,0.0,0.0,0.0,V
130.159,stepper_y1,,20,,0,0.0,0.0,0.0,0.0,V
130.18,stepper_x,,20,,0,0.0,0.0,0.0,0.0,V
130.18,stepper_y,,20,,0,0.0,0.0,0.0,0.0,V
130.18,stepper_y1,,20,,0,0.0,0.0,0.0,0.0,V
130.2,stepper_x,,20,,0,0.0,0.0,0.0,0.0,V
130.2,stepper_y,,20,,0,0.0,0.0,0.0,0.0,V
130.2,stepper_y1,,20,,0,0.0,0.0,0.0,0.0,V
130.22,stepper_x,,20,,0,0.0,0.0,0.0,0.0,V
130.22,stepper_y,,20,,0,0.0,0.0,0.0,0.0,V
130.22,stepper_y1,,20,,0,0.0,0.0,0.0,0.0,V
130.24,stepper_x,,20,,0,0.0,0.0,0.0,0.0,V
130.24,stepper_y,,20,,0,0.0,0.0,0.0,0.0,V
130.24,stepper_y1,,20,,0,0.0,0.0,0.0,0.0,V
130.26,stepper_x,,20,,0,0.0,0.0,0.0,0.0,V
130.26,stepper_y,,20,,0,0.0,0.0,0.0,0.0,V
130.26,stepper_y1,,20,,0,0.0,0.0,0.0,0.0,V
130.28,stepper_x,,20,,0,0.0,0.0,0.0,0.0,V
130.28,stepper_y,,20,,0,0.0,0.0,0.0,0.0,V
130.28,stepper_y1,,20,,0,0.0,0.0,0.0,0.0,V
130.301,stepper_x,,20,,0,0.0,0.0,0.0,0.0,V
130.301,stepper_y,,20,,0,0.0,0.0,0.0,0.0,V
130.301,stepper_y1,,20,,0,0.0,0.0,0.0,0.0,V
130.321,stepper_x,,20,,0,0.0,0.0,0.0,0.0,V
130.321,stepper_y,,20,,0,0.0,0.0,0.0,0.0,V
130.321,stepper_y1,,20,,0,0.0,0.0,0.0,0.0,V
130.341,stepper_x,,20,,0,0.0,0.0,0.0,0.0,V
130.341,stepper_y,,20,,0,0.0,0.0,0.0,0.0,V
130.341,stepper_y1,,20,,0,0.0,0.0,0.0,0.0,V
130.361,stepper_x,,20,,0,0.0,0.0,0.0,0.0,V
130.361,stepper_y,,20,,0,0.0,0.0,0.0,0.0,V
130.361,stepper_y1,,20,,0,0.0,0.0,0.0,0.0,V
130.381,stepper_x,,20,,0,0.0,0.0,0.0,0.0,V
130.381,stepper_y,,20,,0,0.0,0.0,0.0,0.0,V
130.381,stepper_y1,,20,,0,0.0,0.0,0.0,0.0,V
130.402,stepper_x,,20,,0,0.0,0.0,0.0,0.0,V
130.402,stepper_y,,20,,0,0.0,0.0,0.0,0.0,V
130.402,stepper_y1,,20,,0,0.0,0.0,0.0,0.0,V
130.422,stepper_x,,20,,0,0.0,0.0,0.0,0.0,V
130.422,stepper_y,,20,,0,0.0,0.0,0.0,0.0,V
130.422,stepper_y1,,20,,0,0.0,0.0,0.0,0.0,V
130.442,stepper_x,,20,,0,0.0,0.0,0.0,0.0,V
130.442,stepper_y,,20,,0,0.0,0.0,0.0,0.0,V
130.442,stepper_y1,,20,,0,0.0,0.0,0.0,0.0,V
130.462,stepper_x,,20,,0,0.0,0.0,0.0,0.0,V
130.462,stepper_y,,20,,0,0.0,0.0,0.0,0.0,V
130.462,stepper_y1,,20,,0,0.0,0.0,0.0,0.0,V
130.482,stepper_x,,20,,0,0.0,0.0,0.0,0.0,V
130.482,stepper_y,,20,,0,0.0,0.0,0.0,0.0,V
130.482,stepper_y1,,20,,0,0.0,0.0,0.0,0.0,V
130.503,stepper_x,,20,,0,0.0,0.0,0.0,0.0,V
130.503,stepper_y,,20,,0,0.0,0.0,0.0,0.0,V
130.503,stepper_y1,,20,,0,0.0,0.0,0.0,0.0,V
130.523,stepper_x,,20,,0,0.0,0.0,0.0,0.0,V
130.523,stepper_y,,20,,0,0.0,0.0,0.0,0.0,V
130.523,stepper_y1,,20,,0,0.0,0.0,0.0,0.0,V
130.543,stepper_x,,20,,0,0.0,0.0,0.0,0.0,V
130.543,stepper_y,,20,,0,0.0,0.0,0.0,0.0,V
130.543,stepper_y1,,20,,0,0.0,0.0,0.0,0.0,V
130.563,stepper_x,,20,,0,0.0,0.0,0.0,0.0,V
130.563,stepper_y,,20,,0,0.0,0.0,0.0,0.0,V
130.563,stepper_y1,,20,,0,0.0,0.0,0.0,0.0,V
130.583,stepper_x,,20,,0,0.0,0.0,0.0,0.0,V
130.583,stepper_y,,20,,0,0.0,0.0,0.0,0.0,V
130.583,stepper_y1,,20,,0,0.0,0.0,0.0,0.0,V
130.604,stepper_x,,20,,0,0.0,0.0,0.0,0.0,V
130.604,stepper_y,,20,,0,0.0,0.0,0.0,0.0,V
130.604,stepper_y1,,20,,0,0.0,0.0,0.0,0.0,V
130.624,stepper_x,,20,,0,0.0,0.0,0.0,0.0,V
130.624,stepper_y,,20,,0,0.0,0.0,0.0,0.0,V
130.624,stepper_y1,,20,,0,0.0,0.0,0.0,0.0,V
130.645,stepper_x,,20,,0,0.0,0.0,0.0,0.0,V
130.645,stepper_y,,20,,0,0.0,0.0,0.0,0.0,V
130.645,stepper_y1,,20,,0,0.0,0.0,0.0,0.0,V
130.665,stepper_x,,20,,0,0.0,0.0,0.0,0.0,V
130.665,stepper_y,,20,,0,0.0,0.0,0.0,0.0,V
130.665,stepper_y1,,20,,0,0.0,0.0,0.0,0.0,V
130.685,stepper_x,,20,,0,0.0,0.0,0.0,0.0,V
130.685,stepper_y,,20,,0,0.0,0.0,0.0,0.0,V
130.685,stepper_y1,,20,,0,0.0,0.0,0.0,0.0,V
130.705,stepper_x,,20,,0,0.0,0.0,0.0,0.0,V
130.705,stepper_y,,20,,0,0.0,0.0,0.0,0.0,V
130.705,stepper_y1,,20,,0,0.0,0.0,0.0,0.0,V
130.725,stepper_x,,20,,0,0.0,0.0,0.0,0.0,V
130.725,stepper_y,,20,,0,0.0,0.0,0.0,0.0,V
130.725,stepper_y1,,20,,0,0.0,0.0,0.0,0.0,V
130.745,stepper_x,,20,,0,0.0,0.0,0.0,0.0,V
130.745,stepper_y,,20,,0,0.0,0.0,0.0,0.0,V
130.745,stepper_y1,,20,,0,0.0,0.0,0.0,0.0,V
130.765,stepper_x,,20,,0,0.0,0.0,0.0,0.0,V
130.765,stepper_y,,20,,0,0.0,0.0,0.0,0.0,V
130.765,stepper_y1,,20,,0,0.0,0.0,0.0,0.0,V
130.786,stepper_x,,20,,0,0.0,0.0,0.0,0.0,V
130.786,stepper_y,,20,,0,0.0,0.0,0.0,0.0,V
130.786,stepper_y1,,20,,0,0.0,0.0,0.0,0.0,V
130.806,stepper_x,,20,,0,0.0,0.0,0.0,0.0,V
130.806,stepper_y,,20,,0,0.0,0.0,0.0,0.0,V
130.806,stepper_y1,,20,,0,0.0,0.0,0.0,0.0,V
130.826,stepper_x,,20,,0,0.0,0.0,0.0,0.0,V
130.826,stepper_y,,20,,0,0.0,0.0,0.0,0.0,V
130.826,stepper_y1,,20,,0,0.0,0.0,0.0,0.0,V
130.846,stepper_x,,20,,0,0.0,0.0,0.0,0.0,V
130.846,stepper_y,,20,,0,0.0,0.0,0.0,0.0,V
130.846,stepper_y1,,20,,0,0.0,0.0,0.0,0.0,V
130.867,stepper_x,,20,,0,0.0,0.0,0.0,0.0,V
130.867,stepper_y,,20,,0,0.0,0.0,0.0,0.0,V
130.867,stepper_y1,,20,,0,0.0,0.0,0.0,0.0,V
130.888,stepper_x,,20,,0,0.0,0.0,0.0,0.0,V
130.888,stepper_y,,20,,0,0.0,0.0,0.0,0.0,V
130.888,stepper_y1,,20,,0,0.0,0.0,0.0,0.0,V
130.908,stepper_x,,20,,0,0.0,0.0,0.0,0.0,V
130.908,stepper_y,,20,,0,0.0,0.0,0.0,0.0,V
130.908,stepper_y1,,20,,0,0.0,0.0,0.0,0.0,V
130.928,stepper_x,,20,,0,0.0,0.0,0.0,0.0,V
130.928,stepper_y,,20,,0,0.0,0.0,0.0,0.0,V
130.928,stepper_y1,,20,,0,0.0,0.0,0.0,0.0,V
130.948,stepper_x,,20,,0,0.0,0.0,0.0,0.0,V
130.948,stepper_y,,20,,0,0.0,0.0,0.0,0.0,V
130.948,stepper_y1,,20,,0,0.0,0.0,0.0,0.0,V
130.969,stepper_x,,20,,0,0.0,0.0,0.0,0.0,V
130.969,stepper_y,,20,,0,0.0,0.0,0.0,0.0,V
130.969,stepper_y1,,20,,0,0.0,0.0,0.0,0.0,V
130.989,stepper_x,,20,,0,0.0,0.0,0.0,0.0,V
130.989,stepper_y,,20,,0,0.0,0.0,0.0,0.0,V
130.989,stepper_y1,,20,,0,0.0,0.0,0.0,0.0,V
131.009,stepper_x,,20,,0,0.0,0.0,0.0,0.0,V
131.009,stepper_y,,20,,0,0.0,0.0,0.0,0.0,V
131.009,stepper_y1,,20,,0,0.0,0.0,0.0,0.0,V
131.029,stepper_x,,20,,0,0.0,0.0,0.0,0.0,V
131.029,stepper_y,,20,,0,0.0,0.0,0.0,0.0,V
131.029,stepper_y1,,20,,0,0.0,0.0,0.0,0.0,V
131.049,stepper_x,,20,,0,0.0,0.0,0.0,0.0,V
131.049,stepper_y,,20,,0,0.0,0.0,0.0,0.0,V
131.049,stepper_y1,,20,,0,0.0,0.0,0.0,0.0,V
131.07,stepper_x,,20,,0,0.0,0.0,0.0,0.0,V
131.07,stepper_y,,20,,0,0.0,0.0,0.0,0.0,V
131.07,stepper_y1,,20,,0,0.0,0.0,0.0,0.0,V
131.09,stepper_x,,20,,0,0.0,0.0,0.0,0.0,V
131.09,stepper_y,,20,,0,0.0,0.0,0.0,0.0,V
131.09,stepper_y1,,20,,0,0.0,0.0,0.0,0.0,V
131.11,stepper_x,,20,,0,0.0,0.0,0.0,0.0,V
131.11,stepper_y,,20,,0,0.0,0.0,0.0,0.0,V
131.11,stepper_y1,,20,,0,0.0,0.0,0.0,0.0,V
131.131,stepper_x,,20,,0,0.0,0.0,0.0,0.0,V
131.131,stepper_y,,20,,0,0.0,0.0,0.0,0.0,V
131.131,stepper_y1,,20,,0,0.0,0.0,0.0,0.0,V
131.151,stepper_x,,20,,0,0.0,0.0,0.0,0.0,V
131.151,stepper_y,,20,,0,0.0,0.0,0.0,0.0,V
131.151,stepper_y1,,20,,0,0.0,0.0,0.0,0.0,V
131.171,stepper_x,,20,,0,0.0,0.0,0.0,0.0,V
131.171,stepper_y,,20,,0,0.0,0.0,0.0,0.0,V
131.171,stepper_y1,,20,,0,0.0,0.0,0.0,0.0,V
131.191,stepper_x,,20,,0,0.0,0.0,0.0,0.0,V
131.191,stepper_y,,20,,0,0.0,0.0,0.0,0.0,V
131.191,stepper_y1,,20,,0,0.0,0.0,0.0,0.0,V
131.211,stepper_x,,20,,0,0.0,0.0,0.0,0.0,V
131.211,stepper_y,,20,,0,0.0,0.0,0.0,0.0,V
131.211,stepper_y1,,20,,0,0.0,0.0,0.0,0.0,V
131.231,stepper_x,,20,,0,0.0,0.0,0.0,0.0,V
131.231,stepper_y,,20,,0,0.0,0.0,0.0,0.0,V
131.231,stepper_y1,,20,,0,0.0,0.0,0.0,0.0,V
131.251,stepper_x,,20,,0,0.0,0.0,0.0,0.0,V
131.251,stepper_y,,20,,0,0.0,0.0,0.0,0.0,V
131.251,stepper_y1,,20,,0,0.0,0.0,0.0,0.0,V
131.272,stepper_x,,20,,0,0.0,0.0,0.0,0.0,V
131.272,stepper_y,,20,,0,0.0,0.0,0.0,0.0,V
131.272,stepper_y1,,20,,0,0.0,0.0,0.0,0.0,V
131.292,stepper_x,,20,,0,0.0,0.0,0.0,0.0,V
131.292,stepper_y,,20,,0,0.0,0.0,0.0,0.0,V
131.292,stepper_y1,,20,,0,0.0,0.0,0.0,0.0,V
131.312,stepper_x,,20,,0,0.0,0.0,0.0,0.0,V
131.312,stepper_y,,20,,0,0.0,0.0,0.0,0.0,V
131.312,stepper_y1,,20,,0,0.0,0.0,0.0,0.0,V
131.332,stepper_x,,20,,0,0.0,0.0,0.0,0.0,V
131.332,stepper_y,,20,,0,0.0,0.0,0.0,0.0,V
131.332,stepper_y1,,20,,0,0.0,0.0,0.0,0.0,V
131.352,stepper_x,,20,,0,0.0,0.0,0.0,0.0,V
131.352,stepper_y,,20,,0,0.0,0.0,0.0,0.0,V
131.352,stepper_y1,,20,,0,0.0,0.0,0.0,0.0,V
131.373,stepper_x,,20,,0,0.0,0.0,0.0,0.0,V
131.373,stepper_y,,20,,0,0.0,0.0,0.0,0.0,V
131.373,stepper_y1,,20,,0,0.0,0.0,0.0,0.0,V
131.393,stepper_x,,20,,0,0.0,0.0,0.0,0.0,V
131.393,stepper_y,,20,,0,0.0,0.0,0.0,0.0,V
131.393,stepper_y1,,20,,0,0.0,0.0,0.0,0.0,V
131.413,stepper_x,,20,,0,0.0,0.0,0.0,0.0,V
131.413,stepper_y,,20,,0,0.0,0.0,0.0,0.0,V
131.413,stepper_y1,,20,,0,0.0,0.0,0.0,0.0,V
131.433,stepper_x,,20,,0,0.0,0.0,0.0,0.0,V
131.433,stepper_y,,20,,0,0.0,0.0,0.0,0.0,V
131.433,stepper_y1,,20,,0,0.0,0.0,0.0,0.0,V
131.454,stepper_x,,20,,0,0.0,0.0,0.0,0.0,V
131.454,stepper_y,,20,,0,0.0,0.0,0.0,0.0,V
131.454,stepper_y1,,20,,0,0.0,0.0,0.0,0.0,V
131.474,stepper_x,,20,,0,0.0,0.0,0.0,0.0,V
131.474,stepper_y,,20,,0,0.0,0.0,0.0,0.0,V
131.474,stepper_y1,,20,,0,0.0,0.0,0.0,0.0,V
131.494,stepper_x,,20,,0,0.0,0.0,0.0,0.0,V
131.494,stepper_y,,20,,0,0.0,0.0,0.0,0.0,V
131.494,stepper_y1,,20,,0,0.0,0.0,0.0,0.0,V
131.514,stepper_x,,20,,0,0.0,0.0,0.0,0.0,V
131.514,stepper_y,,20,,0,0.0,0.0,0.0,0.0,V
131.514,stepper_y1,,20,,0,0.0,0.0,0.0,0.0,V
131.534,stepper_x,,20,,0,0.0,0.0,0.0,0.0,V
131.534,stepper_y,,20,,0,0.0,0.0,0.0,0.0,V
131.534,stepper_y1,,20,,0,0.0,0.0,0.0,0.0,V
131.554,stepper_x,,20,,0,0.0,0.0,0.0,0.0,V
131.554,stepper_y,,20,,0,0.0,0.0,0.0,0.0,V
131.554,stepper_y1,,20,,0,0.0,0.0,0.0,0.0,V
131.575,stepper_x,,20,,0,0.0,0.0,0.0,0.0,V
131.575,stepper_y,,20,,0,0.0,0.0,0.0,0.0,V
131.575,stepper_y1,,20,,0,0.0,0.0,0.0,0.0,V
131.595,stepper_x,,20,,0,0.0,0.0,0.0,0.0,V
131.595,stepper_y,,20,,0,0.0,0.0,0.0,0.0,V
131.595,stepper_y1,,20,,0,0.0,0.0,0.0,0.0,V
131.615,stepper_x,,20,,0,0.0,0.0,0.0,0.0,V
131.615,stepper_y,,20,,0,0.0,0.0,0.0,0.0,V
131.615,stepper_y1,,20,,0,0.0,0.0,0.0,0.0,V
131.635,stepper_x,,20,,0,0.0,0.0,0.0,0.0,V
131.635,stepper_y,,20,,0,0.0,0.0,0.0,0.0,V
131.635,stepper_y1,,20,,0,0.0,0.0,0.0,0.0,V
131.656,stepper_x,,20,,0,0.0,0.0,0.0,0.0,V
131.656,stepper_y,,20,,0,0.0,0.0,0.0,0.0,V
131.656,stepper_y1,,20,,0,0.0,0.0,0.0,0.0,V
131.676,stepper_x,,20,,0,0.0,0.0,0.0,0.0,V
131.676,stepper_y,,20,,0,0.0,0.0,0.0,0.0,V
131.676,stepper_y1,,20,,0,0.0,0.0,0.0,0.0,V
131.696,stepper_x,,20,,0,0.0,0.0,0.0,0.0,V
131.696,stepper_y,,20,,0,0.0,0.0,0.0,0.0,V
131.696,stepper_y1,,20,,0,0.0,0.0,0.0,0.0,V
131.716,stepper_x,,20,,0,0.0,0.0,0.0,0.0,V
131.716,stepper_y,,20,,0,0.0,0.0,0.0,0.0,V
131.716,stepper_y1,,20,,0,0.0,0.0,0.0,0.0,V
131.736,stepper_x,,20,,0,0.0,0.0,0.0,0.0,V
131.736,stepper_y,,20,,0,0.0,0.0,0.0,0.0,V
131.736,stepper_y1,,20,,0,0.0,0.0,0.0,0.0,V
131.757,stepper_x,,20,,0,0.0,0.0,0.0,0.0,V
131.757,stepper_y,,20,,0,0.0,0.0,0.0,0.0,V
131.757,stepper_y1,,20,,0,0.0,0.0,0.0,0.0,V
131.777,stepper_x,,20,,0,0.0,0.0,0.0,0.0,V
131.777,stepper_y,,20,,0,0.0,0.0,0.0,0.0,V
131.777,stepper_y1,,20,,0,0.0,0.0,0.0,0.0,V
131.797,stepper_x,,20,,0,0.0,0.0,0.0,0.0,V
131.797,stepper_y,,20,,0,0.0,0.0,0.0,0.0,V
131.797,stepper_y1,,20,,0,0.0,0.0,0.0,0.0,V
131.817,stepper_x,,20,,0,0.0,0.0,0.0,0.0,V
131.817,stepper_y,,20,,0,0.0,0.0,0.0,0.0,V
131.817,stepper_y1,,20,,0,0.0,0.0,0.0,0.0,V
131.837,stepper_x,,20,,0,0.0,0.0,0.0,0.0,V
131.837,stepper_y,,20,,0,0.0,0.0,0.0,0.0,V
131.837,stepper_y1,,20,,0,0.0,0.0,0.0,0.0,V
131.858,stepper_x,,20,,0,0.0,0.0,0.0,0.0,V
131.858,stepper_y,,20,,0,0.0,0.0,0.0,0.0,V
131.858,stepper_y1,,20,,0,0.0,0.0,0.0,0.0,V
131.879,stepper_x,,20,,0,0.0,0.0,0.0,0.0,V
131.879,stepper_y,,20,,0,0.0,0.0,0.0,0.0,V
131.879,stepper_y1,,20,,0,0.0,0.0,0.0,0.0,V
131.899,stepper_x,,20,,0,0.0,0.0,0.0,0.0,V
131.899,stepper_y,,20,,0,0.0,0.0,0.0,0.0,V
131.899,stepper_y1,,20,,0,0.0,0.0,0.0,0.0,V
131.919,stepper_x,,20,,0,0.0,0.0,0.0,0.0,V
131.919,stepper_y,,20,,0,0.0,0.0,0.0,0.0,V
131.919,stepper_y1,,20,,0,0.0,0.0,0.0,0.0,V
131.94,stepper_x,,20,,0,0.0,0.0,0.0,0.0,V
131.94,stepper_y,,20,,0,0.0,0.0,0.0,0.0,V
131.94,stepper_y1,,20,,0,0.0,0.0,0.0,0.0,V
131.96,stepper_x,,20,,0,0.0,0.0,0.0,0.0,V
131.96,stepper_y,,20,,0,0.0,0.0,0.0,0.0,V
131.96,stepper_y1,,20,,0,0.0,0.0,0.0,0.0,V
131.98,stepper_x,,20,,0,0.0,0.0,0.0,0.0,V
131.98,stepper_y,,20,,0,0.0,0.0,0.0,0.0,V
131.98,stepper_y1,,20,,0,0.0,0.0,0.0,0.0,V
132.0,stepper_x,,20,,0,0.0,0.0,0.0,0.0,V
132.0,stepper_y,,20,,0,0.0,0.0,0.0,0.0,V
132.0,stepper_y1,,20,,0,0.0,0.0,0.0,0.0,V
132.021,stepper_x,,20,,0,0.0,0.0,0.0,0.0,V
132.021,stepper_y,,20,,0,0.0,0.0,0.0,0.0,V
132.021,stepper_y1,,20,,0,0.0,0.0,0.0,0.0,V
132.041,stepper_x,,20,,0,0.0,0.0,0.0,0.0,V
132.041,stepper_y,,20,,0,0.0,0.0,0.0,0.0,V
132.041,stepper_y1,,20,,0,0.0,0.0,0.0,0.0,V
132.062,stepper_x,,20,,0,0.0,0.0,0.0,0.0,V
132.062,stepper_y,,20,,0,0.0,0.0,0.0,0.0,V
132.062,stepper_y1,,20,,0,0.0,0.0,0.0,0.0,V
132.082,stepper_x,,20,,0,0.0,0.0,0.0,0.0,V
132.082,stepper_y,,20,,0,0.0,0.0,0.0,0.0,V
132.082,stepper_y1,,20,,0,0.0,0.0,0.0,0.0,V
132.102,stepper_x,,20,,0,0.0,0.0,0.0,0.0,V
132.102,stepper_y,,20,,0,0.0,0.0,0.0,0.0,V
132.102,stepper_y1,,20,,0,0.0,0.0,0.0,0.0,V
132.122,stepper_x,,20,,0,0.0,0.0,0.0,0.0,V
132.122,stepper_y,,20,,0,0.0,0.0,0.0,0.0,V
132.122,stepper_y1,,20,,0,0.0,0.0,0.0,0.0,V
132.142,stepper_x,,20,,0,0.0,0.0,0.0,0.0,V
132.142,stepper_y,,20,,0,0.0,0.0,0.0,0.0,V
132.142,stepper_y1,,20,,0,0.0,0.0,0.0,0.0,V
132.163,stepper_x,,20,,0,0.0,0.0,0.0,0.0,V
132.163,stepper_y,,20,,0,0.0,0.0,0.0,0.0,V
132.163,stepper_y1,,20,,0,0.0,0.0,0.0,0.0,V
132.183,stepper_x,,20,,0,0.0,0.0,0.0,0.0,V
132.183,stepper_y,,20,,0,0.0,0.0,0.0,0.0,V
132.183,stepper_y1,,20,,0,0.0,0.0,0.0,0.0,V
132.203,stepper_x,,20,,0,0.0,0.0,0.0,0.0,V
132.203,stepper_y,,20,,0,0.0,0.0,0.0,0.0,V
132.203,stepper_y1,,20,,0,0.0,0.0,0.0,0.0,V
132.223,stepper_x,,20,,0,0.0,0.0,0.0,0.0,V
132.223,stepper_y,,20,,0,0.0,0.0,0.0,0.0,V
132.223,stepper_y1,,20,,0,0.0,0.0,0.0,0.0,V
132.244,stepper_x,,20,,0,0.0,0.0,0.0,0.0,V
132.244,stepper_y,,20,,0,0.0,0.0,0.0,0.0,V
132.244,stepper_y1,,20,,0,0.0,0.0,0.0,0.0,V
132.264,stepper_x,,20,,0,0.0,0.0,0.0,0.0,V
132.264,stepper_y,,20,,0,0.0,0.0,0.0,0.0,V
132.264,stepper_y1,,20,,0,0.0,0.0,0.0,0.0,V
132.284,stepper_x,,20,,0,0.0,0.0,0.0,0.0,V
132.284,stepper_y,,20,,0,0.0,0.0,0.0,0.0,V
132.284,stepper_y1,,20,,0,0.0,0.0,0.0,0.0,V
132.304,stepper_x,,20,,0,0.0,0.0,0.0,0.0,V
132.304,stepper_y,,20,,0,0.0,0.0,0.0,0.0,V
132.304,stepper_y1,,20,,0,0.0,0.0,0.0,0.0,V
132.324,stepper_x,,20,,0,0.0,0.0,0.0,0.0,V
132.324,stepper_y,,20,,0,0.0,0.0,0.0,0.0,V
132.324,stepper_y1,,20,,0,0.0,0.0,0.0,0.0,V
132.345,stepper_x,,20,,0,0.0,0.0,0.0,0.0,V
132.345,stepper_y,,20,,0,0.0,0.0,0.0,0.0,V
132.345,stepper_y1,,20,,0,0.0,0.0,0.0,0.0,V
132.365,stepper_x,,20,,0,0.0,0.0,0.0,0.0,V
132.365,stepper_y,,20,,0,0.0,0.0,0.0,0.0,V
132.365,stepper_y1,,20,,0,0.0,0.0,0.0,0.0,V
132.386,stepper_x,,20,,0,0.0,0.0,0.0,0.0,V
132.386,stepper_y,,20,,0,0.0,0.0,0.0,0.0,V
132.386,stepper_y1,,20,,0,0.0,0.0,0.0,0.0,V
132.406,stepper_x,,20,,0,0.0,0.0,0.0,0.0,V
132.406,stepper_y,,20,,0,0.0,0.0,0.0,0.0,V
132.406,stepper_y1,,20,,0,0.0,0.0,0.0,0.0,V
132.427,stepper_x,,20,,0,0.0,0.0,0.0,0.0,V
132.427,stepper_y,,20,,0,0.0,0.0,0.0,0.0,V
132.427,stepper_y1,,20,,0,0.0,0.0,0.0,0.0,V
132.447,stepper_x,,20,,0,0.0,0.0,0.0,0.0,V
132.447,stepper_y,,20,,0,0.0,0.0,0.0,0.0,V
132.447,stepper_y1,,20,,0,0.0,0.0,0.0,0.0,V
132.467,stepper_x,,20,,0,0.0,0.0,0.0,0.0,V
132.467,stepper_y,,20,,0,0.0,0.0,0.0,0.0,V
132.467,stepper_y1,,20,,0,0.0,0.0,0.0,0.0,V
132.487,stepper_x,,20,,0,0.0,0.0,0.0,0.0,V
132.487,stepper_y,,20,,0,0.0,0.0,0.0,0.0,V
132.487,stepper_y1,,20,,0,0.0,0.0,0.0,0.0,V
132.507,stepper_x,,20,,0,0.0,0.0,0.0,0.0,V
132.507,stepper_y,,20,,0,0.0,0.0,0.0,0.0,V
132.507,stepper_y1,,20,,0,0.0,0.0,0.0,0.0,V
132.528,stepper_x,,20,,0,0.0,0.0,0.0,0.0,V
132.528,stepper_y,,20,,0,0.0,0.0,0.0,0.0,V
132.528,stepper_y1,,20,,0,0.0,0.0,0.0,0.0,V
132.548,stepper_x,,20,,0,0.0,0.0,0.0,0.0,V
132.548,stepper_y,,20,,0,0.0,0.0,0.0,0.0,V
132.548,stepper_y1,,20,,0,0.0,0.0,0.0,0.0,V
132.568,stepper_x,,20,,0,0.0,0.0,0.0,0.0,V
132.568,stepper_y,,20,,0,0.0,0.0,0.0,0.0,V
132.568,stepper_y1,,20,,0,0.0,0.0,0.0,0.0,V
132.588,stepper_x,,20,,0,0.0,0.0,0.0,0.0,V
132.588,stepper_y,,20,,0,0.0,0.0,0.0,0.0,V
132.588,stepper_y1,,20,,0,0.0,0.0,0.0,0.0,V
132.608,stepper_x,,20,,0,0.0,0.0,0.0,0.0,V
132.608,stepper_y,,20,,0,0.0,0.0,0.0,0.0,V
132.608,stepper_y1,,20,,0,0.0,0.0,0.0,0.0,V
132.628,stepper_x,,20,,0,0.0,0.0,0.0,0.0,V
132.628,stepper_y,,20,,0,0.0,0.0,0.0,0.0,V
132.628,stepper_y1,,20,,0,0.0,0.0,0.0,0.0,V
132.649,stepper_x,,20,,0,0.0,0.0,0.0,0.0,V
132.649,stepper_y,,20,,0,0.0,0.0,0.0,0.0,V
132.649,stepper_y1,,20,,0,0.0,0.0,0.0,0.0,V
132.669,stepper_x,,20,,0,0.0,0.0,0.0,0.0,V
132.669,stepper_y,,20,,0,0.0,0.0,0.0,0.0,V
132.669,stepper_y1,,20,,0,0.0,0.0,0.0,0.0,V
132.689,stepper_x,,20,,0,0.0,0.0,0.0,0.0,V
132.689,stepper_y,,20,,0,0.0,0.0,0.0,0.0,V
132.689,stepper_y1,,20,,0,0.0,0.0,0.0,0.0,V
132.709,stepper_x,,20,,0,0.0,0.0,0.0,0.0,V
132.709,stepper_y,,20,,0,0.0,0.0,0.0,0.0,V
132.709,stepper_y1,,20,,0,0.0,0.0,0.0,0.0,V
132.73,stepper_x,,20,,0,0.0,0.0,0.0,0.0,V
132.73,stepper_y,,20,,0,0.0,0.0,0.0,0.0,V
132.73,stepper_y1,,20,,0,0.0,0.0,0.0,0.0,V
132.75,stepper_x,,20,,0,0.0,0.0,0.0,0.0,V
132.75,stepper_y,,20,,0,0.0,0.0,0.0,0.0,V
132.75,stepper_y1,,20,,0,0.0,0.0,0.0,0.0,V
132.77,stepper_x,,20,,0,0.0,0.0,0.0,0.0,V
132.77,stepper_y,,20,,0,0.0,0.0,0.0,0.0,V
132.77,stepper_y1,,20,,0,0.0,0.0,0.0,0.0,V
132.79,stepper_x,,20,,0,0.0,0.0,0.0,0.0,V
132.79,stepper_y,,20,,0,0.0,0.0,0.0,0.0,V
132.79,stepper_y1,,20,,0,0.0,0.0,0.0,0.0,V
132.81,stepper_x,,20,,0,0.0,0.0,0.0,0.0,V
132.81,stepper_y,,20,,0,0.0,0.0,0.0,0.0,V
132.81,stepper_y1,,20,,0,0.0,0.0,0.0,0.0,V
132.831,stepper_x,,20,,0,0.0,0.0,0.0,0.0,V
132.831,stepper_y,,20,,0,0.0,0.0,0.0,0.0,V
132.831,stepper_y1,,20,,0,0.0,0.0,0.0,0.0,V
132.851,stepper_x,,20,,0,0.0,0.0,0.0,0.0,V
132.851,stepper_y,,20,,0,0.0,0.0,0.0,0.0,V
132.851,stepper_y1,,20,,0,0.0,0.0,0.0,0.0,V
132.871,stepper_x,,20,,0,0.0,0.0,0.0,0.0,V
132.871,stepper_y,,20,,0,0.0,0.0,0.0,0.0,V
132.871,stepper_y1,,20,,0,0.0,0.0,0.0,0.0,V
132.892,stepper_x,,20,,0,0.0,0.0,0.0,0.0,V
132.892,stepper_y,,20,,0,0.0,0.0,0.0,0.0,V
132.892,stepper_y1,,20,,0,0.0,0.0,0.0,0.0,V
132.912,stepper_x,,20,,0,0.0,0.0,0.0,0.0,V
132.912,stepper_y,,20,,0,0.0,0.0,0.0,0.0,V
132.912,stepper_y1,,20,,0,0.0,0.0,0.0,0.0,V
132.933,stepper_x,,20,,0,0.0,0.0,0.0,0.0,V
132.933,stepper_y,,20,,0,0.0,0.0,0.0,0.0,V
132.933,stepper_y1,,20,,0,0.0,0.0,0.0,0.0,V
132.953,stepper_x,,20,,0,0.0,0.0,0.0,0.0,V
132.953,stepper_y,,20,,0,0.0,0.0,0.0,0.0,V
132.953,stepper_y1,,20,,0,0.0,0.0,0.0,0.0,V
132.973,stepper_x,,20,,0,0.0,0.0,0.0,0.0,V
132.973,stepper_y,,20,,0,0.0,0.0,0.0,0.0,V
132.973,stepper_y1,,20,,0,0.0,0.0,0.0,0.0,V
132.993,stepper_x,,20,,0,0.0,0.0,0.0,0.0,V
132.993,stepper_y,,20,,0,0.0,0.0,0.0,0.0,V
132.993,stepper_y1,,20,,0,0.0,0.0,0.0,0.0,V
133.013,stepper_x,,20,,0,0.0,0.0,0.0,0.0,V
133.013,stepper_y,,20,,0,0.0,0.0,0.0,0.0,V
133.013,stepper_y1,,20,,0,0.0,0.0,0.0,0.0,V
133.034,stepper_x,,20,,0,0.0,0.0,0.0,0.0,V
133.034,stepper_y,,20,,0,0.0,0.0,0.0,0.0,V
133.034,stepper_y1,,20,,0,0.0,0.0,0.0,0.0,V
133.054,stepper_x,,20,,0,0.0,0.0,0.0,0.0,V
133.054,stepper_y,,20,,0,0.0,0.0,0.0,0.0,V
133.054,stepper_y1,,20,,0,0.0,0.0,0.0,0.0,V
133.074,stepper_x,,20,,0,0.0,0.0,0.0,0.0,V
133.074,stepper_y,,20,,0,0.0,0.0,0.0,0.0,V
133.074,stepper_y1,,20,,0,0.0,0.0,0.0,0.0,V
133.094,stepper_x,,20,,0,0.0,0.0,0.0,0.0,V
133.094,stepper_y,,20,,0,0.0,0.0,0.0,0.0,V
133.094,stepper_y1,,20,,0,0.0,0.0,0.0,0.0,V
133.114,stepper_x,,20,,0,0.0,0.0,0.0,0.0,V
133.114,stepper_y,,20,,0,0.0,0.0,0.0,0.0,V
133.114,stepper_y1,,20,,0,0.0,0.0,0.0,0.0,V
133.135,stepper_x,,20,,0,0.0,0.0,0.0,0.0,V
133.135,stepper_y,,20,,0,0.0,0.0,0.0,0.0,V
133.135,stepper_y1,,20,,0,0.0,0.0,0.0,0.0,V
133.155,stepper_x,,20,,0,0.0,0.0,0.0,0.0,V
133.155,stepper_y,,20,,0,0.0,0.0,0.0,0.0,V
133.155,stepper_y1,,20,,0,0.0,0.0,0.0,0.0,V
133.175,stepper_x,,20,,0,0.0,0.0,0.0,0.0,V
133.175,stepper_y,,20,,0,0.0,0.0,0.0,0.0,V
133.175,stepper_y1,,20,,0,0.0,0.0,0.0,0.0,V
133.195,stepper_x,,20,,0,0.0,0.0,0.0,0.0,V
133.195,stepper_y,,20,,0,0.0,0.0,0.0,0.0,V
133.195,stepper_y1,,20,,0,0.0,0.0,0.0,0.0,V
133.215,stepper_x,,20,,0,0.0,0.0,0.0,0.0,V
133.215,stepper_y,,20,,0,0.0,0.0,0.0,0.0,V
133.215,stepper_y1,,20,,0,0.0,0.0,0.0,0.0,V
133.236,stepper_x,,20,,0,0.0,0.0,0.0,0.0,V
133.236,stepper_y,,20,,0,0.0,0.0,0.0,0.0,V
133.236,stepper_y1,,20,,0,0.0,0.0,0.0,0.0,V
133.256,stepper_x,,20,,0,0.0,0.0,0.0,0.0,V
133.256,stepper_y,,20,,0,0.0,0.0,0.0,0.0,V
133.256,stepper_y1,,20,,0,0.0,0.0,0.0,0.0,V
133.276,stepper_x,,20,,0,0.0,0.0,0.0,0.0,V
133.276,stepper_y,,20,,0,0.0,0.0,0.0,0.0,V
133.276,stepper_y1,,20,,0,0.0,0.0,0.0,0.0,V
133.296,stepper_x,,20,,0,0.0,0.0,0.0,0.0,V
133.296,stepper_y,,20,,0,0.0,0.0,0.0,0.0,V
133.296,stepper_y1,,20,,0,0.0,0.0,0.0,0.0,V
133.316,stepper_x,,20,,0,0.0,0.0,0.0,0.0,V
133.316,stepper_y,,20,,0,0.0,0.0,0.0,0.0,V
133.316,stepper_y1,,20,,0,0.0,0.0,0.0,0.0,V
133.337,stepper_x,,20,,0,0.0,0.0,0.0,0.0,V
133.337,stepper_y,,20,,0,0.0,0.0,0.0,0.0,V
133.337,stepper_y1,,20,,0,0.0,0.0,0.0,0.0,V
133.357,stepper_x,,20,,0,0.0,0.0,0.0,0.0,V
133.357,stepper_y,,20,,0,0.0,0.0,0.0,0.0,V
133.357,stepper_y1,,20,,0,0.0,0.0,0.0,0.0,V
133.377,stepper_x,,20,,0,0.0,0.0,0.0,0.0,V
133.377,stepper_y,,20,,0,0.0,0.0,0.0,0.0,V
133.377,stepper_y1,,20,,0,0.0,0.0,0.0,0.0,V
133.397,stepper_x,,20,,0,0.0,0.0,0.0,0.0,V
133.397,stepper_y,,20,,0,0.0,0.0,0.0,0.0,V
133.397,stepper_y1,,20,,0,0.0,0.0,0.0,0.0,V
133.417,stepper_x,,20,,0,0.0,0.0,0.0,0.0,V
133.417,stepper_y,,20,,0,0.0,0.0,0.0,0.0,V
133.417,stepper_y1,,20,,0,0.0,0.0,0.0,0.0,V
133.438,stepper_x,,20,,0,0.0,0.0,0.0,0.0,V
133.438,stepper_y,,20,,0,0.0,0.0,0.0,0.0,V
133.438,stepper_y1,,20,,0,0.0,0.0,0.0,0.0,V
133.458,stepper_x,,20,,0,0.0,0.0,0.0,0.0,V
133.458,stepper_y,,20,,0,0.0,0.0,0.0,0.0,V
133.458,stepper_y1,,20,,0,0.0,0.0,0.0,0.0,V
133.478,stepper_x,,20,,0,0.0,0.0,0.0,0.0,V
133.478,stepper_y,,20,,0,0.0,0.0,0.0,0.0,V
133.478,stepper_y1,,20,,0,0.0,0.0,0.0,0.0,V
133.498,stepper_x,,20,,0,0.0,0.0,0.0,0.0,V
133.498,stepper_y,,20,,0,0.0,0.0,0.0,0.0,V
133.498,stepper_y1,,20,,0,0.0,0.0,0.0,0.0,V
133.518,stepper_x,,20,,0,0.0,0.0,0.0,0.0,V
133.518,stepper_y,,20,,0,0.0,0.0,0.0,0.0,V
133.518,stepper_y1,,20,,0,0.0,0.0,0.0,0.0,V
133.539,stepper_x,,20,,0,0.0,0.0,0.0,0.0,V
133.539,stepper_y,,20,,0,0.0,0.0,0.0,0.0,V
133.539,stepper_y1,,20,,0,0.0,0.0,0.0,0.0,V
133.559,stepper_x,,20,,0,0.0,0.0,0.0,0.0,V
133.559,stepper_y,,20,,0,0.0,0.0,0.0,0.0,V
133.559,stepper_y1,,20,,0,0.0,0.0,0.0,0.0,V
133.579,stepper_x,,20,,0,0.0,0.0,0.0,0.0,V
133.579,stepper_y,,20,,0,0.0,0.0,0.0,0.0,V
133.579,stepper_y1,,20,,0,0.0,0.0,0.0,0.0,V
133.599,stepper_x,,20,,0,0.0,0.0,0.0,0.0,V
133.599,stepper_y,,20,,0,0.0,0.0,0.0,0.0,V
133.599,stepper_y1,,20,,0,0.0,0.0,0.0,0.0,V
133.619,stepper_x,,20,,0,0.0,0.0,0.0,0.0,V
133.619,stepper_y,,20,,0,0.0,0.0,0.0,0.0,V
133.619,stepper_y1,,20,,0,0.0,0.0,0.0,0.0,V
133.64,stepper_x,,20,,0,0.0,0.0,0.0,0.0,V
133.64,stepper_y,,20,,0,0.0,0.0,0.0,0.0,V
133.64,stepper_y1,,20,,0,0.0,0.0,0.0,0.0,V
133.66,stepper_x,,20,,0,0.0,0.0,0.0,0.0,V
133.66,stepper_y,,20,,0,0.0,0.0,0.0,0.0,V
133.66,stepper_y1,,20,,0,0.0,0.0,0.0,0.0,V
133.68,stepper_x,,20,,0,0.0,0.0,0.0,0.0,V
133.68,stepper_y,,20,,0,0.0,0.0,0.0,0.0,V
133.68,stepper_y1,,20,,0,0.0,0.0,0.0,0.0,V
133.7,stepper_x,,20,,0,0.0,0.0,0.0,0.0,V
133.7,stepper_y,,20,,0,0.0,0.0,0.0,0.0,V
133.7,stepper_y1,,20,,0,0.0,0.0,0.0,0.0,V
133.72,stepper_x,,20,,0,0.0,0.0,0.0,0.0,V
133.72,stepper_y,,20,,0,0.0,0.0,0.0,0.0,V
133.72,stepper_y1,,20,,0,0.0,0.0,0.0,0.0,V
133.741,stepper_x,,20,,0,0.0,0.0,0.0,0.0,V
133.741,stepper_y,,20,,0,0.0,0.0,0.0,0.0,V
133.741,stepper_y1,,20,,0,0.0,0.0,0.0,0.0,V
133.761,stepper_x,,20,,0,0.0,0.0,0.0,0.0,V
133.761,stepper_y,,20,,0,0.0,0.0,0.0,0.0,V
133.761,stepper_y1,,20,,0,0.0,0.0,0.0,0.0,V
133.781,stepper_x,,20,,0,0.0,0.0,0.0,0.0,V
133.781,stepper_y,,20,,0,0.0,0.0,0.0,0.0,V
133.781,stepper_y1,,20,,0,0.0,0.0,0.0,0.0,V
133.801,stepper_x,,20,,0,0.0,0.0,0.0,0.0,V
133.801,stepper_y,,20,,0,0.0,0.0,0.0,0.0,V
133.801,stepper_y1,,20,,0,0.0,0.0,0.0,0.0,V
133.822,stepper_x,,20,,0,0.0,0.0,0.0,0.0,V
133.822,stepper_y,,20,,0,0.0,0.0,0.0,0.0,V
133.822,stepper_y1,,20,,0,0.0,0.0,0.0,0.0,V
133.842,stepper_x,,20,,0,0.0,0.0,0.0,0.0,V
133.842,stepper_y,,20,,0,0.0,0.0,0.0,0.0,V
133.842,stepper_y1,,20,,0,0.0,0.0,0.0,0.0,V
133.862,stepper_x,,20,,0,0.0,0.0,0.0,0.0,V
133.862,stepper_y,,20,,0,0.0,0.0,0.0,0.0,V
133.862,stepper_y1,,20,,0,0.0,0.0,0.0,0.0,V
133.883,stepper_x,,20,,0,0.0,0.0,0.0,0.0,V
133.883,stepper_y,,20,,0,0.0,0.0,0.0,0.0,V
133.883,stepper_y1,,20,,0,0.0,0.0,0.0,0.0,V
133.903,stepper_x,,20,,0,0.0,0.0,0.0,0.0,V
133.903,stepper_y,,20,,0,0.0,0.0,0.0,0.0,V
133.903,stepper_y1,,20,,0,0.0,0.0,0.0,0.0,V
133.923,stepper_x,,20,,0,0.0,0.0,0.0,0.0,V
133.923,stepper_y,,20,,0,0.0,0.0,0.0,0.0,V
133.923,stepper_y1,,20,,0,0.0,0.0,0.0,0.0,V
133.944,stepper_x,,20,,0,0.0,0.0,0.0,0.0,V
133.944,stepper_y,,20,,0,0.0,0.0,0.0,0.0,V
133.944,stepper_y1,,20,,0,0.0,0.0,0.0,0.0,V
133.964,stepper_x,,20,,0,0.0,0.0,0.0,0.0,V
133.964,stepper_y,,20,,0,0.0,0.0,0.0,0.0,V
133.964,stepper_y1,,20,,0,0.0,0.0,0.0,0.0,V
133.984,stepper_x,,20,,0,0.0,0.0,0.0,0.0,V
133.984,stepper_y,,20,,0,0.0,0.0,0.0,0.0,V
133.984,stepper_y1,,20,,0,0.0,0.0,0.0,0.0,V
134.004,stepper_x,,20,,0,0.0,0.0,0.0,0.0,V
134.004,stepper_y,,20,,0,0.0,0.0,0.0,0.0,V
134.004,stepper_y1,,20,,0,0.0,0.0,0.0,0.0,V
134.025,stepper_x,,20,,0,0.0,0.0,0.0,0.0,V
134.025,stepper_y,,20,,0,0.0,0.0,0.0,0.0,V
134.025,stepper_y1,,20,,0,0.0,0.0,0.0,0.0,V
134.046,stepper_x,,20,,0,0.0,0.0,0.0,0.0,V
134.046,stepper_y,,20,,0,0.0,0.0,0.0,0.0,V
134.046,stepper_y1,,20,,0,0.0,0.0,0.0,0.0,V
134.066,stepper_x,,20,,0,0.0,0.0,0.0,0.0,V
134.066,stepper_y,,20,,0,0.0,0.0,0.0,0.0,V
134.066,stepper_y1,,20,,0,0.0,0.0,0.0,0.0,V
134.086,stepper_x,,20,,0,0.0,0.0,0.0,0.0,V
134.086,stepper_y,,20,,0,0.0,0.0,0.0,0.0,V
134.086,stepper_y1,,20,,0,0.0,0.0,0.0,0.0,V
134.106,stepper_x,,20,,0,0.0,0.0,0.0,0.0,V
134.106,stepper_y,,20,,0,0.0,0.0,0.0,0.0,V
134.106,stepper_y1,,20,,0,0.0,0.0,0.0,0.0,V
134.127,stepper_x,,20,,0,0.0,0.0,0.0,0.0,V
134.127,stepper_y,,20,,0,0.0,0.0,0.0,0.0,V
134.127,stepper_y1,,20,,0,0.0,0.0,0.0,0.0,V
134.147,stepper_x,,20,,0,0.0,0.0,0.0,0.0,V
134.147,stepper_y,,20,,0,0.0,0.0,0.0,0.0,V
134.147,stepper_y1,,20,,0,0.0,0.0,0.0,0.0,V
134.167,stepper_x,,20,,0,0.0,0.0,0.0,0.0,V
134.167,stepper_y,,20,,0,0.0,0.0,0.0,0.0,V
134.167,stepper_y1,,20,,0,0.0,0.0,0.0,0.0,V
134.187,stepper_x,,20,,0,0.0,0.0,0.0,0.0,V
134.187,stepper_y,,20,,0,0.0,0.0,0.0,0.0,V
134.187,stepper_y1,,20,,0,0.0,0.0,0.0,0.0,V
134.207,stepper_x,,20,,0,0.0,0.0,0.0,0.0,V
134.207,stepper_y,,20,,0,0.0,0.0,0.0,0.0,V
134.207,stepper_y1,,20,,0,0.0,0.0,0.0,0.0,V
134.228,stepper_x,,20,,0,0.0,0.0,0.0,0.0,V
134.228,stepper_y,,20,,0,0.0,0.0,0.0,0.0,V
134.228,stepper_y1,,20,,0,0.0,0.0,0.0,0.0,V
134.248,stepper_x,,20,,0,0.0,0.0,0.0,0.0,V
134.248,stepper_y,,20,,0,0.0,0.0,0.0,0.0,V
134.248,stepper_y1,,20,,0,0.0,0.0,0.0,0.0,V
134.268,stepper_x,,20,,0,0.0,0.0,0.0,0.0,V
134.268,stepper_y,,20,,0,0.0,0.0,0.0,0.0,V
134.268,stepper_y1,,20,,0,0.0,0.0,0.0,0.0,V
134.288,stepper_x,,20,,0,0.0,0.0,0.0,0.0,V
134.288,stepper_y,,20,,0,0.0,0.0,0.0,0.0,V
134.288,stepper_y1,,20,,0,0.0,0.0,0.0,0.0,V
134.309,stepper_x,,20,,0,0.0,0.0,0.0,0.0,V
134.309,stepper_y,,20,,0,0.0,0.0,0.0,0.0,V
134.309,stepper_y1,,20,,0,0.0,0.0,0.0,0.0,V
134.329,stepper_x,,20,,0,0.0,0.0,0.0,0.0,V
134.329,stepper_y,,20,,0,0.0,0.0,0.0,0.0,V
134.329,stepper_y1,,20,,0,0.0,0.0,0.0,0.0,V
134.349,stepper_x,,20,,0,0.0,0.0,0.0,0.0,V
134.349,stepper_y,,20,,0,0.0,0.0,0.0,0.0,V
134.349,stepper_y1,,20,,0,0.0,0.0,0.0,0.0,V
134.369,stepper_x,,20,,0,0.0,0.0,0.0,0.0,V
134.369,stepper_y,,20,,0,0.0,0.0,0.0,0.0,V
134.369,stepper_y1,,20,,0,0.0,0.0,0.0,0.0,V
134.39,stepper_x,,20,,0,0.0,0.0,0.0,0.0,V
134.39,stepper_y,,20,,0,0.0,0.0,0.0,0.0,V
134.39,stepper_y1,,20,,0,0.0,0.0,0.0,0.0,V
134.411,stepper_x,,20,,0,0.0,0.0,0.0,0.0,V
134.411,stepper_y,,20,,0,0.0,0.0,0.0,0.0,V
134.411,stepper_y1,,20,,0,0.0,0.0,0.0,0.0,V
134.431,stepper_x,,20,,0,0.0,0.0,0.0,0.0,V
134.431,stepper_y,,20,,0,0.0,0.0,0.0,0.0,V
134.431,stepper_y1,,20,,0,0.0,0.0,0.0,0.0,V
134.451,stepper_x,,20,,0,0.0,0.0,0.0,0.0,V
134.451,stepper_y,,20,,0,0.0,0.0,0.0,0.0,V
134.451,stepper_y1,,20,,0,0.0,0.0,0.0,0.0,V
134.471,stepper_x,,20,,0,0.0,0.0,0.0,0.0,V
134.471,stepper_y,,20,,0,0.0,0.0,0.0,0.0,V
134.471,stepper_y1,,20,,0,0.0,0.0,0.0,0.0,V
134.492,stepper_x,,20,,0,0.0,0.0,0.0,0.0,V
134.492,stepper_y,,20,,0,0.0,0.0,0.0,0.0,V
134.492,stepper_y1,,20,,0,0.0,0.0,0.0,0.0,V
134.512,stepper_x,,20,,0,0.0,0.0,0.0,0.0,V
134.512,stepper_y,,20,,0,0.0,0.0,0.0,0.0,V
134.512,stepper_y1,,20,,0,0.0,0.0,0.0,0.0,V
134.532,stepper_x,,20,,0,0.0,0.0,0.0,0.0,V
134.532,stepper_y,,20,,0,0.0,0.0,0.0,0.0,V
134.532,stepper_y1,,20,,0,0.0,0.0,0.0,0.0,V
134.552,stepper_x,,20,,0,0.0,0.0,0.0,0.0,V
134.552,stepper_y,,20,,0,0.0,0.0,0.0,0.0,V
134.552,stepper_y1,,20,,0,0.0,0.0,0.0,0.0,V
134.572,stepper_x,,20,,0,0.0,0.0,0.0,0.0,V
134.572,stepper_y,,20,,0,0.0,0.0,0.0,0.0,V
134.572,stepper_y1,,20,,0,0.0,0.0,0.0,0.0,V
134.593,stepper_x,,20,,0,0.0,0.0,0.0,0.0,V
134.593,stepper_y,,20,,0,0.0,0.0,0.0,0.0,V
134.593,stepper_y1,,20,,0,0.0,0.0,0.0,0.0,V
134.613,stepper_x,,20,,0,0.0,0.0,0.0,0.0,V
134.613,stepper_y,,20,,0,0.0,0.0,0.0,0.0,V
134.613,stepper_y1,,20,,0,0.0,0.0,0.0,0.0,V
134.633,stepper_x,,20,,0,0.0,0.0,0.0,0.0,V
134.633,stepper_y,,20,,0,0.0,0.0,0.0,0.0,V
134.633,stepper_y1,,20,,0,0.0,0.0,0.0,0.0,V
134.653,stepper_x,,20,,0,0.0,0.0,0.0,0.0,V
134.653,stepper_y,,20,,0,0.0,0.0,0.0,0.0,V
134.653,stepper_y1,,20,,0,0.0,0.0,0.0,0.0,V
134.673,stepper_x,,20,,0,0.0,0.0,0.0,0.0,V
134.673,stepper_y,,20,,0,0.0,0.0,0.0,0.0,V
134.673,stepper_y1,,20,,0,0.0,0.0,0.0,0.0,V
134.693,stepper_x,,20,,0,0.0,0.0,0.0,0.0,V
134.693,stepper_y,,20,,0,0.0,0.0,0.0,0.0,V
134.693,stepper_y1,,20,,0,0.0,0.0,0.0,0.0,V
134.714,stepper_x,,20,,0,0.0,0.0,0.0,0.0,V
134.714,stepper_y,,20,,0,0.0,0.0,0.0,0.0,V
134.714,stepper_y1,,20,,0,0.0,0.0,0.0,0.0,V
134.734,stepper_x,,20,,0,0.0,0.0,0.0,0.0,V
134.734,stepper_y,,20,,0,0.0,0.0,0.0,0.0,V
134.734,stepper_y1,,20,,0,0.0,0.0,0.0,0.0,V
134.754,stepper_x,,20,,0,0.0,0.0,0.0,0.0,V
134.754,stepper_y,,20,,0,0.0,0.0,0.0,0.0,V
134.754,stepper_y1,,20,,0,0.0,0.0,0.0,0.0,V
134.775,stepper_x,,20,,0,0.0,0.0,0.0,0.0,V
134.775,stepper_y,,20,,0,0.0,0.0,0.0,0.0,V
134.775,stepper_y1,,20,,0,0.0,0.0,0.0,0.0,V
134.795,stepper_x,,20,,0,0.0,0.0,0.0,0.0,V
134.795,stepper_y,,20,,0,0.0,0.0,0.0,0.0,V
134.795,stepper_y1,,20,,0,0.0,0.0,0.0,0.0,V
134.815,stepper_x,,20,,0,0.0,0.0,0.0,0.0,V
134.815,stepper_y,,20,,0,0.0,0.0,0.0,0.0,V
134.815,stepper_y1,,20,,0,0.0,0.0,0.0,0.0,V
134.835,stepper_x,,20,,0,0.0,0.0,0.0,0.0,V
134.835,stepper_y,,20,,0,0.0,0.0,0.0,0.0,V
134.835,stepper_y1,,20,,0,0.0,0.0,0.0,0.0,V
134.855,stepper_x,,20,,0,0.0,0.0,0.0,0.0,V
134.855,stepper_y,,20,,0,0.0,0.0,0.0,0.0,V
134.855,stepper_y1,,20,,0,0.0,0.0,0.0,0.0,V
134.876,stepper_x,,20,,0,0.0,0.0,0.0,0.0,V
134.876,stepper_y,,20,,0,0.0,0.0,0.0,0.0,V
134.876,stepper_y1,,20,,0,0.0,0.0,0.0,0.0,V
134.897,stepper_x,,20,,0,0.0,0.0,0.0,0.0,V
134.897,stepper_y,,20,,0,0.0,0.0,0.0,0.0,V
134.897,stepper_y1,,20,,0,0.0,0.0,0.0,0.0,V
134.917,stepper_x,,20,,0,0.0,0.0,0.0,0.0,V
134.917,stepper_y,,20,,0,0.0,0.0,0.0,0.0,V
134.917,stepper_y1,,20,,0,0.0,0.0,0.0,0.0,V
134.937,stepper_x,,20,,0,0.0,0.0,0.0,0.0,V
134.937,stepper_y,,20,,0,0.0,0.0,0.0,0.0,V
134.937,stepper_y1,,20,,0,0.0,0.0,0.0,0.0,V
134.957,stepper_x,,20,,0,0.0,0.0,0.0,0.0,V
134.957,stepper_y,,20,,0,0.0,0.0,0.0,0.0,V
134.957,stepper_y1,,20,,0,0.0,0.0,0.0,0.0,V
134.978,stepper_x,,20,,0,0.0,0.0,0.0,0.0,V
134.978,stepper_y,,20,,0,0.0,0.0,0.0,0.0,V
134.978,stepper_y1,,20,,0,0.0,0.0,0.0,0.0,V
134.998,stepper_x,,20,,0,0.0,0.0,0.0,0.0,V
134.998,stepper_y,,20,,0,0.0,0.0,0.0,0.0,V
134.998,stepper_y1,,20,,0,0.0,0.0,0.0,0.0,V
135.019,stepper_x,,20,,0,0.0,0.0,0.0,0.0,V
135.019,stepper_y,,20,,0,0.0,0.0,0.0,0.0,V
135.019,stepper_y1,,20,,0,0.0,0.0,0.0,0.0,V
135.039,stepper_x,,20,,0,0.0,0.0,0.0,0.0,V
135.039,stepper_y,,20,,0,0.0,0.0,0.0,0.0,V
135.039,stepper_y1,,20,,0,0.0,0.0,0.0,0.0,V
135.059,stepper_x,,20,,0,0.0,0.0,0.0,0.0,V
135.059,stepper_y,,20,,0,0.0,0.0,0.0,0.0,V
135.059,stepper_y1,,20,,0,0.0,0.0,0.0,0.0,V
135.08,stepper_x,,20,,0,0.0,0.0,0.0,0.0,V
135.08,stepper_y,,20,,0,0.0,0.0,0.0,0.0,V
135.08,stepper_y1,,20,,0,0.0,0.0,0.0,0.0,V
135.1,stepper_x,,20,,0,0.0,0.0,0.0,0.0,V
135.1,stepper_y,,20,,0,0.0,0.0,0.0,0.0,V
135.1,stepper_y1,,20,,0,0.0,0.0,0.0,0.0,V
135.12,stepper_x,,20,,0,0.0,0.0,0.0,0.0,V
135.12,stepper_y,,20,,0,0.0,0.0,0.0,0.0,V
135.12,stepper_y1,,20,,0,0.0,0.0,0.0,0.0,V
135.14,stepper_x,,20,,0,0.0,0.0,0.0,0.0,V
135.14,stepper_y,,20,,0,0.0,0.0,0.0,0.0,V
135.14,stepper_y1,,20,,0,0.0,0.0,0.0,0.0,V
135.16,stepper_x,,20,,0,0.0,0.0,0.0,0.0,V
135.16,stepper_y,,20,,0,0.0,0.0,0.0,0.0,V
135.16,stepper_y1,,20,,0,0.0,0.0,0.0,0.0,V
135.181,stepper_x,,20,,0,0.0,0.0,0.0,0.0,V
135.181,stepper_y,,20,,0,0.0,0.0,0.0,0.0,V
135.181,stepper_y1,,20,,0,0.0,0.0,0.0,0.0,V
135.201,stepper_x,,20,,0,0.0,0.0,0.0,0.0,V
135.201,stepper_y,,20,,0,0.0,0.0,0.0,0.0,V
135.201,stepper_y1,,20,,0,0.0,0.0,0.0,0.0,V
135.221,stepper_x,,20,,0,0.0,0.0,0.0,0.0,V
135.221,stepper_y,,20,,0,0.0,0.0,0.0,0.0,V
135.221,stepper_y1,,20,,0,0.0,0.0,0.0,0.0,V
135.241,stepper_x,,20,,0,0.0,0.0,0.0,0.0,V
135.241,stepper_y,,20,,0,0.0,0.0,0.0,0.0,V
135.241,stepper_y1,,20,,0,0.0,0.0,0.0,0.0,V
135.262,stepper_x,,20,,0,0.0,0.0,0.0,0.0,V
135.262,stepper_y,,20,,0,0.0,0.0,0.0,0.0,V
135.262,stepper_y1,,20,,0,0.0,0.0,0.0,0.0,V
135.282,stepper_x,,20,,0,0.0,0.0,0.0,0.0,V
135.282,stepper_y,,20,,0,0.0,0.0,0.0,0.0,V
135.282,stepper_y1,,20,,0,0.0,0.0,0.0,0.0,V
135.302,stepper_x,,20,,0,0.0,0.0,0.0,0.0,V
135.302,stepper_y,,20,,0,0.0,0.0,0.0,0.0,V
135.302,stepper_y1,,20,,0,0.0,0.0,0.0,0.0,V
135.322,stepper_x,,20,,0,0.0,0.0,0.0,0.0,V
135.322,stepper_y,,20,,0,0.0,0.0,0.0,0.0,V
135.322,stepper_y1,,20,,0,0.0,0.0,0.0,0.0,V
135.342,stepper_x,,20,,0,0.0,0.0,0.0,0.0,V
135.342,stepper_y,,20,,0,0.0,0.0,0.0,0.0,V
135.342,stepper_y1,,20,,0,0.0,0.0,0.0,0.0,V
135.362,stepper_x,,20,,0,0.0,0.0,0.0,0.0,V
135.362,stepper_y,,20,,0,0.0,0.0,0.0,0.0,V
135.362,stepper_y1,,20,,0,0.0,0.0,0.0,0.0,V
135.383,stepper_x,,20,,0,0.0,0.0,0.0,0.0,V
135.383,stepper_y,,20,,0,0.0,0.0,0.0,0.0,V
135.383,stepper_y1,,20,,0,0.0,0.0,0.0,0.0,V
135.403,stepper_x,,20,,0,0.0,0.0,0.0,0.0,V
135.403,stepper_y,,20,,0,0.0,0.0,0.0,0.0,V
135.403,stepper_y1,,20,,0,0.0,0.0,0.0,0.0,V
135.423,stepper_x,,20,,0,0.0,0.0,0.0,0.0,V
135.423,stepper_y,,20,,0,0.0,0.0,0.0,0.0,V
135.423,stepper_y1,,20,,0,0.0,0.0,0.0,0.0,V
135.443,stepper_x,,20,,0,0.0,0.0,0.0,0.0,V
135.443,stepper_y,,20,,0,0.0,0.0,0.0,0.0,V
135.443,stepper_y1,,20,,0,0.0,0.0,0.0,0.0,V
135.464,stepper_x,,20,,0,0.0,0.0,0.0,0.0,V
135.464,stepper_y,,20,,0,0.0,0.0,0.0,0.0,V
135.464,stepper_y1,,20,,0,0.0,0.0,0.0,0.0,V
135.484,stepper_x,,20,,0,0.0,0.0,0.0,0.0,V
135.484,stepper_y,,20,,0,0.0,0.0,0.0,0.0,V
135.484,stepper_y1,,20,,0,0.0,0.0,0.0,0.0,V
135.504,stepper_x,,20,,0,0.0,0.0,0.0,0.0,V
135.504,stepper_y,,20,,0,0.0,0.0,0.0,0.0,V
135.504,stepper_y1,,20,,0,0.0,0.0,0.0,0.0,V
135.524,stepper_x,,20,,0,0.0,0.0,0.0,0.0,V
135.524,stepper_y,,20,,0,0.0,0.0,0.0,0.0,V
135.524,stepper_y1,,20,,0,0.0,0.0,0.0,0.0,V
135.544,stepper_x,,20,,0,0.0,0.0,0.0,0.0,V
135.544,stepper_y,,20,,0,0.0,0.0,0.0,0.0,V
135.544,stepper_y1,,20,,0,0.0,0.0,0.0,0.0,V
135.565,stepper_x,,20,,0,0.0,0.0,0.0,0.0,V
135.565,stepper_y,,20,,0,0.0,0.0,0.0,0.0,V
135.565,stepper_y1,,20,,0,0.0,0.0,0.0,0.0,V
135.585,stepper_x,,20,,0,0.0,0.0,0.0,0.0,V
135.585,stepper_y,,20,,0,0.0,0.0,0.0,0.0,V
135.585,stepper_y1,,20,,0,0.0,0.0,0.0,0.0,V
135.605,stepper_x,,20,,0,0.0,0.0,0.0,0.0,V
135.605,stepper_y,,20,,0,0.0,0.0,0.0,0.0,V
135.605,stepper_y1,,20,,0,0.0,0.0,0.0,0.0,V
135.625,stepper_x,,20,,0,0.0,0.0,0.0,0.0,V
135.625,stepper_y,,20,,0,0.0,0.0,0.0,0.0,V
135.625,stepper_y1,,20,,0,0.0,0.0,0.0,0.0,V
135.645,stepper_x,,20,,0,0.0,0.0,0.0,0.0,V
135.645,stepper_y,,20,,0,0.0,0.0,0.0,0.0,V
135.645,stepper_y1,,20,,0,0.0,0.0,0.0,0.0,V
135.666,stepper_x,,20,,0,0.0,0.0,0.0,0.0,V
135.666,stepper_y,,20,,0,0.0,0.0,0.0,0.0,V
135.666,stepper_y1,,20,,0,0.0,0.0,0.0,0.0,V
135.686,stepper_x,,20,,0,0.0,0.0,0.0,0.0,V
135.686,stepper_y,,20,,0,0.0,0.0,0.0,0.0,V
135.686,stepper_y1,,20,,0,0.0,0.0,0.0,0.0,V
135.706,stepper_x,,20,,0,0.0,0.0,0.0,0.0,V
135.706,stepper_y,,20,,0,0.0,0.0,0.0,0.0,V
135.706,stepper_y1,,20,,0,0.0,0.0,0.0,0.0,V
135.726,stepper_x,,20,,0,0.0,0.0,0.0,0.0,V
135.726,stepper_y,,20,,0,0.0,0.0,0.0,0.0,V
135.726,stepper_y1,,20,,0,0.0,0.0,0.0,0.0,V
135.746,stepper_x,,20,,0,0.0,0.0,0.0,0.0,V
135.746,stepper_y,,20,,0,0.0,0.0,0.0,0.0,V
135.746,stepper_y1,,20,,0,0.0,0.0,0.0,0.0,V
135.767,stepper_x,,20,,0,0.0,0.0,0.0,0.0,V
135.767,stepper_y,,20,,0,0.0,0.0,0.0,0.0,V
135.767,stepper_y1,,20,,0,0.0,0.0,0.0,0.0,V
135.787,stepper_x,,20,,0,0.0,0.0,0.0,0.0,V
135.787,stepper_y,,20,,0,0.0,0.0,0.0,0.0,V
135.787,stepper_y1,,20,,0,0.0,0.0,0.0,0.0,V
135.807,stepper_x,,20,,0,0.0,0.0,0.0,0.0,V
135.807,stepper_y,,20,,0,0.0,0.0,0.0,0.0,V
135.807,stepper_y1,,20,,0,0.0,0.0,0.0,0.0,V
135.827,stepper_x,,20,,0,0.0,0.0,0.0,0.0,V
135.827,stepper_y,,20,,0,0.0,0.0,0.0,0.0,V
135.827,stepper_y1,,20,,0,0.0,0.0,0.0,0.0,V
135.848,stepper_x,,20,,0,0.0,0.0,0.0,0.0,V
135.848,stepper_y,,20,,0,0.0,0.0,0.0,0.0,V
135.848,stepper_y1,,20,,0,0.0,0.0,0.0,0.0,V
135.868,stepper_x,,20,,0,0.0,0.0,0.0,0.0,V
135.868,stepper_y,,20,,0,0.0,0.0,0.0,0.0,V
135.868,stepper_y1,,20,,0,0.0,0.0,0.0,0.0,V
135.889,stepper_x,,20,,0,0.0,0.0,0.0,0.0,V
135.889,stepper_y,,20,,0,0.0,0.0,0.0,0.0,V
135.889,stepper_y1,,20,,0,0.0,0.0,0.0,0.0,V
135.909,stepper_x,,20,,0,0.0,0.0,0.0,0.0,V
135.909,stepper_y,,20,,0,0.0,0.0,0.0,0.0,V
135.909,stepper_y1,,20,,0,0.0,0.0,0.0,0.0,V
135.93,stepper_x,,20,,0,0.0,0.0,0.0,0.0,V
135.93,stepper_y,,20,,0,0.0,0.0,0.0,0.0,V
135.93,stepper_y1,,20,,0,0.0,0.0,0.0,0.0,V
135.95,stepper_x,,20,,0,0.0,0.0,0.0,0.0,V
135.95,stepper_y,,20,,0,0.0,0.0,0.0,0.0,V
135.95,stepper_y1,,20,,0,0.0,0.0,0.0,0.0,V
135.97,stepper_x,,20,,0,0.0,0.0,0.0,0.0,V
135.97,stepper_y,,20,,0,0.0,0.0,0.0,0.0,V
135.97,stepper_y1,,20,,0,0.0,0.0,0.0,0.0,V
135.99,stepper_x,,20,,0,0.0,0.0,0.0,0.0,V
135.99,stepper_y,,20,,0,0.0,0.0,0.0,0.0,V
135.99,stepper_y1,,20,,0,0.0,0.0,0.0,0.0,V
136.01,stepper_x,,20,,0,0.0,0.0,0.0,0.0,V
136.01,stepper_y,,20,,0,0.0,0.0,0.0,0.0,V
136.01,stepper_y1,,20,,0,0.0,0.0,0.0,0.0,V
136.031,stepper_x,,20,,0,0.0,0.0,0.0,0.0,V
136.031,stepper_y,,20,,0,0.0,0.0,0.0,0.0,V
136.031,stepper_y1,,20,,0,0.0,0.0,0.0,0.0,V
136.051,stepper_x,,20,,0,0.0,0.0,0.0,0.0,V
136.051,stepper_y,,20,,0,0.0,0.0,0.0,0.0,V
136.051,stepper_y1,,20,,0,0.0,0.0,0.0,0.0,V
136.071,stepper_x,,20,,0,0.0,0.0,0.0,0.0,V
136.071,stepper_y,,20,,0,0.0,0.0,0.0,0.0,V
136.071,stepper_y1,,20,,0,0.0,0.0,0.0,0.0,V
136.091,stepper_x,,20,,0,0.0,0.0,0.0,0.0,V
136.091,stepper_y,,20,,0,0.0,0.0,0.0,0.0,V
136.091,stepper_y1,,20,,0,0.0,0.0,0.0,0.0,V
136.111,stepper_x,,20,,0,0.0,0.0,0.0,0.0,V
136.111,stepper_y,,20,,0,0.0,0.0,0.0,0.0,V
136.111,stepper_y1,,20,,0,0.0,0.0,0.0,0.0,V
136.132,stepper_x,,20,,0,0.0,0.0,0.0,0.0,V
136.132,stepper_y,,20,,0,0.0,0.0,0.0,0.0,V
136.132,stepper_y1,,20,,0,0.0,0.0,0.0,0.0,V
136.152,stepper_x,,20,,0,0.0,0.0,0.0,0.0,V
136.152,stepper_y,,20,,0,0.0,0.0,0.0,0.0,V
136.152,stepper_y1,,20,,0,0.0,0.0,0.0,0.0,V
136.172,stepper_x,,20,,0,0.0,0.0,0.0,0.0,V
136.172,stepper_y,,20,,0,0.0,0.0,0.0,0.0,V
136.172,stepper_y1,,20,,0,0.0,0.0,0.0,0.0,V
136.192,stepper_x,,20,,0,0.0,0.0,0.0,0.0,V
136.192,stepper_y,,20,,0,0.0,0.0,0.0,0.0,V
136.192,stepper_y1,,20,,0,0.0,0.0,0.0,0.0,V
136.212,stepper_x,,20,,0,0.0,0.0,0.0,0.0,V
136.212,stepper_y,,20,,0,0.0,0.0,0.0,0.0,V
136.212,stepper_y1,,20,,0,0.0,0.0,0.0,0.0,V
136.233,stepper_x,,20,,0,0.0,0.0,0.0,0.0,V
136.233,stepper_y,,20,,0,0.0,0.0,0.0,0.0,V
136.233,stepper_y1,,20,,0,0.0,0.0,0.0,0.0,V
136.253,stepper_x,,20,,0,0.0,0.0,0.0,0.0,V
136.253,stepper_y,,20,,0,0.0,0.0,0.0,0.0,V
136.253,stepper_y1,,20,,0,0.0,0.0,0.0,0.0,V
136.273,stepper_x,,20,,0,0.0,0.0,0.0,0.0,V
136.273,stepper_y,,20,,0,0.0,0.0,0.0,0.0,V
136.273,stepper_y1,,20,,0,0.0,0.0,0.0,0.0,V
136.293,stepper_x,,20,,0,0.0,0.0,0.0,0.0,V
136.293,stepper_y,,20,,0,0.0,0.0,0.0,0.0,V
136.293,stepper_y1,,20,,0,0.0,0.0,0.0,0.0,V
136.313,stepper_x,,20,,0,0.0,0.0,0.0,0.0,V
136.313,stepper_y,,20,,0,0.0,0.0,0.0,0.0,V
136.313,stepper_y1,,20,,0,0.0,0.0,0.0,0.0,V
136.334,stepper_x,,20,,0,0.0,0.0,0.0,0.0,V
136.334,stepper_y,,20,,0,0.0,0.0,0.0,0.0,V
136.334,stepper_y1,,20,,0,0.0,0.0,0.0,0.0,V
136.354,stepper_x,,20,,0,0.0,0.0,0.0,0.0,V
136.354,stepper_y,,20,,0,0.0,0.0,0.0,0.0,V
136.354,stepper_y1,,20,,0,0.0,0.0,0.0,0.0,V
136.374,stepper_x,,20,,0,0.0,0.0,0.0,0.0,V
136.374,stepper_y,,20,,0,0.0,0.0,0.0,0.0,V
136.374,stepper_y1,,20,,0,0.0,0.0,0.0,0.0,V
136.394,stepper_x,,20,,0,0.0,0.0,0.0,0.0,V
136.394,stepper_y,,20,,0,0.0,0.0,0.0,0.0,V
136.394,stepper_y1,,20,,0,0.0,0.0,0.0,0.0,V
136.414,stepper_x,,20,,0,0.0,0.0,0.0,0.0,V
136.414,stepper_y,,20,,0,0.0,0.0,0.0,0.0,V
136.414,stepper_y1,,20,,0,0.0,0.0,0.0,0.0,V
136.435,stepper_x,,20,,0,0.0,0.0,0.0,0.0,V
136.435,stepper_y,,20,,0,0.0,0.0,0.0,0.0,V
136.435,stepper_y1,,20,,0,0.0,0.0,0.0,0.0,V
136.455,stepper_x,,20,,0,0.0,0.0,0.0,0.0,V
136.455,stepper_y,,20,,0,0.0,0.0,0.0,0.0,V
136.455,stepper_y1,,20,,0,0.0,0.0,0.0,0.0,V
136.475,stepper_x,,20,,0,0.0,0.0,0.0,0.0,V
136.475,stepper_y,,20,,0,0.0,0.0,0.0,0.0,V
136.475,stepper_y1,,20,,0,0.0,0.0,0.0,0.0,V
136.495,stepper_x,,20,,0,0.0,0.0,0.0,0.0,V
136.495,stepper_y,,20,,0,0.0,0.0,0.0,0.0,V
136.495,stepper_y1,,20,,0,0.0,0.0,0.0,0.0,V
136.515,stepper_x,,20,,0,0.0,0.0,0.0,0.0,V
136.515,stepper_y,,20,,0,0.0,0.0,0.0,0.0,V
136.515,stepper_y1,,20,,0,0.0,0.0,0.0,0.0,V
136.536,stepper_x,,20,,0,0.0,0.0,0.0,0.0,V
136.536,stepper_y,,20,,0,0.0,0.0,0.0,0.0,V
136.536,stepper_y1,,20,,0,0.0,0.0,0.0,0.0,V
136.556,stepper_x,,20,,0,0.0,0.0,0.0,0.0,V
136.556,stepper_y,,20,,0,0.0,0.0,0.0,0.0,V
136.556,stepper_y1,,20,,0,0.0,0.0,0.0,0.0,V
136.576,stepper_x,,20,,0,0.0,0.0,0.0,0.0,V
136.576,stepper_y,,20,,0,0.0,0.0,0.0,0.0,V
136.576,stepper_y1,,20,,0,0.0,0.0,0.0,0.0,V
136.596,stepper_x,,20,,0,0.0,0.0,0.0,0.0,V
136.596,stepper_y,,20,,0,0.0,0.0,0.0,0.0,V
136.596,stepper_y1,,20,,0,0.0,0.0,0.0,0.0,V
136.616,stepper_x,,20,,0,0.0,0.0,0.0,0.0,V
136.616,stepper_y,,20,,0,0.0,0.0,0.0,0.0,V
136.616,stepper_y1,,20,,0,0.0,0.0,0.0,0.0,V
136.637,stepper_x,,20,,0,0.0,0.0,0.0,0.0,V
136.637,stepper_y,,20,,0,0.0,0.0,0.0,0.0,V
136.637,stepper_y1,,20,,0,0.0,0.0,0.0,0.0,V
136.658,stepper_x,,20,,0,0.0,0.0,0.0,0.0,V
136.658,stepper_y,,20,,0,0.0,0.0,0.0,0.0,V
136.658,stepper_y1,,20,,0,0.0,0.0,0.0,0.0,V
136.678,stepper_x,,20,,0,0.0,0.0,0.0,0.0,V
136.678,stepper_y,,20,,0,0.0,0.0,0.0,0.0,V
136.678,stepper_y1,,20,,0,0.0,0.0,0.0,0.0,V
136.698,stepper_x,,20,,0,0.0,0.0,0.0,0.0,V
136.698,stepper_y,,20,,0,0.0,0.0,0.0,0.0,V
136.698,stepper_y1,,20,,0,0.0,0.0,0.0,0.0,V
136.718,stepper_x,,20,,0,0.0,0.0,0.0,0.0,V
136.718,stepper_y,,20,,0,0.0,0.0,0.0,0.0,V
136.718,stepper_y1,,20,,0,0.0,0.0,0.0,0.0,V
136.739,stepper_x,,20,,0,0.0,0.0,0.0,0.0,V
136.739,stepper_y,,20,,0,0.0,0.0,0.0,0.0,V
136.739,stepper_y1,,20,,0,0.0,0.0,0.0,0.0,V
136.759,stepper_x,,20,,0,0.0,0.0,0.0,0.0,V
136.759,stepper_y,,20,,0,0.0,0.0,0.0,0.0,V
136.759,stepper_y1,,20,,0,0.0,0.0,0.0,0.0,V
136.779,stepper_x,,20,,0,0.0,0.0,0.0,0.0,V
136.779,stepper_y,,20,,0,0.0,0.0,0.0,0.0,V
136.779,stepper_y1,,20,,0,0.0,0.0,0.0,0.0,V
136.799,stepper_x,,20,,0,0.0,0.0,0.0,0.0,V
136.799,stepper_y,,20,,0,0.0,0.0,0.0,0.0,V
136.799,stepper_y1,,20,,0,0.0,0.0,0.0,0.0,V
136.819,stepper_x,,20,,0,0.0,0.0,0.0,0.0,V
136.819,stepper_y,,20,,0,0.0,0.0,0.0,0.0,V
136.819,stepper_y1,,20,,0,0.0,0.0,0.0,0.0,V
136.84,stepper_x,,20,,0,0.0,0.0,0.0,0.0,V
136.84,stepper_y,,20,,0,0.0,0.0,0.0,0.0,V
136.84,stepper_y1,,20,,0,0.0,0.0,0.0,0.0,V
136.86,stepper_x,,20,,0,0.0,0.0,0.0,0.0,V
136.86,stepper_y,,20,,0,0.0,0.0,0.0,0.0,V
136.86,stepper_y1,,20,,0,0.0,0.0,0.0,0.0,V
136.88,stepper_x,,20,,0,0.0,0.0,0.0,0.0,V
136.88,stepper_y,,20,,0,0.0,0.0,0.0,0.0,V
136.88,stepper_y1,,20,,0,0.0,0.0,0.0,0.0,V
136.9,stepper_x,,20,,0,0.0,0.0,0.0,0.0,V
136.9,stepper_y,,20,,0,0.0,0.0,0.0,0.0,V
136.9,stepper_y1,,20,,0,0.0,0.0,0.0,0.0,V
136.92,stepper_x,,20,,0,0.0,0.0,0.0,0.0,V
136.92,stepper_y,,20,,0,0.0,0.0,0.0,0.0,V
136.92,stepper_y1,,20,,0,0.0,0.0,0.0,0.0,V
136.941,stepper_x,,20,,0,0.0,0.0,0.0,0.0,V
136.941,stepper_y,,20,,0,0.0,0.0,0.0,0.0,V
136.941,stepper_y1,,20,,0,0.0,0.0,0.0,0.0,V
136.961,stepper_x,,20,,0,0.0,0.0,0.0,0.0,V
136.961,stepper_y,,20,,0,0.0,0.0,0.0,0.0,V
136.961,stepper_y1,,20,,0,0.0,0.0,0.0,0.0,V
136.981,stepper_x,,20,,0,0.0,0.0,0.0,0.0,V
136.981,stepper_y,,20,,0,0.0,0.0,0.0,0.0,V
136.981,stepper_y1,,20,,0,0.0,0.0,0.0,0.0,V
137.001,stepper_x,,20,,0,0.0,0.0,0.0,0.0,V
137.001,stepper_y,,20,,0,0.0,0.0,0.0,0.0,V
137.001,stepper_y1,,20,,0,0.0,0.0,0.0,0.0,V
137.022,stepper_x,,20,,0,0.0,0.0,0.0,0.0,V
137.022,stepper_y,,20,,0,0.0,0.0,0.0,0.0,V
137.022,stepper_y1,,20,,0,0.0,0.0,0.0,0.0,V
137.043,stepper_x,,20,,0,0.0,0.0,0.0,0.0,V
137.043,stepper_y,,20,,0,0.0,0.0,0.0,0.0,V
137.043,stepper_y1,,20,,0,0.0,0.0,0.0,0.0,V
137.063,stepper_x,,20,,0,0.0,0.0,0.0,0.0,V
137.063,stepper_y,,20,,0,0.0,0.0,0.0,0.0,V
137.063,stepper_y1,,20,,0,0.0,0.0,0.0,0.0,V
137.083,stepper_x,,20,,0,0.0,0.0,0.0,0.0,V
137.083,stepper_y,,20,,0,0.0,0.0,0.0,0.0,V
137.083,stepper_y1,,20,,0,0.0,0.0,0.0,0.0,V
137.103,stepper_x,,20,,0,0.0,0.0,0.0,0.0,V
137.103,stepper_y,,20,,0,0.0,0.0,0.0,0.0,V
137.103,stepper_y1,,20,,0,0.0,0.0,0.0,0.0,V
137.123,stepper_x,,20,,0,0.0,0.0,0.0,0.0,V
137.123,stepper_y,,20,,0,0.0,0.0,0.0,0.0,V
137.123,stepper_y1,,20,,0,0.0,0.0,0.0,0.0,V
137.144,stepper_x,,20,,0,0.0,0.0,0.0,0.0,V
137.144,stepper_y,,20,,0,0.0,0.0,0.0,0.0,V
137.144,stepper_y1,,20,,0,0.0,0.0,0.0,0.0,V
137.164,stepper_x,,20,,0,0.0,0.0,0.0,0.0,V
137.164,stepper_y,,20,,0,0.0,0.0,0.0,0.0,V
137.164,stepper_y1,,20,,0,0.0,0.0,0.0,0.0,V
137.184,stepper_x,,20,,0,0.0,0.0,0.0,0.0,V
137.184,stepper_y,,20,,0,0.0,0.0,0.0,0.0,V
137.184,stepper_y1,,20,,0,0.0,0.0,0.0,0.0,V
137.204,stepper_x,,20,,0,0.0,0.0,0.0,0.0,V
137.204,stepper_y,,20,,0,0.0,0.0,0.0,0.0,V
137.204,stepper_y1,,20,,0,0.0,0.0,0.0,0.0,V
137.224,stepper_x,,20,,0,0.0,0.0,0.0,0.0,V
137.224,stepper_y,,20,,0,0.0,0.0,0.0,0.0,V
137.224,stepper_y1,,20,,0,0.0,0.0,0.0,0.0,V
137.245,stepper_x,,20,,0,0.0,0.0,0.0,0.0,V
137.245,stepper_y,,20,,0,0.0,0.0,0.0,0.0,V
137.245,stepper_y1,,20,,0,0.0,0.0,0.0,0.0,V
137.265,stepper_x,,20,,0,0.0,0.0,0.0,0.0,V
137.265,stepper_y,,20,,0,0.0,0.0,0.0,0.0,V
137.265,stepper_y1,,20,,0,0.0,0.0,0.0,0.0,V
137.285,stepper_x,,20,,0,0.0,0.0,0.0,0.0,V
137.285,stepper_y,,20,,0,0.0,0.0,0.0,0.0,V
137.285,stepper_y1,,20,,0,0.0,0.0,0.0,0.0,V
137.305,stepper_x,,20,,0,0.0,0.0,0.0,0.0,V
137.305,stepper_y,,20,,0,0.0,0.0,0.0,0.0,V
137.305,stepper_y1,,20,,0,0.0,0.0,0.0,0.0,V
137.325,stepper_x,,20,,0,0.0,0.0,0.0,0.0,V
137.325,stepper_y,,20,,0,0.0,0.0,0.0,0.0,V
137.325,stepper_y1,,20,,0,0.0,0.0,0.0,0.0,V
137.346,stepper_x,,20,,0,0.0,0.0,0.0,0.0,V
137.346,stepper_y,,20,,0,0.0,0.0,0.0,0.0,V
137.346,stepper_y1,,20,,0,0.0,0.0,0.0,0.0,V
137.366,stepper_x,,20,,0,0.0,0.0,0.0,0.0,V
137.366,stepper_y,,20,,0,0.0,0.0,0.0,0.0,V
137.366,stepper_y1,,20,,0,0.0,0.0,0.0,0.0,V
137.386,stepper_x,,20,,0,0.0,0.0,0.0,0.0,V
137.386,stepper_y,,20,,0,0.0,0.0,0.0,0.0,V
137.386,stepper_y1,,20,,0,0.0,0.0,0.0,0.0,V
137.407,stepper_x,,20,,0,0.0,0.0,0.0,0.0,V
137.407,stepper_y,,20,,0,0.0,0.0,0.0,0.0,V
137.407,stepper_y1,,20,,0,0.0,0.0,0.0,0.0,V
137.428,stepper_x,,20,,0,0.0,0.0,0.0,0.0,V
137.428,stepper_y,,20,,0,0.0,0.0,0.0,0.0,V
137.428,stepper_y1,,20,,0,0.0,0.0,0.0,0.0,V
137.448,stepper_x,,20,,0,0.0,0.0,0.0,0.0,V
137.448,stepper_y,,20,,0,0.0,0.0,0.0,0.0,V
137.448,stepper_y1,,20,,0,0.0,0.0,0.0,0.0,V
137.468,stepper_x,,20,,0,0.0,0.0,0.0,0.0,V
137.468,stepper_y,,20,,0,0.0,0.0,0.0,0.0,V
137.468,stepper_y1,,20,,0,0.0,0.0,0.0,0.0,V
137.488,stepper_x,,20,,0,0.0,0.0,0.0,0.0,V
137.488,stepper_y,,20,,0,0.0,0.0,0.0,0.0,V
137.488,stepper_y1,,20,,0,0.0,0.0,0.0,0.0,V
137.509,stepper_x,,20,,0,0.0,0.0,0.0,0.0,V
137.509,stepper_y,,20,,0,0.0,0.0,0.0,0.0,V
137.509,stepper_y1,,20,,0,0.0,0.0,0.0,0.0,V
137.53,stepper_x,,20,,0,0.0,0.0,0.0,0.0,V
137.53,stepper_y,,20,,0,0.0,0.0,0.0,0.0,V
137.53,stepper_y1,,20,,0,0.0,0.0,0.0,0.0,V
137.55,stepper_x,,20,,0,0.0,0.0,0.0,0.0,V
137.55,stepper_y,,20,,0,0.0,0.0,0.0,0.0,V
137.55,stepper_y1,,20,,0,0.0,0.0,0.0,0.0,V
137.57,stepper_x,,20,,0,0.0,0.0,0.0,0.0,V
137.57,stepper_y,,20,,0,0.0,0.0,0.0,0.0,V
137.57,stepper_y1,,20,,0,0.0,0.0,0.0,0.0,V
137.59,stepper_x,,20,,0,0.0,0.0,0.0,0.0,V
137.59,stepper_y,,20,,0,0.0,0.0,0.0,0.0,V
137.59,stepper_y1,,20,,0,0.0,0.0,0.0,0.0,V
137.611,stepper_x,,20,,0,0.0,0.0,0.0,0.0,V
137.611,stepper_y,,20,,0,0.0,0.0,0.0,0.0,V
137.611,stepper_y1,,20,,0,0.0,0.0,0.0,0.0,V
137.631,stepper_x,,20,,0,0.0,0.0,0.0,0.0,V
137.631,stepper_y,,20,,0,0.0,0.0,0.0,0.0,V
137.631,stepper_y1,,20,,0,0.0,0.0,0.0,0.0,V
137.652,stepper_x,,20,,0,0.0,0.0,0.0,0.0,V
137.652,stepper_y,,20,,0,0.0,0.0,0.0,0.0,V
137.652,stepper_y1,,20,,0,0.0,0.0,0.0,0.0,V
137.672,stepper_x,,20,,0,0.0,0.0,0.0,0.0,V
137.672,stepper_y,,20,,0,0.0,0.0,0.0,0.0,V
137.672,stepper_y1,,20,,0,0.0,0.0,0.0,0.0,V
137.692,stepper_x,,20,,0,0.0,0.0,0.0,0.0,V
137.692,stepper_y,,20,,0,0.0,0.0,0.0,0.0,V
137.692,stepper_y1,,20,,0,0.0,0.0,0.0,0.0,V
137.712,stepper_x,,20,,0,0.0,0.0,0.0,0.0,V
137.712,stepper_y,,20,,0,0.0,0.0,0.0,0.0,V
137.712,stepper_y1,,20,,0,0.0,0.0,0.0,0.0,V
137.733,stepper_x,,20,,0,0.0,0.0,0.0,0.0,V
137.733,stepper_y,,20,,0,0.0,0.0,0.0,0.0,V
137.733,stepper_y1,,20,,0,0.0,0.0,0.0,0.0,V
137.753,stepper_x,,20,,0,0.0,0.0,0.0,0.0,V
137.753,stepper_y,,20,,0,0.0,0.0,0.0,0.0,V
137.753,stepper_y1,,20,,0,0.0,0.0,0.0,0.0,V
137.773,stepper_x,,20,,0,0.0,0.0,0.0,0.0,V
137.773,stepper_y,,20,,0,0.0,0.0,0.0,0.0,V
137.773,stepper_y1,,20,,0,0.0,0.0,0.0,0.0,V
137.793,stepper_x,,20,,0,0.0,0.0,0.0,0.0,V
137.793,stepper_y,,20,,0,0.0,0.0,0.0,0.0,V
137.793,stepper_y1,,20,,0,0.0,0.0,0.0,0.0,V
137.814,stepper_x,,20,,0,0.0,0.0,0.0,0.0,V
137.814,stepper_y,,20,,0,0.0,0.0,0.0,0.0,V
137.814,stepper_y1,,20,,0,0.0,0.0,0.0,0.0,V
137.834,stepper_x,,20,,0,0.0,0.0,0.0,0.0,V
137.834,stepper_y,,20,,0,0.0,0.0,0.0,0.0,V
137.834,stepper_y1,,20,,0,0.0,0.0,0.0,0.0,V
137.854,stepper_x,,20,,0,0.0,0.0,0.0,0.0,V
137.854,stepper_y,,20,,0,0.0,0.0,0.0,0.0,V
137.854,stepper_y1,,20,,0,0.0,0.0,0.0,0.0,V
137.874,stepper_x,,20,,0,0.0,0.0,0.0,0.0,V
137.874,stepper_y,,20,,0,0.0,0.0,0.0,0.0,V
137.874,stepper_y1,,20,,0,0.0,0.0,0.0,0.0,V
137.895,stepper_x,,20,,0,0.0,0.0,0.0,0.0,V
137.895,stepper_y,,20,,0,0.0,0.0,0.0,0.0,V
137.895,stepper_y1,,20,,0,0.0,0.0,0.0,0.0,V
137.915,stepper_x,,20,,0,0.0,0.0,0.0,0.0,V
137.915,stepper_y,,20,,0,0.0,0.0,0.0,0.0,V
137.915,stepper_y1,,20,,0,0.0,0.0,0.0,0.0,V
137.935,stepper_x,,20,,0,0.0,0.0,0.0,0.0,V
137.935,stepper_y,,20,,0,0.0,0.0,0.0,0.0,V
137.935,stepper_y1,,20,,0,0.0,0.0,0.0,0.0,V
137.955,stepper_x,,20,,0,0.0,0.0,0.0,0.0,V
137.955,stepper_y,,20,,0,0.0,0.0,0.0,0.0,V
137.955,stepper_y1,,20,,0,0.0,0.0,0.0,0.0,V
137.975,stepper_x,,20,,0,0.0,0.0,0.0,0.0,V
137.975,stepper_y,,20,,0,0.0,0.0,0.0,0.0,V
137.975,stepper_y1,,20,,0,0.0,0.0,0.0,0.0,V
137.996,stepper_x,,20,,0,0.0,0.0,0.0,0.0,V
137.996,stepper_y,,20,,0,0.0,0.0,0.0,0.0,V
137.996,stepper_y1,,20,,0,0.0,0.0,0.0,0.0,V
138.016,stepper_x,,20,,0,0.0,0.0,0.0,0.0,V
138.016,stepper_y,,20,,0,0.0,0.0,0.0,0.0,V
138.016,stepper_y1,,20,,0,0.0,0.0,0.0,0.0,V
138.037,stepper_x,,20,,0,0.0,0.0,0.0,0.0,V
138.037,stepper_y,,20,,0,0.0,0.0,0.0,0.0,V
138.037,stepper_y1,,20,,0,0.0,0.0,0.0,0.0,V
138.058,stepper_x,,20,,0,0.0,0.0,0.0,0.0,V
138.058,stepper_y,,20,,0,0.0,0.0,0.0,0.0,V
138.058,stepper_y1,,20,,0,0.0,0.0,0.0,0.0,V
138.078,stepper_x,,20,,0,0.0,0.0,0.0,0.0,V
138.078,stepper_y,,20,,0,0.0,0.0,0.0,0.0,V
138.078,stepper_y1,,20,,0,0.0,0.0,0.0,0.0,V
138.098,stepper_x,,20,,0,0.0,0.0,0.0,0.0,V
138.098,stepper_y,,20,,0,0.0,0.0,0.0,0.0,V
138.098,stepper_y1,,20,,0,0.0,0.0,0.0,0.0,V
138.118,stepper_x,,20,,0,0.0,0.0,0.0,0.0,V
138.118,stepper_y,,20,,0,0.0,0.0,0.0,0.0,V
138.118,stepper_y1,,20,,0,0.0,0.0,0.0,0.0,V
138.139,stepper_x,,20,,0,0.0,0.0,0.0,0.0,V
138.139,stepper_y,,20,,0,0.0,0.0,0.0,0.0,V
138.139,stepper_y1,,20,,0,0.0,0.0,0.0,0.0,V
138.159,stepper_x,,20,,0,3.0,0.0,0.0,0.15,V
138.159,stepper_y,,20,,0,3.0,0.0,0.0,0.15,V
138.159,stepper_y1,,20,,0,3.0,0.0,0.0,0.15,V
138.179,stepper_x,,20,,0,3.0,0.0,0.0,0.15,V
138.179,stepper_y,,20,,0,3.0,0.0,0.0,0.15,V
138.179,stepper_y1,,20,,0,3.0,0.0,0.0,0.15,V
138.2,stepper_x,,20,,0,3.0,0.0,0.0,0.15,V
138.2,stepper_y,,20,,0,3.0,0.0,0.0,0.15,V
138.2,stepper_y1,,20,,0,3.0,0.0,0.0,0.15,V
138.22,stepper_x,,20,,0,3.0,0.0,0.0,0.15,V
138.22,stepper_y,,20,,0,3.0,0.0,0.0,0.15,V
138.22,stepper_y1,,20,,0,3.0,0.0,0.0,0.15,V
138.24,stepper_x,,20,,0,3.0,0.0,0.0,0.15,V
138.24,stepper_y,,20,,0,3.0,0.0,0.0,0.15,V
138.24,stepper_y1,,20,,0,3.0,0.0,0.0,0.15,V
138.26,stepper_x,,20,,0,3.0,0.0,0.0,0.15,V
138.26,stepper_y,,20,,0,3.0,0.0,0.0,0.15,V
138.26,stepper_y1,,20,,0,3.0,0.0,0.0,0.15,V
138.28,stepper_x,,20,,0,3.0,0.0,0.0,0.15,V
138.28,stepper_y,,20,,0,3.0,0.0,0.0,0.15,V
138.28,stepper_y1,,20,,0,3.0,0.0,0.0,0.15,V
138.301,stepper_x,,20,,0,3.0,0.0,0.0,0.15,V
138.301,stepper_y,,20,,0,3.0,0.0,0.0,0.15,V
138.301,stepper_y1,,20,,0,3.0,0.0,0.0,0.15,V
138.321,stepper_x,,20,,0,3.0,0.0,0.0,0.15,V
138.321,stepper_y,,20,,0,3.0,0.0,0.0,0.15,V
138.321,stepper_y1,,20,,0,3.0,0.0,0.0,0.15,V
138.341,stepper_x,,20,,0,3.0,0.0,0.0,0.15,V
138.341,stepper_y,,20,,0,3.0,0.0,0.0,0.15,V
138.341,stepper_y1,,20,,0,3.0,0.0,0.0,0.15,V
138.361,stepper_x,,20,,0,3.0,0.0,0.0,0.15,V
138.361,stepper_y,,20,,0,3.0,0.0,0.0,0.15,V
138.361,stepper_y1,,20,,0,3.0,0.0,0.0,0.15,V
138.381,stepper_x,,20,,0,3.0,0.0,0.0,0.15,V
138.381,stepper_y,,20,,0,3.0,0.0,0.0,0.15,V
138.381,stepper_y1,,20,,0,3.0,0.0,0.0,0.15,V
138.402,stepper_x,,20,,0,8.5,0.0,0.0,1.8,V
138.402,stepper_y,,20,,0,8.5,0.0,0.0,1.8,V
138.402,stepper_y1,,20,,0,8.5,0.0,0.0,1.8,V
138.422,stepper_x,,20,,0,8.5,0.0,0.0,1.8,V
138.422,stepper_y,,20,,0,8.5,0.0,0.0,1.8,V
138.422,stepper_y1,,20,,0,8.5,0.0,0.0,1.8,V
138.442,stepper_x,,20,,0,8.5,0.0,0.0,1.8,V
138.442,stepper_y,,20,,0,8.5,0.0,0.0,1.8,V
138.442,stepper_y1,,20,,0,8.5,0.0,0.0,1.8,V
138.462,stepper_x,,20,,0,8.5,0.0,0.0,1.8,V
138.462,stepper_y,,20,,0,8.5,0.0,0.0,1.8,V
138.462,stepper_y1,,20,,0,8.5,0.0,0.0,1.8,V
138.483,stepper_x,,20,,0,8.5,0.0,0.0,1.8,V
138.483,stepper_y,,20,,0,8.5,0.0,0.0,1.8,V
138.483,stepper_y1,,20,,0,8.5,0.0,0.0,1.8,V
138.503,stepper_x,,20,,0,8.5,0.0,0.0,1.8,V
138.503,stepper_y,,20,,0,8.5,0.0,0.0,1.8,V
138.503,stepper_y1,,20,,0,8.5,0.0,0.0,1.8,V
138.523,stepper_x,,20,,0,8.5,0.0,0.0,1.8,V
138.523,stepper_y,,20,,0,8.5,0.0,0.0,1.8,V
138.523,stepper_y1,,20,,0,8.5,0.0,0.0,1.8,V
138.543,stepper_x,,20,,0,8.5,0.0,0.0,1.8,V
138.543,stepper_y,,20,,0,8.5,0.0,0.0,1.8,V
138.543,stepper_y1,,20,,0,8.5,0.0,0.0,1.8,V
138.563,stepper_x,,20,,0,8.5,0.0,0.0,1.8,V
138.563,stepper_y,,20,,0,8.5,0.0,0.0,1.8,V
138.563,stepper_y1,,20,,0,8.5,0.0,0.0,1.8,V
138.584,stepper_x,,20,,0,8.5,0.0,0.0,1.8,V
138.584,stepper_y,,20,,0,8.5,0.0,0.0,1.8,V
138.584,stepper_y1,,20,,0,8.5,0.0,0.0,1.8,V
138.604,stepper_x,,20,,0,8.5,0.0,0.0,1.8,V
138.604,stepper_y,,20,,0,8.5,0.0,0.0,1.8,V
138.604,stepper_y1,,20,,0,8.5,0.0,0.0,1.8,V
138.624,stepper_x,,20,,0,8.5,0.0,0.0,1.8,V
138.624,stepper_y,,20,,0,8.5,0.0,0.0,1.8,V
138.624,stepper_y1,,20,,0,8.5,0.0,0.0,1.8,V
138.645,stepper_x,,20,,0,0.9,0.0,0.0,2.99,V
138.645,stepper_y,,20,,0,0.9,0.0,0.0,2.99,V
138.645,stepper_y1,,20,,0,0.9,0.0,0.0,2.99,V
138.665,stepper_x,,20,,0,0.9,0.0,0.0,2.99,V
138.665,stepper_y,,20,,0,0.9,0.0,0.0,2.99,V
138.665,stepper_y1,,20,,0,0.9,0.0,0.0,2.99,V
138.686,stepper_x,,20,,0,0.9,0.0,0.0,2.99,V
138.686,stepper_y,,20,,0,0.9,0.0,0.0,2.99,V
138.686,stepper_y1,,20,,0,0.9,0.0,0.0,2.99,V
161.134,stepper_x,,20,,0,0.0,295.0,305.0,572.94,V
161.134,stepper_y,,20,,0,0.0,295.0,305.0,572.94,V
161.134,stepper_y1,,20,,0,0.0,295.0,305.0,572.94,V
161.154,stepper_x,,20,,0,0.0,295.0,305.0,572.94,V
161.154,stepper_y,,20,,0,0.0,295.0,305.0,572.94,V
161.154,stepper_y1,,20,,0,0.0,295.0,305.0,572.94,V
161.174,stepper_x,,20,,0,0.0,295.0,305.0,572.94,V
161.174,stepper_y,,20,,0,0.0,295.0,305.0,572.94,V
161.174,stepper_y1,,20,,0,0.0,295.0,305.0,572.94,V
161.195,stepper_x,,20,,0,0.0,295.0,305.0,1.93,V
161.195,stepper_y,,20,,0,0.0,295.0,305.0,1.93,V
161.195,stepper_y1,,20,,0,0.0,295.0,305.0,1.93,V
161.215,stepper_x,,20,,0,0.0,295.0,305.0,1.93,V
161.215,stepper_y,,20,,0,0.0,295.0,305.0,1.93,V
161.215,stepper_y1,,20,,0,0.0,295.0,305.0,1.93,V
161.236,stepper_x,,20,,0,0.0,295.0,305.0,1.93,V
161.236,stepper_y,,20,,0,0.0,295.0,305.0,1.93,V
161.236,stepper_y1,,20,,0,0.0,295.0,305.0,1.93,V
161.256,stepper_x,,20,,0,0.0,295.0,305.0,1.93,V
161.256,stepper_y,,20,,0,0.0,295.0,305.0,1.93,V
161.256,stepper_y1,,20,,0,0.0,295.0,305.0,1.93,V
161.276,stepper_x,,20,,0,0.0,295.0,305.0,1.93,V
161.276,stepper_y,,20,,0,0.0,295.0,305.0,1.93,V
161.276,stepper_y1,,20,,0,0.0,295.0,305.0,1.93,V
161.296,stepper_x,,20,,0,0.0,295.0,305.0,1.93,V
161.296,stepper_y,,20,,0,0.0,295.0,305.0,1.93,V
161.296,stepper_y1,,20,,0,0.0,295.0,305.0,1.93,V
161.317,stepper_x,,20,,0,0.0,295.0,305.0,1.93,V
161.317,stepper_y,,20,,0,0.0,295.0,305.0,1.93,V
161.317,stepper_y1,,20,,0,0.0,295.0,305.0,1.93,V
161.337,stepper_x,,20,,0,0.0,295.0,305.0,1.93,V
161.337,stepper_y,,20,,0,0.0,295.0,305.0,1.93,V
161.337,stepper_y1,,20,,0,0.0,295.0,305.0,1.93,V
161.357,stepper_x,,20,,0,0.0,295.0,305.0,1.93,V
161.357,stepper_y,,20,,0,0.0,295.0,305.0,1.93,V
161.357,stepper_y1,,20,,0,0.0,295.0,305.0,1.93,V
161.377,stepper_x,,20,,0,0.0,295.0,305.0,1.93,V
161.377,stepper_y,,20,,0,0.0,295.0,305.0,1.93,V
161.377,stepper_y1,,20,,0,0.0,295.0,305.0,1.93,V
161.398,stepper_x,,20,,0,0.0,295.0,305.0,1.93,V
161.398,stepper_y,,20,,0,0.0,295.0,305.0,1.93,V
161.398,stepper_y1,,20,,0,0.0,295.0,305.0,1.93,V
161.418,stepper_x,,20,,0,0.0,295.0,305.0,1.93,V
161.418,stepper_y,,20,,0,0.0,295.0,305.0,1.93,V
161.418,stepper_y1,,20,,0,0.0,295.0,305.0,1.93,V
161.439,stepper_x,,20,,0,0.0,295.0,305.0,1.93,V
161.439,stepper_y,,20,,0,0.0,295.0,305.0,1.93,V
161.439,stepper_y1,,20,,0,0.0,295.0,305.0,1.93,V
161.459,stepper_x,,20,,0,1.8,295.0,305.0,1.98,V
161.459,stepper_y,,20,,0,1.8,295.0,305.0,1.98,V
161.459,stepper_y1,,20,,0,1.8,295.0,305.0,1.98,V
161.48,stepper_x,,20,,0,1.8,295.0,305.0,1.98,V
161.48,stepper_y,,20,,0,1.8,295.0,305.0,1.98,V
161.48,stepper_y1,,20,,0,1.8,295.0,305.0,1.98,V
161.5,stepper_x,,20,,0,1.8,295.0,305.0,1.98,V
161.5,stepper_y,,20,,0,1.8,295.0,305.0,1.98,V
161.5,stepper_y1,,20,,0,1.8,295.0,305.0,1.98,V
161.52,stepper_x,,20,,0,1.8,295.0,305.0,1.98,V
161.52,stepper_y,,20,,0,1.8,295.0,305.0,1.98,V
161.52,stepper_y1,,20,,0,1.8,295.0,305.0,1.98,V
161.54,stepper_x,,20,,0,1.8,295.0,305.0,1.98,V
161.54,stepper_y,,20,,0,1.8,295.0,305.0,1.98,V
161.54,stepper_y1,,20,,0,1.8,295.0,305.0,1.98,V
161.56,stepper_x,,20,,0,1.8,295.0,305.0,1.98,V
161.56,stepper_y,,20,,0,1.8,295.0,305.0,1.98,V
161.56,stepper_y1,,20,,0,1.8,295.0,305.0,1.98,V
161.581,stepper_x,,20,,0,1.8,295.0,305.0,1.98,V
161.581,stepper_y,,20,,0,1.8,295.0,305.0,1.98,V
161.581,stepper_y1,,20,,0,1.8,295.0,305.0,1.98,V
161.601,stepper_x,,20,,0,1.8,295.0,305.0,1.98,V
161.601,stepper_y,,20,,0,1.8,295.0,305.0,1.98,V
161.601,stepper_y1,,20,,0,1.8,295.0,305.0,1.98,V
161.621,stepper_x,,20,,0,1.8,295.0,305.0,1.98,V
161.621,stepper_y,,20,,0,1.8,295.0,305.0,1.98,V
161.621,stepper_y1,,20,,0,1.8,295.0,305.0,1.98,V
161.641,stepper_x,,20,,0,1.8,295.0,305.0,1.98,V
161.641,stepper_y,,20,,0,1.8,295.0,305.0,1.98,V
161.641,stepper_y1,,20,,0,1.8,295.0,305.0,1.98,V
161.662,stepper_x,,20,,0,1.8,295.0,305.0,1.98,V
161.662,stepper_y,,20,,0,1.8,295.0,305.0,1.98,V
161.662,stepper_y1,,20,,0,1.8,295.0,305.0,1.98,V
161.682,stepper_x,,20,,0,1.8,295.0,305.0,1.98,V
161.682,stepper_y,,20,,0,1.8,295.0,305.0,1.98,V
161.682,stepper_y1,,20,,0,1.8,295.0,305.0,1.98,V
161.702,stepper_x,,20,,0,9.3,295.0,305.0,3.37,V
161.702,stepper_y,,20,,0,9.3,295.0,305.0,3.37,V
161.702,stepper_y1,,20,,0,9.3,295.0,305.0,3.37,V
161.722,stepper_x,,20,,0,9.3,295.0,305.0,3.37,V
161.722,stepper_y,,20,,0,9.3,295.0,305.0,3.37,V
161.722,stepper_y1,,20,,0,9.3,295.0,305.0,3.37,V
161.743,stepper_x,,20,,0,9.3,295.0,305.0,3.37,V
161.743,stepper_y,,20,,0,9.3,295.0,305.0,3.37,V
161.743,stepper_y1,,20,,0,9.3,295.0,305.0,3.37,V
161.763,stepper_x,,20,,0,9.3,295.0,305.0,3.37,V
161.763,stepper_y,,20,,0,9.3,295.0,305.0,3.37,V
161.763,stepper_y1,,20,,0,9.3,295.0,305.0,3.37,V
161.783,stepper_x,,20,,0,9.3,295.0,305.0,3.37,V
161.783,stepper_y,,20,,0,9.3,295.0,305.0,3.37,V
161.783,stepper_y1,,20,,0,9.3,295.0,305.0,3.37,V
161.804,stepper_x,,20,,0,9.3,295.0,305.0,3.37,V
161.804,stepper_y,,20,,0,9.3,295.0,305.0,3.37,V
161.804,stepper_y1,,20,,0,9.3,295.0,305.0,3.37,V
161.824,stepper_x,,20,,0,9.3,295.0,305.0,3.37,V
161.824,stepper_y,,20,,0,9.3,295.0,305.0,3.37,V
161.824,stepper_y1,,20,,0,9.3,295.0,305.0,3.37,V
161.844,stepper_x,,20,,0,9.3,295.0,305.0,3.37,V
161.844,stepper_y,,20,,0,9.3,295.0,305.0,3.37,V
161.844,stepper_y1,,20,,0,9.3,295.0,305.0,3.37,V
161.864,stepper_x,,20,,0,9.3,295.0,305.0,3.37,V
161.864,stepper_y,,20,,0,9.3,295.0,305.0,3.37,V
161.864,stepper_y1,,20,,0,9.3,295.0,305.0,3.37,V
161.885,stepper_x,,20,,0,9.3,295.0,305.0,3.37,V
161.885,stepper_y,,20,,0,9.3,295.0,305.0,3.37,V
161.885,stepper_y1,,20,,0,9.3,295.0,305.0,3.37,V
161.905,stepper_x,,20,,0,9.3,295.0,305.0,3.37,V
161.905,stepper_y,,20,,0,9.3,295.0,305.0,3.37,V
161.905,stepper_y1,,20,,0,9.3,295.0,305.0,3.37,V
161.925,stepper_x,,20,,0,9.3,295.0,305.0,3.37,V
161.925,stepper_y,,20,,0,9.3,295.0,305.0,3.37,V
161.925,stepper_y1,,20,,0,9.3,295.0,305.0,3.37,V
161.945,stepper_x,,20,,0,3.9,295.0,305.0,5.25,V
161.945,stepper_y,,20,,0,3.9,295.0,305.0,5.25,V
161.945,stepper_y1,,20,,0,3.9,295.0,305.0,5.25,V
161.965,stepper_x,,20,,0,3.9,295.0,305.0,5.25,V
161.965,stepper_y,,20,,0,3.9,295.0,305.0,5.25,V
161.965,stepper_y1,,20,,0,3.9,295.0,305.0,5.25,V
161.986,stepper_x,,20,,0,3.9,295.0,305.0,5.25,V
161.986,stepper_y,,20,,0,3.9,295.0,305.0,5.25,V
161.986,stepper_y1,,20,,0,3.9,295.0,305.0,5.25,V
162.006,stepper_x,,20,,0,3.9,295.0,305.0,5.25,V
162.006,stepper_y,,20,,0,3.9,295.0,305.0,5.25,V
162.006,stepper_y1,,20,,0,3.9,295.0,305.0,5.25,V
162.026,stepper_x,,20,,0,3.9,295.0,305.0,5.25,V
162.026,stepper_y,,20,,0,3.9,295.0,305.0,5.25,V
162.026,stepper_y1,,20,,0,3.9,295.0,305.0,5.25,V
162.046,stepper_x,,20,,0,3.9,295.0,305.0,5.25,V
162.046,stepper_y,,20,,0,3.9,295.0,305.0,5.25,V
162.046,stepper_y1,,20,,0,3.9,295.0,305.0,5.25,V
162.066,stepper_x,,20,,0,3.9,295.0,305.0,5.25,V
162.066,stepper_y,,20,,0,3.9,295.0,305.0,5.25,V
162.066,stepper_y1,,20,,0,3.9,295.0,305.0,5.25,V
162.087,stepper_x,,20,,0,3.9,295.0,305.0,5.25,V
162.087,stepper_y,,20,,0,3.9,295.0,305.0,5.25,V
162.087,stepper_y1,,20,,0,3.9,295.0,305.0,5.25,V
162.107,stepper_x,,20,,0,3.9,295.0,305.0,5.25,V
162.107,stepper_y,,20,,0,3.9,295.0,305.0,5.25,V
162.107,stepper_y1,,20,,0,3.9,295.0,305.0,5.25,V
162.127,stepper_x,,20,,0,3.9,295.0,305.0,5.25,V
162.127,stepper_y,,20,,0,3.9,295.0,305.0,5.25,V
162.127,stepper_y1,,20,,0,3.9,295.0,305.0,5.25,V
162.147,stepper_x,,20,,0,3.9,295.0,305.0,5.25,V
162.147,stepper_y,,20,,0,3.9,295.0,305.0,5.25,V
162.147,stepper_y1,,20,,0,3.9,295.0,305.0,5.25,V
162.167,stepper_x,,20,,0,3.9,295.0,305.0,5.25,V
162.167,stepper_y,,20,,0,3.9,295.0,305.0,5.25,V
162.167,stepper_y1,,20,,0,3.9,295.0,305.0,5.25,V
162.188,stepper_x,,20,,0,3.9,295.0,305.0,5.25,V
162.188,stepper_y,,20,,0,3.9,295.0,305.0,5.25,V
162.188,stepper_y1,,20,,0,3.9,295.0,305.0,5.25,V
162.208,stepper_x,,20,,0,10.0,294.08,305.93,5.5,V
162.208,stepper_y,,20,,0,10.0,294.08,305.93,5.5,V
162.208,stepper_y1,,20,,0,10.0,294.08,305.93,5.5,V
162.228,stepper_x,,20,,0,10.0,294.08,305.93,5.5,V
162.228,stepper_y,,20,,0,10.0,294.08,305.93,5.5,V
162.228,stepper_y1,,20,,0,10.0,294.08,305.93,5.5,V
162.248,stepper_x,,20,,0,10.0,294.08,305.93,5.5,V
162.248,stepper_y,,20,,0,10.0,294.08,305.93,5.5,V
162.248,stepper_y1,,20,,0,10.0,294.08,305.93,5.5,V
162.268,stepper_x,,20,,0,10.0,294.08,305.93,5.5,V
162.268,stepper_y,,20,,0,10.0,294.08,305.93,5.5,V
162.268,stepper_y1,,20,,0,10.0,294.08,305.93,5.5,V
162.289,stepper_x,,20,,0,10.0,294.08,305.93,5.5,V
162.289,stepper_y,,20,,0,10.0,294.08,305.93,5.5,V
162.289,stepper_y1,,20,,0,10.0,294.08,305.93,5.5,V
162.309,stepper_x,,20,,0,10.0,294.08,305.93,5.5,V
162.309,stepper_y,,20,,0,10.0,294.08,305.93,5.5,V
162.309,stepper_y1,,20,,0,10.0,294.08,305.93,5.5,V
162.329,stepper_x,,20,,0,10.0,294.08,305.93,5.5,V
162.329,stepper_y,,20,,0,10.0,294.08,305.93,5.5,V
162.329,stepper_y1,,20,,0,10.0,294.08,305.93,5.5,V
162.349,stepper_x,,20,,0,10.0,294.08,305.93,5.5,V
162.349,stepper_y,,20,,0,10.0,294.08,305.93,5.5,V
162.349,stepper_y1,,20,,0,10.0,294.08,305.93,5.5,V
162.369,stepper_x,,20,,0,10.0,294.08,305.93,5.5,V
162.369,stepper_y,,20,,0,10.0,294.08,305.93,5.5,V
162.369,stepper_y1,,20,,0,10.0,294.08,305.93,5.5,V
162.39,stepper_x,,20,,0,10.0,294.08,305.93,5.5,V
162.39,stepper_y,,20,,0,10.0,294.08,305.93,5.5,V
162.39,stepper_y1,,20,,0,10.0,294.08,305.93,5.5,V
162.41,stepper_x,,20,,0,10.0,294.08,305.93,5.5,V
162.41,stepper_y,,20,,0,10.0,294.08,305.93,5.5,V
162.41,stepper_y1,,20,,0,10.0,294.08,305.93,5.5,V
162.43,stepper_x,,20,,0,10.0,294.08,305.93,5.5,V
162.43,stepper_y,,20,,0,10.0,294.08,305.93,5.5,V
162.43,stepper_y1,,20,,0,10.0,294.08,305.93,5.5,V
162.451,stepper_x,,20,,0,10.0,292.31,307.71,5.5,V
162.451,stepper_y,,20,,0,10.0,292.31,307.71,5.5,V
162.451,stepper_y1,,20,,0,10.0,292.31,307.71,5.5,V
162.471,stepper_x,,20,,0,10.0,292.31,307.71,5.5,V
162.471,stepper_y,,20,,0,10.0,292.31,307.71,5.5,V
162.471,stepper_y1,,20,,0,10.0,292.31,307.71,5.5,V
162.492,stepper_x,,20,,0,10.0,292.31,307.71,5.5,V
162.492,stepper_y,,20,,0,10.0,292.31,307.71,5.5,V
162.492,stepper_y1,,20,,0,10.0,292.31,307.71,5.5,V
162.513,stepper_x,,20,,0,10.0,292.31,307.71,5.5,V
162.513,stepper_y,,20,,0,10.0,292.31,307.71,5.5,V
162.513,stepper_y1,,20,,0,10.0,292.31,307.71,5.5,V
162.533,stepper_x,,20,,0,10.0,292.31,307.71,5.5,V
162.533,stepper_y,,20,,0,10.0,292.31,307.71,5.5,V
162.533,stepper_y1,,20,,0,10.0,292.31,307.71,5.5,V
162.553,stepper_x,,20,,0,10.0,292.31,307.71,5.5,V
162.553,stepper_y,,20,,0,10.0,292.31,307.71,5.5,V
162.553,stepper_y1,,20,,0,10.0,292.31,307.71,5.5,V
162.574,stepper_x,,20,,0,10.0,292.31,307.71,5.5,V
162.574,stepper_y,,20,,0,10.0,292.31,307.71,5.5,V
162.574,stepper_y1,,20,,0,10.0,292.31,307.71,5.5,V
162.594,stepper_x,,20,,0,10.0,292.31,307.71,5.5,V
162.594,stepper_y,,20,,0,10.0,292.31,307.71,5.5,V
162.594,stepper_y1,,20,,0,10.0,292.31,307.71,5.5,V
162.614,stepper_x,,20,,0,10.0,292.31,307.71,5.5,V
162.614,stepper_y,,20,,0,10.0,292.31,307.71,5.5,V
162.614,stepper_y1,,20,,0,10.0,292.31,307.71,5.5,V
162.634,stepper_x,,20,,0,10.0,292.31,307.71,5.5,V
162.634,stepper_y,,20,,0,10.0,292.31,307.71,5.5,V
162.634,stepper_y1,,20,,0,10.0,292.31,307.71,5.5,V
162.654,stepper_x,,20,,0,10.0,292.31,307.71,5.5,V
162.654,stepper_y,,20,,0,10.0,292.31,307.71,5.5,V
162.654,stepper_y1,,20,,0,10.0,292.31,307.71,5.5,V
162.675,stepper_x,,20,,0,10.0,292.31,307.71,5.5,V
162.675,stepper_y,,20,,0,10.0,292.31,307.71,5.5,V
162.675,stepper_y1,,20,,0,10.0,292.31,307.71,5.5,V
162.695,stepper_x,,20,,0,10.0,290.55,309.49,5.5,V
162.695,stepper_y,,20,,0,10.0,290.55,309.49,5.5,V
162.695,stepper_y1,,20,,0,10.0,290.55,309.49,5.5,V
162.715,stepper_x,,20,,0,10.0,290.55,309.49,5.5,V
162.715,stepper_y,,20,,0,10.0,290.55,309.49,5.5,V
162.715,stepper_y1,,20,,0,10.0,290.55,309.49,5.5,V
162.736,stepper_x,,20,,0,10.0,290.55,309.49,5.5,V
162.736,stepper_y,,20,,0,10.0,290.55,309.49,5.5,V
162.736,stepper_y1,,20,,0,10.0,290.55,309.49,5.5,V
162.757,stepper_x,,20,,0,10.0,290.55,309.49,5.5,V
162.757,stepper_y,,20,,0,10.0,290.55,309.49,5.5,V
162.757,stepper_y1,,20,,0,10.0,290.55,309.49,5.5,V
162.777,stepper_x,,20,,0,10.0,290.55,309.49,5.5,V
162.777,stepper_y,,20,,0,10.0,290.55,309.49,5.5,V
162.777,stepper_y1,,20,,0,10.0,290.55,309.49,5.5,V
162.797,stepper_x,,20,,0,10.0,290.55,309.49,5.5,V
162.797,stepper_y,,20,,0,10.0,290.55,309.49,5.5,V
162.797,stepper_y1,,20,,0,10.0,290.55,309.49,5.5,V
162.817,stepper_x,,20,,0,10.0,290.55,309.49,5.5,V
162.817,stepper_y,,20,,0,10.0,290.55,309.49,5.5,V
162.817,stepper_y1,,20,,0,10.0,290.55,309.49,5.5,V
162.837,stepper_x,,20,,0,10.0,290.55,309.49,5.5,V
162.837,stepper_y,,20,,0,10.0,290.55,309.49,5.5,V
162.837,stepper_y1,,20,,0,10.0,290.55,309.49,5.5,V
162.857,stepper_x,,20,,0,10.0,290.55,309.49,5.5,V
162.857,stepper_y,,20,,0,10.0,290.55,309.49,5.5,V
162.857,stepper_y1,,20,,0,10.0,290.55,309.49,5.5,V
162.878,stepper_x,,20,,0,10.0,290.55,309.49,5.5,V
162.878,stepper_y,,20,,0,10.0,290.55,309.49,5.5,V
162.878,stepper_y1,,20,,0,10.0,290.55,309.49,5.5,V
162.898,stepper_x,,20,,0,10.0,290.55,309.49,5.5,V
162.898,stepper_y,,20,,0,10.0,290.55,309.49,5.5,V
162.898,stepper_y1,,20,,0,10.0,290.55,309.49,5.5,V
162.919,stepper_x,,20,,0,10.0,290.55,309.49,5.5,V
162.919,stepper_y,,20,,0,10.0,290.55,309.49,5.5,V
162.919,stepper_y1,,20,,0,10.0,290.55,309.49,5.5,V
162.939,stepper_x,,20,,0,10.0,290.55,309.49,5.5,V
162.939,stepper_y,,20,,0,10.0,290.55,309.49,5.5,V
162.939,stepper_y1,,20,,0,10.0,290.55,309.49,5.5,V
162.959,stepper_x,,20,,0,10.0,288.78,311.27,5.5,V
162.959,stepper_y,,20,,0,10.0,288.78,311.27,5.5,V
162.959,stepper_y1,,20,,0,10.0,288.78,311.27,5.5,V
162.98,stepper_x,,20,,0,10.0,288.78,311.27,5.5,V
162.98,stepper_y,,20,,0,10.0,288.78,311.27,5.5,V
162.98,stepper_y1,,20,,0,10.0,288.78,311.27,5.5,V
163.0,stepper_x,,20,,0,10.0,288.78,311.27,5.5,V
163.0,stepper_y,,20,,0,10.0,288.78,311.27,5.5,V
163.0,stepper_y1,,20,,0,10.0,288.78,311.27,5.5,V
163.02,stepper_x,,20,,0,10.0,288.78,311.27,5.5,V
163.02,stepper_y,,20,,0,10.0,288.78,311.27,5.5,V
163.02,stepper_y1,,20,,0,10.0,288.78,311.27,5.5,V
163.041,stepper_x,,20,,0,10.0,288.78,311.27,5.5,V
163.041,stepper_y,,20,,0,10.0,288.78,311.27,5.5,V
163.041,stepper_y1,,20,,0,10.0,288.78,311.27,5.5,V
163.061,stepper_x,,20,,0,10.0,288.78,311.27,5.5,V
163.061,stepper_y,,20,,0,10.0,288.78,311.27,5.5,V
163.061,stepper_y1,,20,,0,10.0,288.78,311.27,5.5,V
163.081,stepper_x,,20,,0,10.0,288.78,311.27,5.5,V
163.081,stepper_y,,20,,0,10.0,288.78,311.27,5.5,V
163.081,stepper_y1,,20,,0,10.0,288.78,311.27,5.5,V
163.101,stepper_x,,20,,0,10.0,288.78,311.27,5.5,V
163.101,stepper_y,,20,,0,10.0,288.78,311.27,5.5,V
163.101,stepper_y1,,20,,0,10.0,288.78,311.27,5.5,V
163.122,stepper_x,,20,,0,10.0,288.78,311.27,5.5,V
163.122,stepper_y,,20,,0,10.0,288.78,311.27,5.5,V
163.122,stepper_y1,,20,,0,10.0,288.78,311.27,5.5,V
163.142,stepper_x,,20,,0,10.0,288.78,311.27,5.5,V
163.142,stepper_y,,20,,0,10.0,288.78,311.27,5.5,V
163.142,stepper_y1,,20,,0,10.0,288.78,311.27,5.5,V
163.163,stepper_x,,20,,0,10.0,288.78,311.27,5.5,V
163.163,stepper_y,,20,,0,10.0,288.78,311.27,5.5,V
163.163,stepper_y1,,20,,0,10.0,288.78,311.27,5.5,V
163.183,stepper_x,,20,,0,10.0,288.78,311.27,5.5,V
163.183,stepper_y,,20,,0,10.0,288.78,311.27,5.5,V
163.183,stepper_y1,,20,,0,10.0,288.78,311.27,5.5,V
163.203,stepper_x,,20,,0,10.0,287.02,313.05,5.5,V
163.203,stepper_y,,20,,0,10.0,287.02,313.05,5.5,V
163.203,stepper_y1,,20,,0,10.0,287.02,313.05,5.5,V
163.223,stepper_x,,20,,0,10.0,287.02,313.05,5.5,V
163.223,stepper_y,,20,,0,10.0,287.02,313.05,5.5,V
163.223,stepper_y1,,20,,0,10.0,287.02,313.05,5.5,V
163.244,stepper_x,,20,,0,10.0,287.02,313.05,5.5,V
163.244,stepper_y,,20,,0,10.0,287.02,313.05,5.5,V
163.244,stepper_y1,,20,,0,10.0,287.02,313.05,5.5,V
163.264,stepper_x,,20,,0,10.0,287.02,313.05,5.5,V
163.264,stepper_y,,20,,0,10.0,287.02,313.05,5.5,V
163.264,stepper_y1,,20,,0,10.0,287.02,313.05,5.5,V
163.284,stepper_x,,20,,0,10.0,287.02,313.05,5.5,V
163.284,stepper_y,,20,,0,10.0,287.02,313.05,5.5,V
163.284,stepper_y1,,20,,0,10.0,287.02,313.05,5.5,V
163.304,stepper_x,,20,,0,10.0,287.02,313.05,5.5,V
163.304,stepper_y,,20,,0,10.0,287.02,313.05,5.5,V
163.304,stepper_y1,,20,,0,10.0,287.02,313.05,5.5,V
163.324,stepper_x,,20,,0,10.0,287.02,313.05,5.5,V
163.324,stepper_y,,20,,0,10.0,287.02,313.05,5.5,V
163.324,stepper_y1,,20,,0,10.0,287.02,313.05,5.5,V
163.345,stepper_x,,20,,0,10.0,287.02,313.05,5.5,V
163.345,stepper_y,,20,,0,10.0,287.02,313.05,5.5,V
163.345,stepper_y1,,20,,0,10.0,287.02,313.05,5.5,V
163.365,stepper_x,,20,,0,10.0,287.02,313.05,5.5,V
163.365,stepper_y,,20,,0,10.0,287.02,313.05,5.5,V
163.365,stepper_y1,,20,,0,10.0,287.02,313.05,5.5,V
163.385,stepper_x,,20,,0,10.0,287.02,313.05,5.5,V
163.385,stepper_y,,20,,0,10.0,287.02,313.05,5.5,V
163.385,stepper_y1,,20,,0,10.0,287.02,313.05,5.5,V
163.405,stepper_x,,20,,0,10.0,287.02,313.05,5.5,V
163.405,stepper_y,,20,,0,10.0,287.02,313.05,5.5,V
163.405,stepper_y1,,20,,0,10.0,287.02,313.05,5.5,V
163.425,stepper_x,,20,,0,10.0,287.02,313.05,5.5,V
163.425,stepper_y,,20,,0,10.0,287.02,313.05,5.5,V
163.425,stepper_y1,,20,,0,10.0,287.02,313.05,5.5,V
163.447,stepper_x,,20,,0,10.0,285.26,314.83,5.5,V
163.447,stepper_y,,20,,0,10.0,285.26,314.83,5.5,V
163.447,stepper_y1,,20,,0,10.0,285.26,314.83,5.5,V
163.467,stepper_x,,20,,0,10.0,285.26,314.83,5.5,V
163.467,stepper_y,,20,,0,10.0,285.26,314.83,5.5,V
163.467,stepper_y1,,20,,0,10.0,285.26,314.83,5.5,V
163.487,stepper_x,,20,,0,10.0,285.26,314.83,5.5,V
163.487,stepper_y,,20,,0,10.0,285.26,314.83,5.5,V
163.487,stepper_y1,,20,,0,10.0,285.26,314.83,5.5,V
163.507,stepper_x,,20,,0,10.0,285.26,314.83,5.5,V
163.507,stepper_y,,20,,0,10.0,285.26,314.83,5.5,V
163.507,stepper_y1,,20,,0,10.0,285.26,314.83,5.5,V
163.527,stepper_x,,20,,0,10.0,285.26,314.83,5.5,V
163.527,stepper_y,,20,,0,10.0,285.26,314.83,5.5,V
163.527,stepper_y1,,20,,0,10.0,285.26,314.83,5.5,V
163.548,stepper_x,,20,,0,10.0,285.26,314.83,5.5,V
163.548,stepper_y,,20,,0,10.0,285.26,314.83,5.5,V
163.548,stepper_y1,,20,,0,10.0,285.26,314.83,5.5,V
163.568,stepper_x,,20,,0,10.0,285.26,314.83,5.5,V
163.568,stepper_y,,20,,0,10.0,285.26,314.83,5.5,V
163.568,stepper_y1,,20,,0,10.0,285.26,314.83,5.5,V
163.588,stepper_x,,20,,0,10.0,285.26,314.83,5.5,V
163.588,stepper_y,,20,,0,10.0,285.26,314.83,5.5,V
163.588,stepper_y1,,20,,0,10.0,285.26,314.83,5.5,V
163.608,stepper_x,,20,,0,10.0,285.26,314.83,5.5,V
163.608,stepper_y,,20,,0,10.0,285.26,314.83,5.5,V
163.608,stepper_y1,,20,,0,10.0,285.26,314.83,5.5,V
163.628,stepper_x,,20,,0,10.0,285.26,314.83,5.5,V
163.628,stepper_y,,20,,0,10.0,285.26,314.83,5.5,V
163.628,stepper_y1,,20,,0,10.0,285.26,314.83,5.5,V
163.648,stepper_x,,20,,0,10.0,285.26,314.83,5.5,V
163.648,stepper_y,,20,,0,10.0,285.26,314.83,5.5,V
163.648,stepper_y1,,20,,0,10.0,285.26,314.83,5.5,V
163.669,stepper_x,,20,,0,10.0,285.26,314.83,5.5,V
163.669,stepper_y,,20,,0,10.0,285.26,314.83,5.5,V
163.669,stepper_y1,,20,,0,10.0,285.26,314.83,5.5,V
163.689,stepper_x,,20,,0,10.0,285.26,314.83,5.5,V
163.689,stepper_y,,20,,0,10.0,285.26,314.83,5.5,V
163.689,stepper_y1,,20,,0,10.0,285.26,314.83,5.5,V
163.709,stepper_x,,20,,0,10.0,283.5,316.61,5.5,V
163.709,stepper_y,,20,,0,10.0,283.5,316.61,5.5,V
163.709,stepper_y1,,20,,0,10.0,283.5,316.61,5.5,V
163.729,stepper_x,,20,,0,10.0,283.5,316.61,5.5,V
163.729,stepper_y,,20,,0,10.0,283.5,316.61,5.5,V
163.729,stepper_y1,,20,,0,10.0,283.5,316.61,5.5,V
163.75,stepper_x,,20,,0,10.0,283.5,316.61,5.5,V
163.75,stepper_y,,20,,0,10.0,283.5,316.61,5.5,V
163.75,stepper_y1,,20,,0,10.0,283.5,316.61,5.5,V
163.77,stepper_x,,20,,0,10.0,283.5,316.61,5.5,V
163.77,stepper_y,,20,,0,10.0,283.5,316.61,5.5,V
163.77,stepper_y1,,20,,0,10.0,283.5,316.61,5.5,V
163.79,stepper_x,,20,,0,10.0,283.5,316.61,5.5,V
163.79,stepper_y,,20,,0,10.0,283.5,316.61,5.5,V
163.79,stepper_y1,,20,,0,10.0,283.5,316.61,5.5,V
163.81,stepper_x,,20,,0,10.0,283.5,316.61,5.5,V
163.81,stepper_y,,20,,0,10.0,283.5,316.61,5.5,V
163.81,stepper_y1,,20,,0,10.0,283.5,316.61,5.5,V
163.831,stepper_x,,20,,0,10.0,283.5,316.61,5.5,V
163.831,stepper_y,,20,,0,10.0,283.5,316.61,5.5,V
163.831,stepper_y1,,20,,0,10.0,283.5,316.61,5.5,V
163.852,stepper_x,,20,,0,10.0,283.5,316.61,5.5,V
163.852,stepper_y,,20,,0,10.0,283.5,316.61,5.5,V
163.852,stepper_y1,,20,,0,10.0,283.5,316.61,5.5,V
163.872,stepper_x,,20,,0,10.0,283.5,316.61,5.5,V
163.872,stepper_y,,20,,0,10.0,283.5,316.61,5.5,V
163.872,stepper_y1,,20,,0,10.0,283.5,316.61,5.5,V
163.892,stepper_x,,20,,0,10.0,283.5,316.61,5.5,V
163.892,stepper_y,,20,,0,10.0,283.5,316.61,5.5,V
163.892,stepper_y1,,20,,0,10.0,283.5,316.61,5.5,V
163.913,stepper_x,,20,,0,10.0,283.5,316.61,5.5,V
163.913,stepper_y,,20,,0,10.0,283.5,316.61,5.5,V
163.913,stepper_y1,,20,,0,10.0,283.5,316.61,5.5,V
163.933,stepper_x,,20,,0,10.0,283.5,316.61,5.5,V
163.933,stepper_y,,20,,0,10.0,283.5,316.61,5.5,V
163.933,stepper_y1,,20,,0,10.0,283.5,316.61,5.5,V
163.954,stepper_x,,20,,0,10.0,281.73,318.39,5.5,V
163.954,stepper_y,,20,,0,10.0,281.73,318.39,5.5,V
163.954,stepper_y1,,20,,0,10.0,281.73,318.39,5.5,V
163.974,stepper_x,,20,,0,10.0,281.73,318.39,5.5,V
163.974,stepper_y,,20,,0,10.0,281.73,318.39,5.5,V
163.974,stepper_y1,,20,,0,10.0,281.73,318.39,5.5,V
163.994,stepper_x,,20,,0,10.0,281.73,318.39,5.5,V
163.994,stepper_y,,20,,0,10.0,281.73,318.39,5.5,V
163.994,stepper_y1,,20,,0,10.0,281.73,318.39,5.5,V
164.015,stepper_x,,20,,0,10.0,281.73,318.39,5.5,V
164.015,stepper_y,,20,,0,10.0,281.73,318.39,5.5,V
164.015,stepper_y1,,20,,0,10.0,281.73,318.39,5.5,V
164.035,stepper_x,,20,,0,10.0,281.73,318.39,5.5,V
164.035,stepper_y,,20,,0,10.0,281.73,318.39,5.5,V
164.035,stepper_y1,,20,,0,10.0,281.73,318.39,5.5,V
164.055,stepper_x,,20,,0,10.0,281.73,318.39,5.5,V
164.055,stepper_y,,20,,0,10.0,281.73,318.39,5.5,V
164.055,stepper_y1,,20,,0,10.0,281.73,318.39,5.5,V
164.076,stepper_x,,20,,0,10.0,281.73,318.39,5.5,V
164.076,stepper_y,,20,,0,10.0,281.73,318.39,5.5,V
164.076,stepper_y1,,20,,0,10.0,281.73,318.39,5.5,V
164.096,stepper_x,,20,,0,10.0,281.73,318.39,5.5,V
164.096,stepper_y,,20,,0,10.0,281.73,318.39,5.5,V
164.096,stepper_y1,,20,,0,10.0,281.73,318.39,5.5,V
164.116,stepper_x,,20,,0,10.0,281.73,318.39,5.5,V
164.116,stepper_y,,20,,0,10.0,281.73,318.39,5.5,V
164.116,stepper_y1,,20,,0,10.0,281.73,318.39,5.5,V
164.137,stepper_x,,20,,0,10.0,281.73,318.39,5.5,V
164.137,stepper_y,,20,,0,10.0,281.73,318.39,5.5,V
164.137,stepper_y1,,20,,0,10.0,281.73,318.39,5.5,V
164.157,stepper_x,,20,,0,10.0,281.73,318.39,5.5,V
164.157,stepper_y,,20,,0,10.0,281.73,318.39,5.5,V
164.157,stepper_y1,,20,,0,10.0,281.73,318.39,5.5,V
164.177,stepper_x,,20,,0,10.0,281.73,318.39,5.5,V
164.177,stepper_y,,20,,0,10.0,281.73,318.39,5.5,V
164.177,stepper_y1,,20,,0,10.0,281.73,318.39,5.5,V
164.197,stepper_x,,20,,0,10.0,279.97,320.17,5.5,V
164.197,stepper_y,,20,,0,10.0,279.97,320.17,5.5,V
164.197,stepper_y1,,20,,0,10.0,279.97,320.17,5.5,V
164.217,stepper_x,,20,,0,10.0,279.97,320.17,5.5,V
164.217,stepper_y,,20,,0,10.0,279.97,320.17,5.5,V
164.217,stepper_y1,,20,,0,10.0,279.97,320.17,5.5,V
164.238,stepper_x,,20,,0,10.0,279.97,320.17,5.5,V
164.238,stepper_y,,20,,0,10.0,279.97,320.17,5.5,V
164.238,stepper_y1,,20,,0,10.0,279.97,320.17,5.5,V
164.258,stepper_x,,20,,0,10.0,279.97,320.17,5.5,V
164.258,stepper_y,,20,,0,10.0,279.97,320.17,5.5,V
164.258,stepper_y1,,20,,0,10.0,279.97,320.17,5.5,V
164.278,stepper_x,,20,,0,10.0,279.97,320.17,5.5,V
164.278,stepper_y,,20,,0,10.0,279.97,320.17,5.5,V
164.278,stepper_y1,,20,,0,10.0,279.97,320.17,5.5,V
164.298,stepper_x,,20,,0,10.0,279.97,320.17,5.5,V
164.298,stepper_y,,20,,0,10.0,279.97,320.17,5.5,V
164.298,stepper_y1,,20,,0,10.0,279.97,320.17,5.5,V
164.318,stepper_x,,20,,0,10.0,279.97,320.17,5.5,V
164.318,stepper_y,,20,,0,10.0,279.97,320.17,5.5,V
164.318,stepper_y1,,20,,0,10.0,279.97,320.17,5.5,V
164.339,stepper_x,,20,,0,10.0,279.97,320.17,5.5,V
164.339,stepper_y,,20,,0,10.0,279.97,320.17,5.5,V
164.339,stepper_y1,,20,,0,10.0,279.97,320.17,5.5,V
164.359,stepper_x,,20,,0,10.0,279.97,320.17,5.5,V
164.359,stepper_y,,20,,0,10.0,279.97,320.17,5.5,V
164.359,stepper_y1,,20,,0,10.0,279.97,320.17,5.5,V
164.379,stepper_x,,20,,0,10.0,279.97,320.17,5.5,V
164.379,stepper_y,,20,,0,10.0,279.97,320.17,5.5,V
164.379,stepper_y1,,20,,0,10.0,279.97,320.17,5.5,V
164.4,stepper_x,,20,,0,10.0,279.97,320.17,5.5,V
164.4,stepper_y,,20,,0,10.0,279.97,320.17,5.5,V
164.4,stepper_y1,,20,,0,10.0,279.97,320.17,5.5,V
164.42,stepper_x,,20,,0,10.0,279.97,320.17,5.5,V
164.42,stepper_y,,20,,0,10.0,279.97,320.17,5.5,V
164.42,stepper_y1,,20,,0,10.0,279.97,320.17,5.5,V
164.441,stepper_x,,20,,0,10.0,279.97,320.17,5.5,V
164.441,stepper_y,,20,,0,10.0,279.97,320.17,5.5,V
164.441,stepper_y1,,20,,0,10.0,279.97,320.17,5.5,V
164.461,stepper_x,,20,,0,10.0,278.2,321.95,5.5,V
164.461,stepper_y,,20,,0,10.0,278.2,321.95,5.5,V
164.461,stepper_y1,,20,,0,10.0,278.2,321.95,5.5,V
164.481,stepper_x,,20,,0,10.0,278.2,321.95,5.5,V
164.481,stepper_y,,20,,0,10.0,278.2,321.95,5.5,V
164.481,stepper_y1,,20,,0,10.0,278.2,321.95,5.5,V
164.501,stepper_x,,20,,0,10.0,278.2,321.95,5.5,V
164.501,stepper_y,,20,,0,10.0,278.2,321.95,5.5,V
164.501,stepper_y1,,20,,0,10.0,278.2,321.95,5.5,V
164.522,stepper_x,,20,,0,10.0,278.2,321.95,5.5,V
164.522,stepper_y,,20,,0,10.0,278.2,321.95,5.5,V
164.522,stepper_y1,,20,,0,10.0,278.2,321.95,5.5,V
164.542,stepper_x,,20,,0,10.0,278.2,321.95,5.5,V
164.542,stepper_y,,20,,0,10.0,278.2,321.95,5.5,V
164.542,stepper_y1,,20,,0,10.0,278.2,321.95,5.5,V
164.562,stepper_x,,20,,0,10.0,278.2,321.95,5.5,V
164.562,stepper_y,,20,,0,10.0,278.2,321.95,5.5,V
164.562,stepper_y1,,20,,0,10.0,278.2,321.95,5.5,V
164.582,stepper_x,,20,,0,10.0,278.2,321.95,5.5,V
164.582,stepper_y,,20,,0,10.0,278.2,321.95,5.5,V
164.582,stepper_y1,,20,,0,10.0,278.2,321.95,5.5,V
164.602,stepper_x,,20,,0,10.0,278.2,321.95,5.5,V
164.602,stepper_y,,20,,0,10.0,278.2,321.95,5.5,V
164.602,stepper_y1,,20,,0,10.0,278.2,321.95,5.5,V
164.623,stepper_x,,20,,0,10.0,278.2,321.95,5.5,V
164.623,stepper_y,,20,,0,10.0,278.2,321.95,5.5,V
164.623,stepper_y1,,20,,0,10.0,278.2,321.95,5.5,V
164.643,stepper_x,,20,,0,10.0,278.2,321.95,5.5,V
164.643,stepper_y,,20,,0,10.0,278.2,321.95,5.5,V
164.643,stepper_y1,,20,,0,10.0,278.2,321.95,5.5,V
164.663,stepper_x,,20,,0,10.0,278.2,321.95,5.5,V
164.663,stepper_y,,20,,0,10.0,278.2,321.95,5.5,V
164.663,stepper_y1,,20,,0,10.0,278.2,321.95,5.5,V
164.683,stepper_x,,20,,0,10.0,278.2,321.95,5.5,V
164.683,stepper_y,,20,,0,10.0,278.2,321.95,5.5,V
164.683,stepper_y1,,20,,0,10.0,278.2,321.95,5.5,V
164.703,stepper_x,,20,,0,10.0,276.44,323.73,5.5,V
164.703,stepper_y,,20,,0,10.0,276.44,323.73,5.5,V
164.703,stepper_y1,,20,,0,10.0,276.44,323.73,5.5,V
164.724,stepper_x,,20,,0,10.0,276.44,323.73,5.5,V
164.724,stepper_y,,20,,0,10.0,276.44,323.73,5.5,V
164.724,stepper_y1,,20,,0,10.0,276.44,323.73,5.5,V
164.744,stepper_x,,20,,0,10.0,276.44,323.73,5.5,V
164.744,stepper_y,,20,,0,10.0,276.44,323.73,5.5,V
164.744,stepper_y1,,20,,0,10.0,276.44,323.73,5.5,V
164.764,stepper_x,,20,,0,10.0,276.44,323.73,5.5,V
164.764,stepper_y,,20,,0,10.0,276.44,323.73,5.5,V
164.764,stepper_y1,,20,,0,10.0,276.44,323.73,5.5,V
164.784,stepper_x,,20,,0,10.0,276.44,323.73,5.5,V
164.784,stepper_y,,20,,0,10.0,276.44,323.73,5.5,V
164.784,stepper_y1,,20,,0,10.0,276.44,323.73,5.5,V
164.804,stepper_x,,20,,0,10.0,276.44,323.73,5.5,V
164.804,stepper_y,,20,,0,10.0,276.44,323.73,5.5,V
164.804,stepper_y1,,20,,0,10.0,276.44,323.73,5.5,V
164.825,stepper_x,,20,,0,10.0,276.44,323.73,5.5,V
164.825,stepper_y,,20,,0,10.0,276.44,323.73,5.5,V
164.825,stepper_y1,,20,,0,10.0,276.44,323.73,5.5,V
164.845,stepper_x,,20,,0,10.0,276.44,323.73,5.5,V
164.845,stepper_y,,20,,0,10.0,276.44,323.73,5.5,V
164.845,stepper_y1,,20,,0,10.0,276.44,323.73,5.5,V
164.865,stepper_x,,20,,0,10.0,276.44,323.73,5.5,V
164.865,stepper_y,,20,,0,10.0,276.44,323.73,5.5,V
164.865,stepper_y1,,20,,0,10.0,276.44,323.73,5.5,V
164.885,stepper_x,,20,,0,10.0,276.44,323.73,5.5,V
164.885,stepper_y,,20,,0,10.0,276.44,323.73,5.5,V
164.885,stepper_y1,,20,,0,10.0,276.44,323.73,5.5,V
164.906,stepper_x,,20,,0,10.0,276.44,323.73,5.5,V
164.906,stepper_y,,20,,0,10.0,276.44,323.73,5.5,V
164.906,stepper_y1,,20,,0,10.0,276.44,323.73,5.5,V
164.926,stepper_x,,20,,0,10.0,276.44,323.73,5.5,V
164.926,stepper_y,,20,,0,10.0,276.44,323.73,5.5,V
164.926,stepper_y1,,20,,0,10.0,276.44,323.73,5.5,V
164.947,stepper_x,,20,,0,10.0,276.44,323.73,5.5,V
164.947,stepper_y,,20,,0,10.0,276.44,323.73,5.5,V
164.947,stepper_y1,,20,,0,10.0,276.44,323.73,5.5,V
164.967,stepper_x,,20,,0,10.0,274.68,325.51,5.5,V
164.967,stepper_y,,20,,0,10.0,274.68,325.51,5.5,V
164.967,stepper_y1,,20,,0,10.0,274.68,325.51,5.5,V
164.987,stepper_x,,20,,0,10.0,274.68,325.51,5.5,V
164.987,stepper_y,,20,,0,10.0,274.68,325.51,5.5,V
164.987,stepper_y1,,20,,0,10.0,274.68,325.51,5.5,V
165.008,stepper_x,,20,,0,10.0,274.68,325.51,5.5,V
165.008,stepper_y,,20,,0,10.0,274.68,325.51,5.5,V
165.008,stepper_y1,,20,,0,10.0,274.68,325.51,5.5,V
165.028,stepper_x,,20,,0,10.0,274.68,325.51,5.5,V
165.028,stepper_y,,20,,0,10.0,274.68,325.51,5.5,V
165.028,stepper_y1,,20,,0,10.0,274.68,325.51,5.5,V
165.048,stepper_x,,20,,0,10.0,274.68,325.51,5.5,V
165.048,stepper_y,,20,,0,10.0,274.68,325.51,5.5,V
165.048,stepper_y1,,20,,0,10.0,274.68,325.51,5.5,V
165.069,stepper_x,,20,,0,10.0,274.68,325.51,5.5,V
165.069,stepper_y,,20,,0,10.0,274.68,325.51,5.5,V
165.069,stepper_y1,,20,,0,10.0,274.68,325.51,5.5,V
165.089,stepper_x,,20,,0,10.0,274.68,325.51,5.5,V
165.089,stepper_y,,20,,0,10.0,274.68,325.51,5.5,V
165.089,stepper_y1,,20,,0,10.0,274.68,325.51,5.5,V
165.109,stepper_x,,20,,0,10.0,274.68,325.51,5.5,V
165.109,stepper_y,,20,,0,10.0,274.68,325.51,5.5,V
165.109,stepper_y1,,20,,0,10.0,274.68,325.51,5.5,V
165.129,stepper_x,,20,,0,10.0,274.68,325.51,5.5,V
165.129,stepper_y,,20,,0,10.0,274.68,325.51,5.5,V
165.129,stepper_y1,,20,,0,10.0,274.68,325.51,5.5,V
165.15,stepper_x,,20,,0,10.0,274.68,325.51,5.5,V
165.15,stepper_y,,20,,0,10.0,274.68,325.51,5.5,V
165.15,stepper_y1,,20,,0,10.0,274.68,325.51,5.5,V
165.17,stepper_x,,20,,0,10.0,274.68,325.51,5.5,V
165.17,stepper_y,,20,,0,10.0,274.68,325.51,5.5,V
165.17,stepper_y1,,20,,0,10.0,274.68,325.51,5.5,V
165.19,stepper_x,,20,,0,10.0,274.68,325.51,5.5,V
165.19,stepper_y,,20,,0,10.0,274.68,325.51,5.5,V
165.19,stepper_y1,,20,,0,10.0,274.68,325.51,5.5,V
165.211,stepper_x,,20,,0,10.0,272.91,327.29,5.5,V
165.211,stepper_y,,20,,0,10.0,272.91,327.29,5.5,V
165.211,stepper_y1,,20,,0,10.0,272.91,327.29,5.5,V
165.231,stepper_x,,20,,0,10.0,272.91,327.29,5.5,V
165.231,stepper_y,,20,,0,10.0,272.91,327.29,5.5,V
165.231,stepper_y1,,20,,0,10.0,272.91,327.29,5.5,V
165.251,stepper_x,,20,,0,10.0,272.91,327.29,5.5,V
165.251,stepper_y,,20,,0,10.0,272.91,327.29,5.5,V
165.251,stepper_y1,,20,,0,10.0,272.91,327.29,5.5,V
165.271,stepper_x,,20,,0,10.0,272.91,327.29,5.5,V
165.271,stepper_y,,20,,0,10.0,272.91,327.29,5.5,V
165.271,stepper_y1,,20,,0,10.0,272.91,327.29,5.5,V
165.291,stepper_x,,20,,0,10.0,272.91,327.29,5.5,V
165.291,stepper_y,,20,,0,10.0,272.91,327.29,5.5,V
165.291,stepper_y1,,20,,0,10.0,272.91,327.29,5.5,V
165.312,stepper_x,,20,,0,10.0,272.91,327.29,5.5,V
165.312,stepper_y,,20,,0,10.0,272.91,327.29,5.5,V
165.312,stepper_y1,,20,,0,10.0,272.91,327.29,5.5,V
165.332,stepper_x,,20,,0,10.0,272.91,327.29,5.5,V
165.332,stepper_y,,20,,0,10.0,272.91,327.29,5.5,V
165.332,stepper_y1,,20,,0,10.0,272.91,327.29,5.5,V
165.352,stepper_x,,20,,0,10.0,272.91,327.29,5.5,V
165.352,stepper_y,,20,,0,10.0,272.91,327.29,5.5,V
165.352,stepper_y1,,20,,0,10.0,272.91,327.29,5.5,V
165.372,stepper_x,,20,,0,10.0,272.91,327.29,5.5,V
165.372,stepper_y,,20,,0,10.0,272.91,327.29,5.5,V
165.372,stepper_y1,,20,,0,10.0,272.91,327.29,5.5,V
165.393,stepper_x,,20,,0,10.0,272.91,327.29,5.5,V
165.393,stepper_y,,20,,0,10.0,272.91,327.29,5.5,V
165.393,stepper_y1,,20,,0,10.0,272.91,327.29,5.5,V
165.413,stepper_x,,20,,0,10.0,272.91,327.29,5.5,V
165.413,stepper_y,,20,,0,10.0,272.91,327.29,5.5,V
165.413,stepper_y1,,20,,0,10.0,272.91,327.29,5.5,V
165.433,stepper_x,,20,,0,10.0,272.91,327.29,5.5,V
165.433,stepper_y,,20,,0,10.0,272.91,327.29,5.5,V
165.433,stepper_y1,,20,,0,10.0,272.91,327.29,5.5,V
165.454,stepper_x,,20,,0,10.0,271.15,329.07,5.5,V
165.454,stepper_y,,20,,0,10.0,271.15,329.07,5.5,V
165.454,stepper_y1,,20,,0,10.0,271.15,329.07,5.5,V
165.474,stepper_x,,20,,0,10.0,271.15,329.07,5.5,V
165.474,stepper_y,,20,,0,10.0,271.15,329.07,5.5,V
165.474,stepper_y1,,20,,0,10.0,271.15,329.07,5.5,V
165.494,stepper_x,,20,,0,10.0,271.15,329.07,5.5,V
165.494,stepper_y,,20,,0,10.0,271.15,329.07,5.5,V
165.494,stepper_y1,,20,,0,10.0,271.15,329.07,5.5,V
165.515,stepper_x,,20,,0,10.0,271.15,329.07,5.5,V
165.515,stepper_y,,20,,0,10.0,271.15,329.07,5.5,V
165.515,stepper_y1,,20,,0,10.0,271.15,329.07,5.5,V
165.535,stepper_x,,20,,0,10.0,271.15,329.07,5.5,V
165.535,stepper_y,,20,,0,10.0,271.15,329.07,5.5,V
165.535,stepper_y1,,20,,0,10.0,271.15,329.07,5.5,V
165.555,stepper_x,,20,,0,10.0,271.15,329.07,5.5,V
165.555,stepper_y,,20,,0,10.0,271.15,329.07,5.5,V
165.555,stepper_y1,,20,,0,10.0,271.15,329.07,5.5,V
165.575,stepper_x,,20,,0,10.0,271.15,329.07,5.5,V
165.575,stepper_y,,20,,0,10.0,271.15,329.07,5.5,V
165.575,stepper_y1,,20,,0,10.0,271.15,329.07,5.5,V
165.596,stepper_x,,20,,0,10.0,271.15,329.07,5.5,V
165.596,stepper_y,,20,,0,10.0,271.15,329.07,5.5,V
165.596,stepper_y1,,20,,0,10.0,271.15,329.07,5.5,V
165.616,stepper_x,,20,,0,10.0,271.15,329.07,5.5,V
165.616,stepper_y,,20,,0,10.0,271.15,329.07,5.5,V
165.616,stepper_y1,,20,,0,10.0,271.15,329.07,5.5,V
165.636,stepper_x,,20,,0,10.0,271.15,329.07,5.5,V
165.636,stepper_y,,20,,0,10.0,271.15,329.07,5.5,V
165.636,stepper_y1,,20,,0,10.0,271.15,329.07,5.5,V
165.656,stepper_x,,20,,0,10.0,271.15,329.07,5.5,V
165.656,stepper_y,,20,,0,10.0,271.15,329.07,5.5,V
165.656,stepper_y1,,20,,0,10.0,271.15,329.07,5.5,V
165.676,stepper_x,,20,,0,10.0,271.15,329.07,5.5,V
165.676,stepper_y,,20,,0,10.0,271.15,329.07,5.5,V
165.676,stepper_y1,,20,,0,10.0,271.15,329.07,5.5,V
165.697,stepper_x,,20,,0,10.0,271.15,329.07,5.5,V
165.697,stepper_y,,20,,0,10.0,271.15,329.07,5.5,V
165.697,stepper_y1,,20,,0,10.0,271.15,329.07,5.5,V
165.717,stepper_x,,20,,0,10.0,269.38,330.85,5.5,V
165.717,stepper_y,,20,,0,10.0,269.38,330.85,5.5,V
165.717,stepper_y1,,20,,0,10.0,269.38,330.85,5.5,V
165.737,stepper_x,,20,,0,10.0,269.38,330.85,5.5,V
165.737,stepper_y,,20,,0,10.0,269.38,330.85,5.5,V
165.737,stepper_y1,,20,,0,10.0,269.38,330.85,5.5,V
165.757,stepper_x,,20,,0,10.0,269.38,330.85,5.5,V
165.757,stepper_y,,20,,0,10.0,269.38,330.85,5.5,V
165.757,stepper_y1,,20,,0,10.0,269.38,330.85,5.5,V
165.778,stepper_x,,20,,0,10.0,269.38,330.85,5.5,V
165.778,stepper_y,,20,,0,10.0,269.38,330.85,5.5,V
165.778,stepper_y1,,20,,0,10.0,269.38,330.85,5.5,V
165.798,stepper_x,,20,,0,10.0,269.38,330.85,5.5,V
165.798,stepper_y,,20,,0,10.0,269.38,330.85,5.5,V
165.798,stepper_y1,,20,,0,10.0,269.38,330.85,5.5,V
165.818,stepper_x,,20,,0,10.0,269.38,330.85,5.5,V
165.818,stepper_y,,20,,0,10.0,269.38,330.85,5.5,V
165.818,stepper_y1,,20,,0,10.0,269.38,330.85,5.5,V
165.838,stepper_x,,20,,0,10.0,269.38,330.85,5.5,V
165.838,stepper_y,,20,,0,10.0,269.38,330.85,5.5,V
165.838,stepper_y1,,20,,0,10.0,269.38,330.85,5.5,V
165.858,stepper_x,,20,,0,10.0,269.38,330.85,5.5,V
165.858,stepper_y,,20,,0,10.0,269.38,330.85,5.5,V
165.858,stepper_y1,,20,,0,10.0,269.38,330.85,5.5,V
165.879,stepper_x,,20,,0,10.0,269.38,330.85,5.5,V
165.879,stepper_y,,20,,0,10.0,269.38,330.85,5.5,V
165.879,stepper_y1,,20,,0,10.0,269.38,330.85,5.5,V
165.899,stepper_x,,20,,0,10.0,269.38,330.85,5.5,V
165.899,stepper_y,,20,,0,10.0,269.38,330.85,5.5,V
165.899,stepper_y1,,20,,0,10.0,269.38,330.85,5.5,V
165.92,stepper_x,,20,,0,10.0,269.38,330.85,5.5,V
165.92,stepper_y,,20,,0,10.0,269.38,330.85,5.5,V
165.92,stepper_y1,,20,,0,10.0,269.38,330.85,5.5,V
165.94,stepper_x,,20,,0,10.0,269.38,330.85,5.5,V
165.94,stepper_y,,20,,0,10.0,269.38,330.85,5.5,V
165.94,stepper_y1,,20,,0,10.0,269.38,330.85,5.5,V
165.96,stepper_x,,20,,0,10.0,267.62,332.63,5.5,V
165.96,stepper_y,,20,,0,10.0,267.62,332.63,5.5,V
165.96,stepper_y1,,20,,0,10.0,267.62,332.63,5.5,V
165.981,stepper_x,,20,,0,10.0,267.62,332.63,5.5,V
165.981,stepper_y,,20,,0,10.0,267.62,332.63,5.5,V
165.981,stepper_y1,,20,,0,10.0,267.62,332.63,5.5,V
166.001,stepper_x,,20,,0,10.0,267.62,332.63,5.5,V
166.001,stepper_y,,20,,0,10.0,267.62,332.63,5.5,V
166.001,stepper_y1,,20,,0,10.0,267.62,332.63,5.5,V
166.021,stepper_x,,20,,0,10.0,267.62,332.63,5.5,V
166.021,stepper_y,,20,,0,10.0,267.62,332.63,5.5,V
166.021,stepper_y1,,20,,0,10.0,267.62,332.63,5.5,V
166.042,stepper_x,,20,,0,10.0,267.62,332.63,5.5,V
166.042,stepper_y,,20,,0,10.0,267.62,332.63,5.5,V
166.042,stepper_y1,,20,,0,10.0,267.62,332.63,5.5,V
166.062,stepper_x,,20,,0,10.0,267.62,332.63,5.5,V
166.062,stepper_y,,20,,0,10.0,267.62,332.63,5.5,V
166.062,stepper_y1,,20,,0,10.0,267.62,332.63,5.5,V
166.082,stepper_x,,20,,0,10.0,267.62,332.63,5.5,V
166.082,stepper_y,,20,,0,10.0,267.62,332.63,5.5,V
166.082,stepper_y1,,20,,0,10.0,267.62,332.63,5.5,V
166.102,stepper_x,,20,,0,10.0,267.62,332.63,5.5,V
166.102,stepper_y,,20,,0,10.0,267.62,332.63,5.5,V
166.102,stepper_y1,,20,,0,10.0,267.62,332.63,5.5,V
166.123,stepper_x,,20,,0,10.0,267.62,332.63,5.5,V
166.123,stepper_y,,20,,0,10.0,267.62,332.63,5.5,V
166.123,stepper_y1,,20,,0,10.0,267.62,332.63,5.5,V
166.143,stepper_x,,20,,0,10.0,267.62,332.63,5.5,V
166.143,stepper_y,,20,,0,10.0,267.62,332.63,5.5,V
166.143,stepper_y1,,20,,0,10.0,267.62,332.63,5.5,V
166.163,stepper_x,,20,,0,10.0,267.62,332.63,5.5,V
166.163,stepper_y,,20,,0,10.0,267.62,332.63,5.5,V
166.163,stepper_y1,,20,,0,10.0,267.62,332.63,5.5,V
166.183,stepper_x,,20,,0,10.0,267.62,332.63,5.5,V
166.183,stepper_y,,20,,0,10.0,267.62,332.63,5.5,V
166.183,stepper_y1,,20,,0,10.0,267.62,332.63,5.5,V
166.204,stepper_x,,20,,0,1.5,267.25,333.0,5.04,V
166.204,stepper_y,,20,,0,1.5,267.25,333.0,5.04,V
166.204,stepper_y1,,20,,0,1.5,267.25,333.0,5.04,V
166.224,stepper_x,,20,,0,1.5,267.25,333.0,5.04,V
166.224,stepper_y,,20,,0,1.5,267.25,333.0,5.04,V
166.224,stepper_y1,,20,,0,1.5,267.25,333.0,5.04,V
166.245,stepper_x,,20,,0,1.5,267.25,333.0,5.04,V
166.245,stepper_y,,20,,0,1.5,267.25,333.0,5.04,V
166.245,stepper_y1,,20,,0,1.5,267.25,333.0,5.04,V
166.266,stepper_x,,20,,0,1.5,267.25,333.0,5.04,V
166.266,stepper_y,,20,,0,1.5,267.25,333.0,5.04,V
166.266,stepper_y1,,20,,0,1.5,267.25,333.0,5.04,V
166.286,stepper_x,,20,,0,1.5,267.25,333.0,5.04,V
166.286,stepper_y,,20,,0,1.5,267.25,333.0,5.04,V
166.286,stepper_y1,,20,,0,1.5,267.25,333.0,5.04,V
166.306,stepper_x,,20,,0,1.5,267.25,333.0,5.04,V
166.306,stepper_y,,20,,0,1.5,267.25,333.0,5.04,V
166.306,stepper_y1,,20,,0,1.5,267.25,333.0,5.04,V
166.326,stepper_x,,20,,0,1.5,267.25,333.0,5.04,V
166.326,stepper_y,,20,,0,1.5,267.25,333.0,5.04,V
166.326,stepper_y1,,20,,0,1.5,267.25,333.0,5.04,V
166.347,stepper_x,,20,,0,1.5,267.25,333.0,5.04,V
166.347,stepper_y,,20,,0,1.5,267.25,333.0,5.04,V
166.347,stepper_y1,,20,,0,1.5,267.25,333.0,5.04,V
166.368,stepper_x,,20,,0,1.5,267.25,333.0,5.04,V
166.368,stepper_y,,20,,0,1.5,267.25,333.0,5.04,V
166.368,stepper_y1,,20,,0,1.5,267.25,333.0,5.04,V
166.388,stepper_x,,20,,0,1.5,267.25,333.0,5.04,V
166.388,stepper_y,,20,,0,1.5,267.25,333.0,5.04,V
166.388,stepper_y1,,20,,0,1.5,267.25,333.0,5.04,V
166.408,stepper_x,,20,,0,1.5,267.25,333.0,5.04,V
166.408,stepper_y,,20,,0,1.5,267.25,333.0,5.04,V
166.408,stepper_y1,,20,,0,1.5,267.25,333.0,5.04,V
166.429,stepper_x,,20,,0,1.5,267.25,333.0,5.04,V
166.429,stepper_y,,20,,0,1.5,267.25,333.0,5.04,V
166.429,stepper_y1,,20,,0,1.5,267.25,333.0,5.04,V
166.449,stepper_x,,20,,0,1.5,267.25,333.0,5.04,V
166.449,stepper_y,,20,,0,1.5,267.25,333.0,5.04,V
166.449,stepper_y1,,20,,0,1.5,267.25,333.0,5.04,V
166.47,stepper_x,,20,,0,0.0,267.25,333.0,5.0,V
166.47,stepper_y,,20,,0,0.0,267.25,333.0,5.0,V
166.47,stepper_y1,,20,,0,0.0,267.25,333.0,5.0,V
166.49,stepper_x,,20,,0,0.0,267.25,333.0,5.0,V
166.49,stepper_y,,20,,0,0.0,267.25,333.0,5.0,V
166.49,stepper_y1,,20,,0,0.0,267.25,333.0,5.0,V
166.51,stepper_x,,20,,0,0.0,267.25,333.0,5.0,V
166.51,stepper_y,,20,,0,0.0,267.25,333.0,5.0,V
166.51,stepper_y1,,20,,0,0.0,267.25,333.0,5.0,V
166.531,stepper_x,,20,,0,0.0,267.25,333.0,5.0,V
166.531,stepper_y,,20,,0,0.0,267.25,333.0,5.0,V
166.531,stepper_y1,,20,,0,0.0,267.25,333.0,5.0,V
166.552,stepper_x,,20,,0,0.0,267.25,333.0,5.0,V
166.552,stepper_y,,20,,0,0.0,267.25,333.0,5.0,V
166.552,stepper_y1,,20,,0,0.0,267.25,333.0,5.0,V
166.572,stepper_x,,20,,0,0.0,267.25,333.0,5.0,V
166.572,stepper_y,,20,,0,0.0,267.25,333.0,5.0,V
166.572,stepper_y1,,20,,0,0.0,267.25,333.0,5.0,V
166.593,stepper_x,,20,,0,0.0,267.25,333.0,5.0,V
166.593,stepper_y,,20,,0,0.0,267.25,333.0,5.0,V
166.593,stepper_y1,,20,,0,0.0,267.25,333.0,5.0,V
166.613,stepper_x,,20,,0,0.0,267.25,333.0,5.0,V
166.613,stepper_y,,20,,0,0.0,267.25,333.0,5.0,V
166.613,stepper_y1,,20,,0,0.0,267.25,333.0,5.0,V
166.633,stepper_x,,20,,0,0.0,267.25,333.0,5.0,V
166.633,stepper_y,,20,,0,0.0,267.25,333.0,5.0,V
166.633,stepper_y1,,20,,0,0.0,267.25,333.0,5.0,V
166.654,stepper_x,,20,,0,0.0,267.25,333.0,5.0,V
166.654,stepper_y,,20,,0,0.0,267.25,333.0,5.0,V
166.654,stepper_y1,,20,,0,0.0,267.25,333.0,5.0,V
166.674,stepper_x,,20,,0,0.0,267.25,333.0,5.0,V
166.674,stepper_y,,20,,0,0.0,267.25,333.0,5.0,V
166.674,stepper_y1,,20,,0,0.0,267.25,333.0,5.0,V
166.694,stepper_x,,20,,0,0.0,267.25,333.0,5.0,V
166.694,stepper_y,,20,,0,0.0,267.25,333.0,5.0,V
166.694,stepper_y1,,20,,0,0.0,267.25,333.0,5.0,V
166.715,stepper_x,,20,,0,0.0,267.25,333.0,5.0,V
166.715,stepper_y,,20,,0,0.0,267.25,333.0,5.0,V
166.715,stepper_y1,,20,,0,0.0,267.25,333.0,5.0,V
166.735,stepper_x,,20,,0,0.0,267.25,333.0,5.0,V
166.735,stepper_y,,20,,0,0.0,267.25,333.0,5.0,V
166.735,stepper_y1,,20,,0,0.0,267.25,333.0,5.0,V
166.755,stepper_x,,20,,0,0.0,267.25,333.0,5.0,V
166.755,stepper_y,,20,,0,0.0,267.25,333.0,5.0,V
166.755,stepper_y1,,20,,0,0.0,267.25,333.0,5.0,V
166.776,stepper_x,,20,,0,0.0,267.25,333.0,5.0,V
166.776,stepper_y,,20,,0,0.0,267.25,333.0,5.0,V
166.776,stepper_y1,,20,,0,0.0,267.25,333.0,5.0,V
166.796,stepper_x,,20,,0,0.0,267.25,333.0,5.0,V
166.796,stepper_y,,20,,0,0.0,267.25,333.0,5.0,V
166.796,stepper_y1,,20,,0,0.0,267.25,333.0,5.0,V
166.816,stepper_x,,20,,0,0.0,267.25,333.0,5.0,V
166.816,stepper_y,,20,,0,0.0,267.25,333.0,5.0,V
166.816,stepper_y1,,20,,0,0.0,267.25,333.0,5.0,V
166.837,stepper_x,,20,,0,0.0,267.25,333.0,5.0,V
166.837,stepper_y,,20,,0,0.0,267.25,333.0,5.0,V
166.837,stepper_y1,,20,,0,0.0,267.25,333.0,5.0,V
166.857,stepper_x,,20,,0,0.0,267.25,333.0,5.0,V
166.857,stepper_y,,20,,0,0.0,267.25,333.0,5.0,V
166.857,stepper_y1,,20,,0,0.0,267.25,333.0,5.0,V
166.877,stepper_x,,20,,0,0.0,267.25,333.0,5.0,V
166.877,stepper_y,,20,,0,0.0,267.25,333.0,5.0,V
166.877,stepper_y1,,20,,0,0.0,267.25,333.0,5.0,V
166.897,stepper_x,,20,,0,0.0,267.25,333.0,5.0,V
166.897,stepper_y,,20,,0,0.0,267.25,333.0,5.0,V
166.897,stepper_y1,,20,,0,0.0,267.25,333.0,5.0,V
166.918,stepper_x,,20,,0,0.0,267.25,333.0,5.0,V
166.918,stepper_y,,20,,0,0.0,267.25,333.0,5.0,V
166.918,stepper_y1,,20,,0,0.0,267.25,333.0,5.0,V
166.938,stepper_x,,20,,0,0.0,267.25,333.0,5.0,V
166.938,stepper_y,,20,,0,0.0,267.25,333.0,5.0,V
166.938,stepper_y1,,20,,0,0.0,267.25,333.0,5.0,V
166.959,stepper_x,,20,,0,0.0,267.25,333.0,5.0,V
166.959,stepper_y,,20,,0,0.0,267.25,333.0,5.0,V
166.959,stepper_y1,,20,,0,0.0,267.25,333.0,5.0,V
166.979,stepper_x,,20,,0,0.0,267.25,333.0,5.0,V
166.979,stepper_y,,20,,0,0.0,267.25,333.0,5.0,V
166.979,stepper_y1,,20,,0,0.0,267.25,333.0,5.0,V
167.0,stepper_x,,20,,0,0.0,267.25,333.0,5.0,V
167.0,stepper_y,,20,,0,0.0,267.25,333.0,5.0,V
167.0,stepper_y1,,20,,0,0.0,267.25,333.0,5.0,V
167.02,stepper_x,,20,,0,0.0,267.25,333.0,5.0,V
167.02,stepper_y,,20,,0,0.0,267.25,333.0,5.0,V
167.02,stepper_y1,,20,,0,0.0,267.25,333.0,5.0,V
167.041,stepper_x,,20,,0,0.0,267.25,333.0,5.0,V
167.041,stepper_y,,20,,0,0.0,267.25,333.0,5.0,V
167.041,stepper_y1,,20,,0,0.0,267.25,333.0,5.0,V
167.061,stepper_x,,20,,0,0.0,267.25,333.0,5.0,V
167.061,stepper_y,,20,,0,0.0,267.25,333.0,5.0,V
167.061,stepper_y1,,20,,0,0.0,267.25,333.0,5.0,V
167.082,stepper_x,,20,,0,0.0,267.25,333.0,5.0,V
167.082,stepper_y,,20,,0,0.0,267.25,333.0,5.0,V
167.082,stepper_y1,,20,,0,0.0,267.25,333.0,5.0,V
167.102,stepper_x,,20,,0,0.0,267.25,333.0,5.0,V
167.102,stepper_y,,20,,0,0.0,267.25,333.0,5.0,V
167.102,stepper_y1,,20,,0,0.0,267.25,333.0,5.0,V
167.123,stepper_x,,20,,0,0.0,267.25,333.0,5.0,V
167.123,stepper_y,,20,,0,0.0,267.25,333.0,5.0,V
167.123,stepper_y1,,20,,0,0.0,267.25,333.0,5.0,V
167.143,stepper_x,,20,,0,0.0,267.25,333.0,5.0,V
167.143,stepper_y,,20,,0,0.0,267.25,333.0,5.0,V
167.143,stepper_y1,,20,,0,0.0,267.25,333.0,5.0,V
167.163,stepper_x,,20,,0,0.0,267.25,333.0,5.0,V
167.163,stepper_y,,20,,0,0.0,267.25,333.0,5.0,V
167.163,stepper_y1,,20,,0,0.0,267.25,333.0,5.0,V
167.183,stepper_x,,20,,0,0.0,267.25,333.0,5.0,V
167.183,stepper_y,,20,,0,0.0,267.25,333.0,5.0,V
167.183,stepper_y1,,20,,0,0.0,267.25,333.0,5.0,V
167.204,stepper_x,,20,,0,0.0,267.25,333.0,5.0,V
167.204,stepper_y,,20,,0,0.0,267.25,333.0,5.0,V
167.204,stepper_y1,,20,,0,0.0,267.25,333.0,5.0,V
167.224,stepper_x,,20,,0,0.0,267.25,333.0,5.0,V
167.224,stepper_y,,20,,0,0.0,267.25,333.0,5.0,V
167.224,stepper_y1,,20,,0,0.0,267.25,333.0,5.0,V
167.244,stepper_x,,20,,0,0.0,267.25,333.0,5.0,V
167.244,stepper_y,,20,,0,0.0,267.25,333.0,5.0,V
167.244,stepper_y1,,20,,0,0.0,267.25,333.0,5.0,V
167.267,stepper_x,,20,,0,0.0,267.25,333.0,5.0,V
167.267,stepper_y,,20,,0,0.0,267.25,333.0,5.0,V
167.267,stepper_y1,,20,,0,0.0,267.25,333.0,5.0,V
167.287,stepper_x,,20,,0,0.0,267.25,333.0,5.0,V
167.287,stepper_y,,20,,0,0.0,267.25,333.0,5.0,V
167.287,stepper_y1,,20,,0,0.0,267.25,333.0,5.0,V
167.308,stepper_x,,20,,0,0.0,267.25,333.0,5.0,V
167.308,stepper_y,,20,,0,0.0,267.25,333.0,5.0,V
167.308,stepper_y1,,20,,0,0.0,267.25,333.0,5.0,V
167.328,stepper_x,,20,,0,0.0,267.25,333.0,5.0,V
167.328,stepper_y,,20,,0,0.0,267.25,333.0,5.0,V
167.328,stepper_y1,,20,,0,0.0,267.25,333.0,5.0,V
167.348,stepper_x,,20,,0,0.0,267.25,333.0,5.0,V
167.348,stepper_y,,20,,0,0.0,267.25,333.0,5.0,V
167.348,stepper_y1,,20,,0,0.0,267.25,333.0,5.0,V
167.369,stepper_x,,20,,0,0.0,267.25,333.0,5.0,V
167.369,stepper_y,,20,,0,0.0,267.25,333.0,5.0,V
167.369,stepper_y1,,20,,0,0.0,267.25,333.0,5.0,V
167.389,stepper_x,,20,,0,0.0,267.25,333.0,5.0,V
167.389,stepper_y,,20,,0,0.0,267.25,333.0,5.0,V
167.389,stepper_y1,,20,,0,0.0,267.25,333.0,5.0,V
167.409,stepper_x,,20,,0,0.0,267.25,333.0,5.0,V
167.409,stepper_y,,20,,0,0.0,267.25,333.0,5.0,V
167.409,stepper_y1,,20,,0,0.0,267.25,333.0,5.0,V
167.43,stepper_x,,20,,0,0.0,267.25,333.0,5.0,V
167.43,stepper_y,,20,,0,0.0,267.25,333.0,5.0,V
167.43,stepper_y1,,20,,0,0.0,267.25,333.0,5.0,V
167.45,stepper_x,,20,,0,0.0,267.25,333.0,5.0,V
167.45,stepper_y,,20,,0,0.0,267.25,333.0,5.0,V
167.45,stepper_y1,,20,,0,0.0,267.25,333.0,5.0,V
167.471,stepper_x,,20,,0,0.3,267.25,333.0,5.0,V
167.471,stepper_y,,20,,0,0.3,267.25,333.0,5.0,V
167.471,stepper_y1,,20,,0,0.3,267.25,333.0,5.0,V
167.491,stepper_x,,20,,0,0.3,267.25,333.0,5.0,V
167.491,stepper_y,,20,,0,0.3,267.25,333.0,5.0,V
167.491,stepper_y1,,20,,0,0.3,267.25,333.0,5.0,V
167.511,stepper_x,,20,,0,0.3,267.25,333.0,5.0,V
167.511,stepper_y,,20,,0,0.3,267.25,333.0,5.0,V
167.511,stepper_y1,,20,,0,0.3,267.25,333.0,5.0,V
167.531,stepper_x,,20,,0,0.3,267.25,333.0,5.0,V
167.531,stepper_y,,20,,0,0.3,267.25,333.0,5.0,V
167.531,stepper_y1,,20,,0,0.3,267.25,333.0,5.0,V
167.551,stepper_x,,20,,0,0.3,267.25,333.0,5.0,V
167.551,stepper_y,,20,,0,0.3,267.25,333.0,5.0,V
167.551,stepper_y1,,20,,0,0.3,267.25,333.0,5.0,V
167.572,stepper_x,,20,,0,0.3,267.25,333.0,5.0,V
167.572,stepper_y,,20,,0,0.3,267.25,333.0,5.0,V
167.572,stepper_y1,,20,,0,0.3,267.25,333.0,5.0,V
167.593,stepper_x,,20,,0,0.3,267.25,333.0,5.0,V
167.593,stepper_y,,20,,0,0.3,267.25,333.0,5.0,V
167.593,stepper_y1,,20,,0,0.3,267.25,333.0,5.0,V
167.613,stepper_x,,20,,0,0.3,267.25,333.0,5.0,V
167.613,stepper_y,,20,,0,0.3,267.25,333.0,5.0,V
167.613,stepper_y1,,20,,0,0.3,267.25,333.0,5.0,V
167.633,stepper_x,,20,,0,0.3,267.25,333.0,5.0,V
167.633,stepper_y,,20,,0,0.3,267.25,333.0,5.0,V
167.633,stepper_y1,,20,,0,0.3,267.25,333.0,5.0,V
167.653,stepper_x,,20,,0,0.3,267.25,333.0,5.0,V
167.653,stepper_y,,20,,0,0.3,267.25,333.0,5.0,V
167.653,stepper_y1,,20,,0,0.3,267.25,333.0,5.0,V
167.673,stepper_x,,20,,0,0.3,267.25,333.0,5.0,V
167.673,stepper_y,,20,,0,0.3,267.25,333.0,5.0,V
167.673,stepper_y1,,20,,0,0.3,267.25,333.0,5.0,V
167.694,stepper_x,,20,,0,0.3,267.25,333.0,5.0,V
167.694,stepper_y,,20,,0,0.3,267.25,333.0,5.0,V
167.694,stepper_y1,,20,,0,0.3,267.25,333.0,5.0,V
167.714,stepper_x,,20,,0,1.0,267.25,333.0,4.76,V
167.714,stepper_y,,20,,0,1.0,267.25,333.0,4.76,V
167.714,stepper_y1,,20,,0,1.0,267.25,333.0,4.76,V
167.735,stepper_x,,20,,0,1.0,267.25,333.0,4.76,V
167.735,stepper_y,,20,,0,1.0,267.25,333.0,4.76,V
167.735,stepper_y1,,20,,0,1.0,267.25,333.0,4.76,V
167.755,stepper_x,,20,,0,1.0,267.25,333.0,4.76,V
167.755,stepper_y,,20,,0,1.0,267.25,333.0,4.76,V
167.755,stepper_y1,,20,,0,1.0,267.25,333.0,4.76,V
167.775,stepper_x,,20,,0,1.0,267.25,333.0,4.76,V
167.775,stepper_y,,20,,0,1.0,267.25,333.0,4.76,V
167.775,stepper_y1,,20,,0,1.0,267.25,333.0,4.76,V
167.796,stepper_x,,20,,0,1.0,267.25,333.0,4.76,V
167.796,stepper_y,,20,,0,1.0,267.25,333.0,4.76,V
167.796,stepper_y1,,20,,0,1.0,267.25,333.0,4.76,V
167.816,stepper_x,,20,,0,1.0,267.25,333.0,4.76,V
167.816,stepper_y,,20,,0,1.0,267.25,333.0,4.76,V
167.816,stepper_y1,,20,,0,1.0,267.25,333.0,4.76,V
167.836,stepper_x,,20,,0,1.0,267.25,333.0,4.76,V
167.836,stepper_y,,20,,0,1.0,267.25,333.0,4.76,V
167.836,stepper_y1,,20,,0,1.0,267.25,333.0,4.76,V
167.856,stepper_x,,20,,0,1.0,267.25,333.0,4.76,V
167.856,stepper_y,,20,,0,1.0,267.25,333.0,4.76,V
167.856,stepper_y1,,20,,0,1.0,267.25,333.0,4.76,V
167.876,stepper_x,,20,,0,1.0,267.25,333.0,4.76,V
167.876,stepper_y,,20,,0,1.0,267.25,333.0,4.76,V
167.876,stepper_y1,,20,,0,1.0,267.25,333.0,4.76,V
167.897,stepper_x,,20,,0,1.0,267.25,333.0,4.76,V
167.897,stepper_y,,20,,0,1.0,267.25,333.0,4.76,V
167.897,stepper_y1,,20,,0,1.0,267.25,333.0,4.76,V
167.918,stepper_x,,20,,0,1.0,267.25,333.0,4.76,V
167.918,stepper_y,,20,,0,1.0,267.25,333.0,4.76,V
167.918,stepper_y1,,20,,0,1.0,267.25,333.0,4.76,V
167.938,stepper_x,,20,,0,1.0,267.25,333.0,4.76,V
167.938,stepper_y,,20,,0,1.0,267.25,333.0,4.76,V
167.938,stepper_y1,,20,,0,1.0,267.25,333.0,4.76,V
167.958,stepper_x,,20,,0,1.0,267.25,333.0,4.51,V
167.958,stepper_y,,20,,0,1.0,267.25,333.0,4.51,V
167.958,stepper_y1,,20,,0,1.0,267.25,333.0,4.51,V
167.979,stepper_x,,20,,0,1.0,267.25,333.0,4.51,V
167.979,stepper_y,,20,,0,1.0,267.25,333.0,4.51,V
167.979,stepper_y1,,20,,0,1.0,267.25,333.0,4.51,V
167.999,stepper_x,,20,,0,1.0,267.25,333.0,4.51,V
167.999,stepper_y,,20,,0,1.0,267.25,333.0,4.51,V
167.999,stepper_y1,,20,,0,1.0,267.25,333.0,4.51,V
168.019,stepper_x,,20,,0,1.0,267.25,333.0,4.51,V
168.019,stepper_y,,20,,0,1.0,267.25,333.0,4.51,V
168.019,stepper_y1,,20,,0,1.0,267.25,333.0,4.51,V
168.04,stepper_x,,20,,0,1.0,267.25,333.0,4.51,V
168.04,stepper_y,,20,,0,1.0,267.25,333.0,4.51,V
168.04,stepper_y1,,20,,0,1.0,267.25,333.0,4.51,V
168.06,stepper_x,,20,,0,1.0,267.25,333.0,4.51,V
168.06,stepper_y,,20,,0,1.0,267.25,333.0,4.51,V
168.06,stepper_y1,,20,,0,1.0,267.25,333.0,4.51,V
168.08,stepper_x,,20,,0,1.0,267.25,333.0,4.51,V
168.08,stepper_y,,20,,0,1.0,267.25,333.0,4.51,V
168.08,stepper_y1,,20,,0,1.0,267.25,333.0,4.51,V
168.101,stepper_x,,20,,0,1.0,267.25,333.0,4.51,V
168.101,stepper_y,,20,,0,1.0,267.25,333.0,4.51,V
168.101,stepper_y1,,20,,0,1.0,267.25,333.0,4.51,V
168.122,stepper_x,,20,,0,1.0,267.25,333.0,4.51,V
168.122,stepper_y,,20,,0,1.0,267.25,333.0,4.51,V
168.122,stepper_y1,,20,,0,1.0,267.25,333.0,4.51,V
168.142,stepper_x,,20,,0,1.0,267.25,333.0,4.51,V
168.142,stepper_y,,20,,0,1.0,267.25,333.0,4.51,V
168.142,stepper_y1,,20,,0,1.0,267.25,333.0,4.51,V
168.162,stepper_x,,20,,0,1.0,267.25,333.0,4.51,V
168.162,stepper_y,,20,,0,1.0,267.25,333.0,4.51,V
168.162,stepper_y1,,20,,0,1.0,267.25,333.0,4.51,V
168.182,stepper_x,,20,,0,1.0,267.25,333.0,4.51,V
168.182,stepper_y,,20,,0,1.0,267.25,333.0,4.51,V
168.182,stepper_y1,,20,,0,1.0,267.25,333.0,4.51,V
168.202,stepper_x,,20,,0,1.0,267.25,333.0,4.51,V
168.202,stepper_y,,20,,0,1.0,267.25,333.0,4.51,V
168.202,stepper_y1,,20,,0,1.0,267.25,333.0,4.51,V
168.223,stepper_x,,20,,0,1.0,267.25,333.0,4.26,V
168.223,stepper_y,,20,,0,1.0,267.25,333.0,4.26,V
168.223,stepper_y1,,20,,0,1.0,267.25,333.0,4.26,V
168.243,stepper_x,,20,,0,1.0,267.25,333.0,4.26,V
168.243,stepper_y,,20,,0,1.0,267.25,333.0,4.26,V
168.243,stepper_y1,,20,,0,1.0,267.25,333.0,4.26,V
168.263,stepper_x,,20,,0,1.0,267.25,333.0,4.26,V
168.263,stepper_y,,20,,0,1.0,267.25,333.0,4.26,V
168.263,stepper_y1,,20,,0,1.0,267.25,333.0,4.26,V
168.283,stepper_x,,20,,0,1.0,267.25,333.0,4.26,V
168.283,stepper_y,,20,,0,1.0,267.25,333.0,4.26,V
168.283,stepper_y1,,20,,0,1.0,267.25,333.0,4.26,V
168.304,stepper_x,,20,,0,1.0,267.25,333.0,4.26,V
168.304,stepper_y,,20,,0,1.0,267.25,333.0,4.26,V
168.304,stepper_y1,,20,,0,1.0,267.25,333.0,4.26,V
168.324,stepper_x,,20,,0,1.0,267.25,333.0,4.26,V
168.324,stepper_y,,20,,0,1.0,267.25,333.0,4.26,V
168.324,stepper_y1,,20,,0,1.0,267.25,333.0,4.26,V
168.344,stepper_x,,20,,0,1.0,267.25,333.0,4.26,V
168.344,stepper_y,,20,,0,1.0,267.25,333.0,4.26,V
168.344,stepper_y1,,20,,0,1.0,267.25,333.0,4.26,V
168.364,stepper_x,,20,,0,1.0,267.25,333.0,4.26,V
168.364,stepper_y,,20,,0,1.0,267.25,333.0,4.26,V
168.364,stepper_y1,,20,,0,1.0,267.25,333.0,4.26,V
168.387,stepper_x,,20,,0,1.0,267.25,333.0,4.26,V
168.387,stepper_y,,20,,0,1.0,267.25,333.0,4.26,V
168.387,stepper_y1,,20,,0,1.0,267.25,333.0,4.26,V
168.408,stepper_x,,20,,0,1.0,267.25,333.0,4.26,V
168.408,stepper_y,,20,,0,1.0,267.25,333.0,4.26,V
168.408,stepper_y1,,20,,0,1.0,267.25,333.0,4.26,V
168.428,stepper_x,,20,,0,1.0,267.25,333.0,4.26,V
168.428,stepper_y,,20,,0,1.0,267.25,333.0,4.26,V
168.428,stepper_y1,,20,,0,1.0,267.25,333.0,4.26,V
168.448,stepper_x,,20,,0,1.0,267.25,333.0,4.26,V
168.448,stepper_y,,20,,0,1.0,267.25,333.0,4.26,V
168.448,stepper_y1,,20,,0,1.0,267.25,333.0,4.26,V
168.469,stepper_x,,20,,0,1.0,267.25,333.0,4.01,V
168.469,stepper_y,,20,,0,1.0,267.25,333.0,4.01,V
168.469,stepper_y1,,20,,0,1.0,267.25,333.0,4.01,V
168.49,stepper_x,,20,,0,1.0,267.25,333.0,4.01,V
168.49,stepper_y,,20,,0,1.0,267.25,333.0,4.01,V
168.49,stepper_y1,,20,,0,1.0,267.25,333.0,4.01,V
168.51,stepper_x,,20,,0,1.0,267.25,333.0,4.01,V
168.51,stepper_y,,20,,0,1.0,267.25,333.0,4.01,V
168.51,stepper_y1,,20,,0,1.0,267.25,333.0,4.01,V
168.53,stepper_x,,20,,0,1.0,267.25,333.0,4.01,V
168.53,stepper_y,,20,,0,1.0,267.25,333.0,4.01,V
168.53,stepper_y1,,20,,0,1.0,267.25,333.0,4.01,V
168.55,stepper_x,,20,,0,1.0,267.25,333.0,4.01,V
168.55,stepper_y,,20,,0,1.0,267.25,333.0,4.01,V
168.55,stepper_y1,,20,,0,1.0,267.25,333.0,4.01,V
168.57,stepper_x,,20,,0,1.0,267.25,333.0,4.01,V
168.57,stepper_y,,20,,0,1.0,267.25,333.0,4.01,V
168.57,stepper_y1,,20,,0,1.0,267.25,333.0,4.01,V
168.59,stepper_x,,20,,0,1.0,267.25,333.0,4.01,V
168.59,stepper_y,,20,,0,1.0,267.25,333.0,4.01,V
168.59,stepper_y1,,20,,0,1.0,267.25,333.0,4.01,V
168.611,stepper_x,,20,,0,1.0,267.25,333.0,4.01,V
168.611,stepper_y,,20,,0,1.0,267.25,333.0,4.01,V
168.611,stepper_y1,,20,,0,1.0,267.25,333.0,4.01,V
168.631,stepper_x,,20,,0,1.0,267.25,333.0,4.01,V
168.631,stepper_y,,20,,0,1.0,267.25,333.0,4.01,V
168.631,stepper_y1,,20,,0,1.0,267.25,333.0,4.01,V
168.651,stepper_x,,20,,0,1.0,267.25,333.0,4.01,V
168.651,stepper_y,,20,,0,1.0,267.25,333.0,4.01,V
168.651,stepper_y1,,20,,0,1.0,267.25,333.0,4.01,V
168.671,stepper_x,,20,,0,1.0,267.25,333.0,4.01,V
168.671,stepper_y,,20,,0,1.0,267.25,333.0,4.01,V
168.671,stepper_y1,,20,,0,1.0,267.25,333.0,4.01,V
168.691,stepper_x,,20,,0,1.0,267.25,333.0,4.01,V
168.691,stepper_y,,20,,0,1.0,267.25,333.0,4.01,V
168.691,stepper_y1,,20,,0,1.0,267.25,333.0,4.01,V
168.712,stepper_x,,20,,0,1.0,267.25,333.0,3.76,V
168.712,stepper_y,,20,,0,1.0,267.25,333.0,3.76,V
168.712,stepper_y1,,20,,0,1.0,267.25,333.0,3.76,V
168.732,stepper_x,,20,,0,1.0,267.25,333.0,3.76,V
168.732,stepper_y,,20,,0,1.0,267.25,333.0,3.76,V
168.732,stepper_y1,,20,,0,1.0,267.25,333.0,3.76,V
168.752,stepper_x,,20,,0,1.0,267.25,333.0,3.76,V
168.752,stepper_y,,20,,0,1.0,267.25,333.0,3.76,V
168.752,stepper_y1,,20,,0,1.0,267.25,333.0,3.76,V
168.772,stepper_x,,20,,0,1.0,267.25,333.0,3.76,V
168.772,stepper_y,,20,,0,1.0,267.25,333.0,3.76,V
168.772,stepper_y1,,20,,0,1.0,267.25,333.0,3.76,V
168.793,stepper_x,,20,,0,1.0,267.25,333.0,3.76,V
168.793,stepper_y,,20,,0,1.0,267.25,333.0,3.76,V
168.793,stepper_y1,,20,,0,1.0,267.25,333.0,3.76,V
168.813,stepper_x,,20,,0,1.0,267.25,333.0,3.76,V
168.813,stepper_y,,20,,0,1.0,267.25,333.0,3.76,V
168.813,stepper_y1,,20,,0,1.0,267.25,333.0,3.76,V
168.833,stepper_x,,20,,0,1.0,267.25,333.0,3.76,V
168.833,stepper_y,,20,,0,1.0,267.25,333.0,3.76,V
168.833,stepper_y1,,20,,0,1.0,267.25,333.0,3.76,V
168.853,stepper_x,,20,,0,1.0,267.25,333.0,3.76,V
168.853,stepper_y,,20,,0,1.0,267.25,333.0,3.76,V
168.853,stepper_y1,,20,,0,1.0,267.25,333.0,3.76,V
168.873,stepper_x,,20,,0,1.0,267.25,333.0,3.76,V
168.873,stepper_y,,20,,0,1.0,267.25,333.0,3.76,V
168.873,stepper_y1,,20,,0,1.0,267.25,333.0,3.76,V
168.894,stepper_x,,20,,0,1.0,267.25,333.0,3.76,V
168.894,stepper_y,,20,,0,1.0,267.25,333.0,3.76,V
168.894,stepper_y1,,20,,0,1.0,267.25,333.0,3.76,V
168.915,stepper_x,,20,,0,1.0,267.25,333.0,3.76,V
168.915,stepper_y,,20,,0,1.0,267.25,333.0,3.76,V
168.915,stepper_y1,,20,,0,1.0,267.25,333.0,3.76,V
168.935,stepper_x,,20,,0,1.0,267.25,333.0,3.76,V
168.935,stepper_y,,20,,0,1.0,267.25,333.0,3.76,V
168.935,stepper_y1,,20,,0,1.0,267.25,333.0,3.76,V
168.956,stepper_x,,20,,0,1.0,267.25,333.0,3.76,V
168.956,stepper_y,,20,,0,1.0,267.25,333.0,3.76,V
168.956,stepper_y1,,20,,0,1.0,267.25,333.0,3.76,V
168.977,stepper_x,,20,,0,1.0,267.25,333.0,3.5,V
168.977,stepper_y,,20,,0,1.0,267.25,333.0,3.5,V
168.977,stepper_y1,,20,,0,1.0,267.25,333.0,3.5,V
168.998,stepper_x,,20,,0,1.0,267.25,333.0,3.5,V
168.998,stepper_y,,20,,0,1.0,267.25,333.0,3.5,V
168.998,stepper_y1,,20,,0,1.0,267.25,333.0,3.5,V
169.018,stepper_x,,20,,0,1.0,267.25,333.0,3.5,V
169.018,stepper_y,,20,,0,1.0,267.25,333.0,3.5,V
169.018,stepper_y1,,20,,0,1.0,267.25,333.0,3.5,V
169.039,stepper_x,,20,,0,1.0,267.25,333.0,3.5,V
169.039,stepper_y,,20,,0,1.0,267.25,333.0,3.5,V
169.039,stepper_y1,,20,,0,1.0,267.25,333.0,3.5,V
169.06,stepper_x,,20,,0,1.0,267.25,333.0,3.5,V
169.06,stepper_y,,20,,0,1.0,267.25,333.0,3.5,V
169.06,stepper_y1,,20,,0,1.0,267.25,333.0,3.5,V
169.08,stepper_x,,20,,0,1.0,267.25,333.0,3.5,V
169.08,stepper_y,,20,,0,1.0,267.25,333.0,3.5,V
169.08,stepper_y1,,20,,0,1.0,267.25,333.0,3.5,V
169.101,stepper_x,,20,,0,1.0,267.25,333.0,3.5,V
169.101,stepper_y,,20,,0,1.0,267.25,333.0,3.5,V
169.101,stepper_y1,,20,,0,1.0,267.25,333.0,3.5,V
169.121,stepper_x,,20,,0,1.0,267.25,333.0,3.5,V
169.121,stepper_y,,20,,0,1.0,267.25,333.0,3.5,V
169.121,stepper_y1,,20,,0,1.0,267.25,333.0,3.5,V
169.141,stepper_x,,20,,0,1.0,267.25,333.0,3.5,V
169.141,stepper_y,,20,,0,1.0,267.25,333.0,3.5,V
169.141,stepper_y1,,20,,0,1.0,267.25,333.0,3.5,V
169.161,stepper_x,,20,,0,1.0,267.25,333.0,3.5,V
169.161,stepper_y,,20,,0,1.0,267.25,333.0,3.5,V
169.161,stepper_y1,,20,,0,1.0,267.25,333.0,3.5,V
169.181,stepper_x,,20,,0,1.0,267.25,333.0,3.5,V
169.181,stepper_y,,20,,0,1.0,267.25,333.0,3.5,V
169.181,stepper_y1,,20,,0,1.0,267.25,333.0,3.5,V
169.202,stepper_x,,20,,0,1.0,267.25,333.0,3.5,V
169.202,stepper_y,,20,,0,1.0,267.25,333.0,3.5,V
169.202,stepper_y1,,20,,0,1.0,267.25,333.0,3.5,V
169.222,stepper_x,,20,,0,1.0,267.25,333.0,3.25,V
169.222,stepper_y,,20,,0,1.0,267.25,333.0,3.25,V
169.222,stepper_y1,,20,,0,1.0,267.25,333.0,3.25,V
169.243,stepper_x,,20,,0,1.0,267.25,333.0,3.25,V
169.243,stepper_y,,20,,0,1.0,267.25,333.0,3.25,V
169.243,stepper_y1,,20,,0,1.0,267.25,333.0,3.25,V
169.263,stepper_x,,20,,0,1.0,267.25,333.0,3.25,V
169.263,stepper_y,,20,,0,1.0,267.25,333.0,3.25,V
169.263,stepper_y1,,20,,0,1.0,267.25,333.0,3.25,V
169.283,stepper_x,,20,,0,1.0,267.25,333.0,3.25,V
169.283,stepper_y,,20,,0,1.0,267.25,333.0,3.25,V
169.283,stepper_y1,,20,,0,1.0,267.25,333.0,3.25,V
169.304,stepper_x,,20,,0,1.0,267.25,333.0,3.25,V
169.304,stepper_y,,20,,0,1.0,267.25,333.0,3.25,V
169.304,stepper_y1,,20,,0,1.0,267.25,333.0,3.25,V
169.324,stepper_x,,20,,0,1.0,267.25,333.0,3.25,V
169.324,stepper_y,,20,,0,1.0,267.25,333.0,3.25,V
169.324,stepper_y1,,20,,0,1.0,267.25,333.0,3.25,V
169.344,stepper_x,,20,,0,1.0,267.25,333.0,3.25,V
169.344,stepper_y,,20,,0,1.0,267.25,333.0,3.25,V
169.344,stepper_y1,,20,,0,1.0,267.25,333.0,3.25,V
169.364,stepper_x,,20,,0,1.0,267.25,333.0,3.25,V
169.364,stepper_y,,20,,0,1.0,267.25,333.0,3.25,V
169.364,stepper_y1,,20,,0,1.0,267.25,333.0,3.25,V
169.388,stepper_x,,20,,0,1.0,267.25,333.0,3.25,V
169.388,stepper_y,,20,,0,1.0,267.25,333.0,3.25,V
169.388,stepper_y1,,20,,0,1.0,267.25,333.0,3.25,V
169.408,stepper_x,,20,,0,1.0,267.25,333.0,3.25,V
169.408,stepper_y,,20,,0,1.0,267.25,333.0,3.25,V
169.408,stepper_y1,,20,,0,1.0,267.25,333.0,3.25,V
169.428,stepper_x,,20,,0,1.0,267.25,333.0,3.25,V
169.428,stepper_y,,20,,0,1.0,267.25,333.0,3.25,V
169.428,stepper_y1,,20,,0,1.0,267.25,333.0,3.25,V
169.448,stepper_x,,20,,0,1.0,267.25,333.0,3.25,V
169.448,stepper_y,,20,,0,1.0,267.25,333.0,3.25,V
169.448,stepper_y1,,20,,0,1.0,267.25,333.0,3.25,V
169.469,stepper_x,,20,,0,1.0,267.25,333.0,3.0,V
169.469,stepper_y,,20,,0,1.0,267.25,333.0,3.0,V
169.469,stepper_y1,,20,,0,1.0,267.25,333.0,3.0,V
169.489,stepper_x,,20,,0,1.0,267.25,333.0,3.0,V
169.489,stepper_y,,20,,0,1.0,267.25,333.0,3.0,V
169.489,stepper_y1,,20,,0,1.0,267.25,333.0,3.0,V
169.509,stepper_x,,20,,0,1.0,267.25,333.0,3.0,V
169.509,stepper_y,,20,,0,1.0,267.25,333.0,3.0,V
169.509,stepper_y1,,20,,0,1.0,267.25,333.0,3.0,V
169.529,stepper_x,,20,,0,1.0,267.25,333.0,3.0,V
169.529,stepper_y,,20,,0,1.0,267.25,333.0,3.0,V
169.529,stepper_y1,,20,,0,1.0,267.25,333.0,3.0,V
169.549,stepper_x,,20,,0,1.0,267.25,333.0,3.0,V
169.549,stepper_y,,20,,0,1.0,267.25,333.0,3.0,V
169.549,stepper_y1,,20,,0,1.0,267.25,333.0,3.0,V
169.569,stepper_x,,20,,0,1.0,267.25,333.0,3.0,V
169.569,stepper_y,,20,,0,1.0,267.25,333.0,3.0,V
169.569,stepper_y1,,20,,0,1.0,267.25,333.0,3.0,V
169.59,stepper_x,,20,,0,1.0,267.25,333.0,3.0,V
169.59,stepper_y,,20,,0,1.0,267.25,333.0,3.0,V
169.59,stepper_y1,,20,,0,1.0,267.25,333.0,3.0,V
169.61,stepper_x,,20,,0,1.0,267.25,333.0,3.0,V
169.61,stepper_y,,20,,0,1.0,267.25,333.0,3.0,V
169.61,stepper_y1,,20,,0,1.0,267.25,333.0,3.0,V
169.63,stepper_x,,20,,0,1.0,267.25,333.0,3.0,V
169.63,stepper_y,,20,,0,1.0,267.25,333.0,3.0,V
169.63,stepper_y1,,20,,0,1.0,267.25,333.0,3.0,V
169.65,stepper_x,,20,,0,1.0,267.25,333.0,3.0,V
169.65,stepper_y,,20,,0,1.0,267.25,333.0,3.0,V
169.65,stepper_y1,,20,,0,1.0,267.25,333.0,3.0,V
169.67,stepper_x,,20,,0,1.0,267.25,333.0,3.0,V
169.67,stepper_y,,20,,0,1.0,267.25,333.0,3.0,V
169.67,stepper_y1,,20,,0,1.0,267.25,333.0,3.0,V
169.691,stepper_x,,20,,0,1.0,267.25,333.0,3.0,V
169.691,stepper_y,,20,,0,1.0,267.25,333.0,3.0,V
169.691,stepper_y1,,20,,0,1.0,267.25,333.0,3.0,V
169.711,stepper_x,,20,,0,1.0,267.25,333.0,2.75,V
169.711,stepper_y,,20,,0,1.0,267.25,333.0,2.75,V
169.711,stepper_y1,,20,,0,1.0,267.25,333.0,2.75,V
169.731,stepper_x,,20,,0,1.0,267.25,333.0,2.75,V
169.731,stepper_y,,20,,0,1.0,267.25,333.0,2.75,V
169.731,stepper_y1,,20,,0,1.0,267.25,333.0,2.75,V
169.751,stepper_x,,20,,0,1.0,267.25,333.0,2.75,V
169.751,stepper_y,,20,,0,1.0,267.25,333.0,2.75,V
169.751,stepper_y1,,20,,0,1.0,267.25,333.0,2.75,V
169.772,stepper_x,,20,,0,1.0,267.25,333.0,2.75,V
169.772,stepper_y,,20,,0,1.0,267.25,333.0,2.75,V
169.772,stepper_y1,,20,,0,1.0,267.25,333.0,2.75,V
169.792,stepper_x,,20,,0,1.0,267.25,333.0,2.75,V
169.792,stepper_y,,20,,0,1.0,267.25,333.0,2.75,V
169.792,stepper_y1,,20,,0,1.0,267.25,333.0,2.75,V
169.812,stepper_x,,20,,0,1.0,267.25,333.0,2.75,V
169.812,stepper_y,,20,,0,1.0,267.25,333.0,2.75,V
169.812,stepper_y1,,20,,0,1.0,267.25,333.0,2.75,V
169.833,stepper_x,,20,,0,1.0,267.25,333.0,2.75,V
169.833,stepper_y,,20,,0,1.0,267.25,333.0,2.75,V
169.833,stepper_y1,,20,,0,1.0,267.25,333.0,2.75,V
169.854,stepper_x,,20,,0,1.0,267.25,333.0,2.75,V
169.854,stepper_y,,20,,0,1.0,267.25,333.0,2.75,V
169.854,stepper_y1,,20,,0,1.0,267.25,333.0,2.75,V
169.874,stepper_x,,20,,0,1.0,267.25,333.0,2.75,V
169.874,stepper_y,,20,,0,1.0,267.25,333.0,2.75,V
169.874,stepper_y1,,20,,0,1.0,267.25,333.0,2.75,V
169.894,stepper_x,,20,,0,1.0,267.25,333.0,2.75,V
169.894,stepper_y,,20,,0,1.0,267.25,333.0,2.75,V
169.894,stepper_y1,,20,,0,1.0,267.25,333.0,2.75,V
169.915,stepper_x,,20,,0,1.0,267.25,333.0,2.75,V
169.915,stepper_y,,20,,0,1.0,267.25,333.0,2.75,V
169.915,stepper_y1,,20,,0,1.0,267.25,333.0,2.75,V
169.935,stepper_x,,20,,0,1.0,267.25,333.0,2.75,V
169.935,stepper_y,,20,,0,1.0,267.25,333.0,2.75,V
169.935,stepper_y1,,20,,0,1.0,267.25,333.0,2.75,V
169.956,stepper_x,,20,,0,1.0,267.25,333.0,2.75,V
169.956,stepper_y,,20,,0,1.0,267.25,333.0,2.75,V
169.956,stepper_y1,,20,,0,1.0,267.25,333.0,2.75,V
169.976,stepper_x,,20,,0,1.0,267.25,333.0,2.5,V
169.976,stepper_y,,20,,0,1.0,267.25,333.0,2.5,V
169.976,stepper_y1,,20,,0,1.0,267.25,333.0,2.5,V
169.996,stepper_x,,20,,0,1.0,267.25,333.0,2.5,V
169.996,stepper_y,,20,,0,1.0,267.25,333.0,2.5,V
169.996,stepper_y1,,20,,0,1.0,267.25,333.0,2.5,V
170.017,stepper_x,,20,,0,1.0,267.25,333.0,2.5,V
170.017,stepper_y,,20,,0,1.0,267.25,333.0,2.5,V
170.017,stepper_y1,,20,,0,1.0,267.25,333.0,2.5,V
170.038,stepper_x,,20,,0,1.0,267.25,333.0,2.5,V
170.038,stepper_y,,20,,0,1.0,267.25,333.0,2.5,V
170.038,stepper_y1,,20,,0,1.0,267.25,333.0,2.5,V
170.058,stepper_x,,20,,0,1.0,267.25,333.0,2.5,V
170.058,stepper_y,,20,,0,1.0,267.25,333.0,2.5,V
170.058,stepper_y1,,20,,0,1.0,267.25,333.0,2.5,V
170.078,stepper_x,,20,,0,1.0,267.25,333.0,2.5,V
170.078,stepper_y,,20,,0,1.0,267.25,333.0,2.5,V
170.078,stepper_y1,,20,,0,1.0,267.25,333.0,2.5,V
170.099,stepper_x,,20,,0,1.0,267.25,333.0,2.5,V
170.099,stepper_y,,20,,0,1.0,267.25,333.0,2.5,V
170.099,stepper_y1,,20,,0,1.0,267.25,333.0,2.5,V
170.119,stepper_x,,20,,0,1.0,267.25,333.0,2.5,V
170.119,stepper_y,,20,,0,1.0,267.25,333.0,2.5,V
170.119,stepper_y1,,20,,0,1.0,267.25,333.0,2.5,V
170.139,stepper_x,,20,,0,1.0,267.25,333.0,2.5,V
170.139,stepper_y,,20,,0,1.0,267.25,333.0,2.5,V
170.139,stepper_y1,,20,,0,1.0,267.25,333.0,2.5,V
170.159,stepper_x,,20,,0,1.0,267.25,333.0,2.5,V
170.159,stepper_y,,20,,0,1.0,267.25,333.0,2.5,V
170.159,stepper_y1,,20,,0,1.0,267.25,333.0,2.5,V
170.18,stepper_x,,20,,0,1.0,267.25,333.0,2.5,V
170.18,stepper_y,,20,,0,1.0,267.25,333.0,2.5,V
170.18,stepper_y1,,20,,0,1.0,267.25,333.0,2.5,V
170.2,stepper_x,,20,,0,1.0,267.25,333.0,2.5,V
170.2,stepper_y,,20,,0,1.0,267.25,333.0,2.5,V
170.2,stepper_y1,,20,,0,1.0,267.25,333.0,2.5,V
170.22,stepper_x,,20,,0,1.0,267.25,333.0,2.25,V
170.22,stepper_y,,20,,0,1.0,267.25,333.0,2.25,V
170.22,stepper_y1,,20,,0,1.0,267.25,333.0,2.25,V
170.24,stepper_x,,20,,0,1.0,267.25,333.0,2.25,V
170.24,stepper_y,,20,,0,1.0,267.25,333.0,2.25,V
170.24,stepper_y1,,20,,0,1.0,267.25,333.0,2.25,V
170.261,stepper_x,,20,,0,1.0,267.25,333.0,2.25,V
170.261,stepper_y,,20,,0,1.0,267.25,333.0,2.25,V
170.261,stepper_y1,,20,,0,1.0,267.25,333.0,2.25,V
170.281,stepper_x,,20,,0,1.0,267.25,333.0,2.25,V
170.281,stepper_y,,20,,0,1.0,267.25,333.0,2.25,V
170.281,stepper_y1,,20,,0,1.0,267.25,333.0,2.25,V
170.302,stepper_x,,20,,0,1.0,267.25,333.0,2.25,V
170.302,stepper_y,,20,,0,1.0,267.25,333.0,2.25,V
170.302,stepper_y1,,20,,0,1.0,267.25,333.0,2.25,V
170.322,stepper_x,,20,,0,1.0,267.25,333.0,2.25,V
170.322,stepper_y,,20,,0,1.0,267.25,333.0,2.25,V
170.322,stepper_y1,,20,,0,1.0,267.25,333.0,2.25,V
170.342,stepper_x,,20,,0,1.0,267.25,333.0,2.25,V
170.342,stepper_y,,20,,0,1.0,267.25,333.0,2.25,V
170.342,stepper_y1,,20,,0,1.0,267.25,333.0,2.25,V
170.362,stepper_x,,20,,0,1.0,267.25,333.0,2.25,V
170.362,stepper_y,,20,,0,1.0,267.25,333.0,2.25,V
170.362,stepper_y1,,20,,0,1.0,267.25,333.0,2.25,V
170.383,stepper_x,,20,,0,1.0,267.25,333.0,2.25,V
170.383,stepper_y,,20,,0,1.0,267.25,333.0,2.25,V
170.383,stepper_y1,,20,,0,1.0,267.25,333.0,2.25,V
170.403,stepper_x,,20,,0,1.0,267.25,333.0,2.25,V
170.403,stepper_y,,20,,0,1.0,267.25,333.0,2.25,V
170.403,stepper_y1,,20,,0,1.0,267.25,333.0,2.25,V
170.424,stepper_x,,20,,0,1.0,267.25,333.0,2.25,V
170.424,stepper_y,,20,,0,1.0,267.25,333.0,2.25,V
170.424,stepper_y1,,20,,0,1.0,267.25,333.0,2.25,V
170.444,stepper_x,,20,,0,1.0,267.25,333.0,2.25,V
170.444,stepper_y,,20,,0,1.0,267.25,333.0,2.25,V
170.444,stepper_y1,,20,,0,1.0,267.25,333.0,2.25,V
170.465,stepper_x,,20,,0,1.0,267.25,333.0,2.0,V
170.465,stepper_y,,20,,0,1.0,267.25,333.0,2.0,V
170.465,stepper_y1,,20,,0,1.0,267.25,333.0,2.0,V
170.488,stepper_x,,20,,0,1.0,267.25,333.0,2.0,V
170.488,stepper_y,,20,,0,1.0,267.25,333.0,2.0,V
170.488,stepper_y1,,20,,0,1.0,267.25,333.0,2.0,V
170.508,stepper_x,,20,,0,1.0,267.25,333.0,2.0,V
170.508,stepper_y,,20,,0,1.0,267.25,333.0,2.0,V
170.508,stepper_y1,,20,,0,1.0,267.25,333.0,2.0,V
170.528,stepper_x,,20,,0,1.0,267.25,333.0,2.0,V
170.528,stepper_y,,20,,0,1.0,267.25,333.0,2.0,V
170.528,stepper_y1,,20,,0,1.0,267.25,333.0,2.0,V
170.548,stepper_x,,20,,0,1.0,267.25,333.0,2.0,V
170.548,stepper_y,,20,,0,1.0,267.25,333.0,2.0,V
170.548,stepper_y1,,20,,0,1.0,267.25,333.0,2.0,V
170.569,stepper_x,,20,,0,1.0,267.25,333.0,2.0,V
170.569,stepper_y,,20,,0,1.0,267.25,333.0,2.0,V
170.569,stepper_y1,,20,,0,1.0,267.25,333.0,2.0,V
170.589,stepper_x,,20,,0,1.0,267.25,333.0,2.0,V
170.589,stepper_y,,20,,0,1.0,267.25,333.0,2.0,V
170.589,stepper_y1,,20,,0,1.0,267.25,333.0,2.0,V
170.609,stepper_x,,20,,0,1.0,267.25,333.0,2.0,V
170.609,stepper_y,,20,,0,1.0,267.25,333.0,2.0,V
170.609,stepper_y1,,20,,0,1.0,267.25,333.0,2.0,V
170.629,stepper_x,,20,,0,1.0,267.25,333.0,2.0,V
170.629,stepper_y,,20,,0,1.0,267.25,333.0,2.0,V
170.629,stepper_y1,,20,,0,1.0,267.25,333.0,2.0,V
170.65,stepper_x,,20,,0,1.0,267.25,333.0,2.0,V
170.65,stepper_y,,20,,0,1.0,267.25,333.0,2.0,V
170.65,stepper_y1,,20,,0,1.0,267.25,333.0,2.0,V
170.67,stepper_x,,20,,0,1.0,267.25,333.0,2.0,V
170.67,stepper_y,,20,,0,1.0,267.25,333.0,2.0,V
170.67,stepper_y1,,20,,0,1.0,267.25,333.0,2.0,V
170.69,stepper_x,,20,,0,1.0,267.25,333.0,2.0,V
170.69,stepper_y,,20,,0,1.0,267.25,333.0,2.0,V
170.69,stepper_y1,,20,,0,1.0,267.25,333.0,2.0,V
170.71,stepper_x,,20,,0,1.0,267.25,333.0,2.0,V
170.71,stepper_y,,20,,0,1.0,267.25,333.0,2.0,V
170.71,stepper_y1,,20,,0,1.0,267.25,333.0,2.0,V
170.731,stepper_x,,20,,0,1.0,267.25,333.0,1.75,V
170.731,stepper_y,,20,,0,1.0,267.25,333.0,1.75,V
170.731,stepper_y1,,20,,0,1.0,267.25,333.0,1.75,V
170.752,stepper_x,,20,,0,1.0,267.25,333.0,1.75,V
170.752,stepper_y,,20,,0,1.0,267.25,333.0,1.75,V
170.752,stepper_y1,,20,,0,1.0,267.25,333.0,1.75,V
170.772,stepper_x,,20,,0,1.0,267.25,333.0,1.75,V
170.772,stepper_y,,20,,0,1.0,267.25,333.0,1.75,V
170.772,stepper_y1,,20,,0,1.0,267.25,333.0,1.75,V
170.792,stepper_x,,20,,0,1.0,267.25,333.0,1.75,V
170.792,stepper_y,,20,,0,1.0,267.25,333.0,1.75,V
170.792,stepper_y1,,20,,0,1.0,267.25,333.0,1.75,V
170.812,stepper_x,,20,,0,1.0,267.25,333.0,1.75,V
170.812,stepper_y,,20,,0,1.0,267.25,333.0,1.75,V
170.812,stepper_y1,,20,,0,1.0,267.25,333.0,1.75,V
170.832,stepper_x,,20,,0,1.0,267.25,333.0,1.75,V
170.832,stepper_y,,20,,0,1.0,267.25,333.0,1.75,V
170.832,stepper_y1,,20,,0,1.0,267.25,333.0,1.75,V
170.853,stepper_x,,20,,0,1.0,267.25,333.0,1.75,V
170.853,stepper_y,,20,,0,1.0,267.25,333.0,1.75,V
170.853,stepper_y1,,20,,0,1.0,267.25,333.0,1.75,V
170.873,stepper_x,,20,,0,1.0,267.25,333.0,1.75,V
170.873,stepper_y,,20,,0,1.0,267.25,333.0,1.75,V
170.873,stepper_y1,,20,,0,1.0,267.25,333.0,1.75,V
170.894,stepper_x,,20,,0,1.0,267.25,333.0,1.75,V
170.894,stepper_y,,20,,0,1.0,267.25,333.0,1.75,V
170.894,stepper_y1,,20,,0,1.0,267.25,333.0,1.75,V
170.914,stepper_x,,20,,0,1.0,267.25,333.0,1.75,V
170.914,stepper_y,,20,,0,1.0,267.25,333.0,1.75,V
170.914,stepper_y1,,20,,0,1.0,267.25,333.0,1.75,V
170.934,stepper_x,,20,,0,1.0,267.25,333.0,1.75,V
170.934,stepper_y,,20,,0,1.0,267.25,333.0,1.75,V
170.934,stepper_y1,,20,,0,1.0,267.25,333.0,1.75,V
170.955,stepper_x,,20,,0,1.0,267.25,333.0,1.75,V
170.955,stepper_y,,20,,0,1.0,267.25,333.0,1.75,V
170.955,stepper_y1,,20,,0,1.0,267.25,333.0,1.75,V
170.975,stepper_x,,20,,0,1.0,267.25,333.0,1.5,V
170.975,stepper_y,,20,,0,1.0,267.25,333.0,1.5,V
170.975,stepper_y1,,20,,0,1.0,267.25,333.0,1.5,V
170.995,stepper_x,,20,,0,1.0,267.25,333.0,1.5,V
170.995,stepper_y,,20,,0,1.0,267.25,333.0,1.5,V
170.995,stepper_y1,,20,,0,1.0,267.25,333.0,1.5,V
171.015,stepper_x,,20,,0,1.0,267.25,333.0,1.5,V
171.015,stepper_y,,20,,0,1.0,267.25,333.0,1.5,V
171.015,stepper_y1,,20,,0,1.0,267.25,333.0,1.5,V
171.036,stepper_x,,20,,0,1.0,267.25,333.0,1.5,V
171.036,stepper_y,,20,,0,1.0,267.25,333.0,1.5,V
171.036,stepper_y1,,20,,0,1.0,267.25,333.0,1.5,V
171.056,stepper_x,,20,,0,1.0,267.25,333.0,1.5,V
171.056,stepper_y,,20,,0,1.0,267.25,333.0,1.5,V
171.056,stepper_y1,,20,,0,1.0,267.25,333.0,1.5,V
171.076,stepper_x,,20,,0,1.0,267.25,333.0,1.5,V
171.076,stepper_y,,20,,0,1.0,267.25,333.0,1.5,V
171.076,stepper_y1,,20,,0,1.0,267.25,333.0,1.5,V
171.097,stepper_x,,20,,0,1.0,267.25,333.0,1.5,V
171.097,stepper_y,,20,,0,1.0,267.25,333.0,1.5,V
171.097,stepper_y1,,20,,0,1.0,267.25,333.0,1.5,V
171.117,stepper_x,,20,,0,1.0,267.25,333.0,1.5,V
171.117,stepper_y,,20,,0,1.0,267.25,333.0,1.5,V
171.117,stepper_y1,,20,,0,1.0,267.25,333.0,1.5,V
171.138,stepper_x,,20,,0,1.0,267.25,333.0,1.5,V
171.138,stepper_y,,20,,0,1.0,267.25,333.0,1.5,V
171.138,stepper_y1,,20,,0,1.0,267.25,333.0,1.5,V
171.158,stepper_x,,20,,0,1.0,267.25,333.0,1.5,V
171.158,stepper_y,,20,,0,1.0,267.25,333.0,1.5,V
171.158,stepper_y1,,20,,0,1.0,267.25,333.0,1.5,V
171.178,stepper_x,,20,,0,1.0,267.25,333.0,1.5,V
171.178,stepper_y,,20,,0,1.0,267.25,333.0,1.5,V
171.178,stepper_y1,,20,,0,1.0,267.25,333.0,1.5,V
171.198,stepper_x,,20,,0,1.0,267.25,333.0,1.5,V
171.198,stepper_y,,20,,0,1.0,267.25,333.0,1.5,V
171.198,stepper_y1,,20,,0,1.0,267.25,333.0,1.5,V
171.218,stepper_x,,20,,0,1.0,267.25,333.0,1.25,V
171.218,stepper_y,,20,,0,1.0,267.25,333.0,1.25,V
171.218,stepper_y1,,20,,0,1.0,267.25,333.0,1.25,V
171.239,stepper_x,,20,,0,1.0,267.25,333.0,1.25,V
171.239,stepper_y,,20,,0,1.0,267.25,333.0,1.25,V
171.239,stepper_y1,,20,,0,1.0,267.25,333.0,1.25,V
171.259,stepper_x,,20,,0,1.0,267.25,333.0,1.25,V
171.259,stepper_y,,20,,0,1.0,267.25,333.0,1.25,V
171.259,stepper_y1,,20,,0,1.0,267.25,333.0,1.25,V
171.279,stepper_x,,20,,0,1.0,267.25,333.0,1.25,V
171.279,stepper_y,,20,,0,1.0,267.25,333.0,1.25,V
171.279,stepper_y1,,20,,0,1.0,267.25,333.0,1.25,V
171.3,stepper_x,,20,,0,1.0,267.25,333.0,1.25,V
171.3,stepper_y,,20,,0,1.0,267.25,333.0,1.25,V
171.3,stepper_y1,,20,,0,1.0,267.25,333.0,1.25,V
171.32,stepper_x,,20,,0,1.0,267.25,333.0,1.25,V
171.32,stepper_y,,20,,0,1.0,267.25,333.0,1.25,V
171.32,stepper_y1,,20,,0,1.0,267.25,333.0,1.25,V
171.34,stepper_x,,20,,0,1.0,267.25,333.0,1.25,V
171.34,stepper_y,,20,,0,1.0,267.25,333.0,1.25,V
171.34,stepper_y1,,20,,0,1.0,267.25,333.0,1.25,V
171.361,stepper_x,,20,,0,1.0,267.25,333.0,1.25,V
171.361,stepper_y,,20,,0,1.0,267.25,333.0,1.25,V
171.361,stepper_y1,,20,,0,1.0,267.25,333.0,1.25,V
171.381,stepper_x,,20,,0,1.0,267.25,333.0,1.25,V
171.381,stepper_y,,20,,0,1.0,267.25,333.0,1.25,V
171.381,stepper_y1,,20,,0,1.0,267.25,333.0,1.25,V
171.401,stepper_x,,20,,0,1.0,267.25,333.0,1.25,V
171.401,stepper_y,,20,,0,1.0,267.25,333.0,1.25,V
171.401,stepper_y1,,20,,0,1.0,267.25,333.0,1.25,V
171.421,stepper_x,,20,,0,1.0,267.25,333.0,1.25,V
171.421,stepper_y,,20,,0,1.0,267.25,333.0,1.25,V
171.421,stepper_y1,,20,,0,1.0,267.25,333.0,1.25,V
171.442,stepper_x,,20,,0,1.0,267.25,333.0,1.25,V
171.442,stepper_y,,20,,0,1.0,267.25,333.0,1.25,V
171.442,stepper_y1,,20,,0,1.0,267.25,333.0,1.25,V
171.462,stepper_x,,20,,0,1.0,267.25,333.0,1.0,V
171.462,stepper_y,,20,,0,1.0,267.25,333.0,1.0,V
171.462,stepper_y1,,20,,0,1.0,267.25,333.0,1.0,V
171.483,stepper_x,,20,,0,1.0,267.25,333.0,1.0,V
171.483,stepper_y,,20,,0,1.0,267.25,333.0,1.0,V
171.483,stepper_y1,,20,,0,1.0,267.25,333.0,1.0,V
171.503,stepper_x,,20,,0,1.0,267.25,333.0,1.0,V
171.503,stepper_y,,20,,0,1.0,267.25,333.0,1.0,V
171.503,stepper_y1,,20,,0,1.0,267.25,333.0,1.0,V
171.523,stepper_x,,20,,0,1.0,267.25,333.0,1.0,V
171.523,stepper_y,,20,,0,1.0,267.25,333.0,1.0,V
171.523,stepper_y1,,20,,0,1.0,267.25,333.0,1.0,V
171.544,stepper_x,,20,,0,1.0,267.25,333.0,1.0,V
171.544,stepper_y,,20,,0,1.0,267.25,333.0,1.0,V
171.544,stepper_y1,,20,,0,1.0,267.25,333.0,1.0,V
171.564,stepper_x,,20,,0,1.0,267.25,333.0,1.0,V
171.564,stepper_y,,20,,0,1.0,267.25,333.0,1.0,V
171.564,stepper_y1,,20,,0,1.0,267.25,333.0,1.0,V
171.584,stepper_x,,20,,0,1.0,267.25,333.0,1.0,V
171.584,stepper_y,,20,,0,1.0,267.25,333.0,1.0,V
171.584,stepper_y1,,20,,0,1.0,267.25,333.0,1.0,V
171.604,stepper_x,,20,,0,1.0,267.25,333.0,1.0,V
171.604,stepper_y,,20,,0,1.0,267.25,333.0,1.0,V
171.604,stepper_y1,,20,,0,1.0,267.25,333.0,1.0,V
171.625,stepper_x,,20,,0,1.0,267.25,333.0,1.0,V
171.625,stepper_y,,20,,0,1.0,267.25,333.0,1.0,V
171.625,stepper_y1,,20,,0,1.0,267.25,333.0,1.0,V
171.645,stepper_x,,20,,0,1.0,267.25,333.0,1.0,V
171.645,stepper_y,,20,,0,1.0,267.25,333.0,1.0,V
171.645,stepper_y1,,20,,0,1.0,267.25,333.0,1.0,V
171.665,stepper_x,,20,,0,1.0,267.25,333.0,1.0,V
171.665,stepper_y,,20,,0,1.0,267.25,333.0,1.0,V
171.665,stepper_y1,,20,,0,1.0,267.25,333.0,1.0,V
171.688,stepper_x,,20,,0,1.0,267.25,333.0,1.0,V
171.688,stepper_y,,20,,0,1.0,267.25,333.0,1.0,V
171.688,stepper_y1,,20,,0,1.0,267.25,333.0,1.0,V
171.708,stepper_x,,20,,0,1.0,267.25,333.0,1.0,V
171.708,stepper_y,,20,,0,1.0,267.25,333.0,1.0,V
171.708,stepper_y1,,20,,0,1.0,267.25,333.0,1.0,V
171.73,stepper_x,,20,,0,1.0,267.25,333.0,0.75,V
171.73,stepper_y,,20,,0,1.0,267.25,333.0,0.75,V
171.73,stepper_y1,,20,,0,1.0,267.25,333.0,0.75,V
171.75,stepper_x,,20,,0,1.0,267.25,333.0,0.75,V
171.75,stepper_y,,20,,0,1.0,267.25,333.0,0.75,V
171.75,stepper_y1,,20,,0,1.0,267.25,333.0,0.75,V
171.77,stepper_x,,20,,0,1.0,267.25,333.0,0.75,V
171.77,stepper_y,,20,,0,1.0,267.25,333.0,0.75,V
171.77,stepper_y1,,20,,0,1.0,267.25,333.0,0.75,V
171.79,stepper_x,,20,,0,1.0,267.25,333.0,0.75,V
171.79,stepper_y,,20,,0,1.0,267.25,333.0,0.75,V
171.79,stepper_y1,,20,,0,1.0,267.25,333.0,0.75,V
171.81,stepper_x,,20,,0,1.0,267.25,333.0,0.75,V
171.81,stepper_y,,20,,0,1.0,267.25,333.0,0.75,V
171.81,stepper_y1,,20,,0,1.0,267.25,333.0,0.75,V
171.831,stepper_x,,20,,0,1.0,267.25,333.0,0.75,V
171.831,stepper_y,,20,,0,1.0,267.25,333.0,0.75,V
171.831,stepper_y1,,20,,0,1.0,267.25,333.0,0.75,V
171.851,stepper_x,,20,,0,1.0,267.25,333.0,0.75,V
171.851,stepper_y,,20,,0,1.0,267.25,333.0,0.75,V
171.851,stepper_y1,,20,,0,1.0,267.25,333.0,0.75,V
171.871,stepper_x,,20,,0,1.0,267.25,333.0,0.75,V
171.871,stepper_y,,20,,0,1.0,267.25,333.0,0.75,V
171.871,stepper_y1,,20,,0,1.0,267.25,333.0,0.75,V
171.892,stepper_x,,20,,0,1.0,267.25,333.0,0.75,V
171.892,stepper_y,,20,,0,1.0,267.25,333.0,0.75,V
171.892,stepper_y1,,20,,0,1.0,267.25,333.0,0.75,V
171.912,stepper_x,,20,,0,1.0,267.25,333.0,0.75,V
171.912,stepper_y,,20,,0,1.0,267.25,333.0,0.75,V
171.912,stepper_y1,,20,,0,1.0,267.25,333.0,0.75,V
171.933,stepper_x,,20,,0,1.0,267.25,333.0,0.75,V
171.933,stepper_y,,20,,0,1.0,267.25,333.0,0.75,V
171.933,stepper_y1,,20,,0,1.0,267.25,333.0,0.75,V
171.953,stepper_x,,20,,0,1.0,267.25,333.0,0.75,V
171.953,stepper_y,,20,,0,1.0,267.25,333.0,0.75,V
171.953,stepper_y1,,20,,0,1.0,267.25,333.0,0.75,V
171.973,stepper_x,,20,,0,1.0,267.25,333.0,0.5,V
171.973,stepper_y,,20,,0,1.0,267.25,333.0,0.5,V
171.973,stepper_y1,,20,,0,1.0,267.25,333.0,0.5,V
171.993,stepper_x,,20,,0,1.0,267.25,333.0,0.5,V
171.993,stepper_y,,20,,0,1.0,267.25,333.0,0.5,V
171.993,stepper_y1,,20,,0,1.0,267.25,333.0,0.5,V
172.013,stepper_x,,20,,0,1.0,267.25,333.0,0.5,V
172.013,stepper_y,,20,,0,1.0,267.25,333.0,0.5,V
172.013,stepper_y1,,20,,0,1.0,267.25,333.0,0.5,V
172.034,stepper_x,,20,,0,1.0,267.25,333.0,0.5,V
172.034,stepper_y,,20,,0,1.0,267.25,333.0,0.5,V
172.034,stepper_y1,,20,,0,1.0,267.25,333.0,0.5,V
172.055,stepper_x,,20,,0,1.0,267.25,333.0,0.5,V
172.055,stepper_y,,20,,0,1.0,267.25,333.0,0.5,V
172.055,stepper_y1,,20,,0,1.0,267.25,333.0,0.5,V
172.075,stepper_x,,20,,0,1.0,267.25,333.0,0.5,V
172.075,stepper_y,,20,,0,1.0,267.25,333.0,0.5,V
172.075,stepper_y1,,20,,0,1.0,267.25,333.0,0.5,V
172.095,stepper_x,,20,,0,1.0,267.25,333.0,0.5,V
172.095,stepper_y,,20,,0,1.0,267.25,333.0,0.5,V
172.095,stepper_y1,,20,,0,1.0,267.25,333.0,0.5,V
172.115,stepper_x,,20,,0,1.0,267.25,333.0,0.5,V
172.115,stepper_y,,20,,0,1.0,267.25,333.0,0.5,V
172.115,stepper_y1,,20,,0,1.0,267.25,333.0,0.5,V
172.136,stepper_x,,20,,0,1.0,267.25,333.0,0.5,V
172.136,stepper_y,,20,,0,1.0,267.25,333.0,0.5,V
172.136,stepper_y1,,20,,0,1.0,267.25,333.0,0.5,V
172.156,stepper_x,,20,,0,1.0,267.25,333.0,0.5,V
172.156,stepper_y,,20,,0,1.0,267.25,333.0,0.5,V
172.156,stepper_y1,,20,,0,1.0,267.25,333.0,0.5,V
172.177,stepper_x,,20,,0,1.0,267.25,333.0,0.5,V
172.177,stepper_y,,20,,0,1.0,267.25,333.0,0.5,V
172.177,stepper_y1,,20,,0,1.0,267.25,333.0,0.5,V
172.197,stepper_x,,20,,0,1.0,267.25,333.0,0.5,V
172.197,stepper_y,,20,,0,1.0,267.25,333.0,0.5,V
172.197,stepper_y1,,20,,0,1.0,267.25,333.0,0.5,V
172.217,stepper_x,,20,,0,1.0,267.25,333.0,0.25,V
172.217,stepper_y,,20,,0,1.0,267.25,333.0,0.25,V
172.217,stepper_y1,,20,,0,1.0,267.25,333.0,0.25,V
172.238,stepper_x,,20,,0,1.0,267.25,333.0,0.25,V
172.238,stepper_y,,20,,0,1.0,267.25,333.0,0.25,V
172.238,stepper_y1,,20,,0,1.0,267.25,333.0,0.25,V
172.258,stepper_x,,20,,0,1.0,267.25,333.0,0.25,V
172.258,stepper_y,,20,,0,1.0,267.25,333.0,0.25,V
172.258,stepper_y1,,20,,0,1.0,267.25,333.0,0.25,V
172.279,stepper_x,,20,,0,1.0,267.25,333.0,0.25,V
172.279,stepper_y,,20,,0,1.0,267.25,333.0,0.25,V
172.279,stepper_y1,,20,,0,1.0,267.25,333.0,0.25,V
172.299,stepper_x,,20,,0,1.0,267.25,333.0,0.25,V
172.299,stepper_y,,20,,0,1.0,267.25,333.0,0.25,V
172.299,stepper_y1,,20,,0,1.0,267.25,333.0,0.25,V
172.319,stepper_x,,20,,0,1.0,267.25,333.0,0.25,V
172.319,stepper_y,,20,,0,1.0,267.25,333.0,0.25,V
172.319,stepper_y1,,20,,0,1.0,267.25,333.0,0.25,V
172.34,stepper_x,,20,,0,1.0,267.25,333.0,0.25,V
172.34,stepper_y,,20,,0,1.0,267.25,333.0,0.25,V
172.34,stepper_y1,,20,,0,1.0,267.25,333.0,0.25,V
172.36,stepper_x,,20,,0,1.0,267.25,333.0,0.25,V
172.36,stepper_y,,20,,0,1.0,267.25,333.0,0.25,V
172.36,stepper_y1,,20,,0,1.0,267.25,333.0,0.25,V
172.38,stepper_x,,20,,0,1.0,267.25,333.0,0.25,V
172.38,stepper_y,,20,,0,1.0,267.25,333.0,0.25,V
172.38,stepper_y1,,20,,0,1.0,267.25,333.0,0.25,V
172.45,stepper_x,,20,,0,1.0,267.25,333.0,0.25,V
172.45,stepper_y,,20,,0,1.0,267.25,333.0,0.25,V
172.45,stepper_y1,,20,,0,1.0,267.25,333.0,0.25,V
172.471,stepper_x,,20,,0,0.0,267.25,333.0,0.2,V
172.471,stepper_y,,20,,0,0.0,267.25,333.0,0.2,V
172.471,stepper_y1,,20,,0,0.0,267.25,333.0,0.2,V
172.491,stepper_x,,20,,0,0.0,267.25,333.0,0.2,V
172.491,stepper_y,,20,,0,0.0,267.25,333.0,0.2,V
172.491,stepper_y1,,20,,0,0.0,267.25,333.0,0.2,V
172.511,stepper_x,,20,,0,0.0,267.25,333.0,0.2,V
172.511,stepper_y,,20,,0,0.0,267.25,333.0,0.2,V
172.511,stepper_y1,,20,,0,0.0,267.25,333.0,0.2,V
172.532,stepper_x,,20,,0,0.0,267.25,333.0,0.2,V
172.532,stepper_y,,20,,0,0.0,267.25,333.0,0.2,V
172.532,stepper_y1,,20,,0,0.0,267.25,333.0,0.2,V
172.552,stepper_x,,20,,0,0.0,267.25,333.0,0.2,V
172.552,stepper_y,,20,,0,0.0,267.25,333.0,0.2,V
172.552,stepper_y1,,20,,0,0.0,267.25,333.0,0.2,V
172.572,stepper_x,,20,,0,0.0,267.25,333.0,0.2,V
172.572,stepper_y,,20,,0,0.0,267.25,333.0,0.2,V
172.572,stepper_y1,,20,,0,0.0,267.25,333.0,0.2,V
172.592,stepper_x,,20,,0,0.0,267.25,333.0,0.2,V
172.592,stepper_y,,20,,0,0.0,267.25,333.0,0.2,V
172.592,stepper_y1,,20,,0,0.0,267.25,333.0,0.2,V
172.613,stepper_x,,20,,0,0.0,267.25,333.0,0.2,V
172.613,stepper_y,,20,,0,0.0,267.25,333.0,0.2,V
172.613,stepper_y1,,20,,0,0.0,267.25,333.0,0.2,V
172.633,stepper_x,,20,,0,0.0,267.25,333.0,0.2,V
172.633,stepper_y,,20,,0,0.0,267.25,333.0,0.2,V
172.633,stepper_y1,,20,,0,0.0,267.25,333.0,0.2,V
172.654,stepper_x,,20,,0,0.0,267.25,333.0,0.2,V
172.654,stepper_y,,20,,0,0.0,267.25,333.0,0.2,V
172.654,stepper_y1,,20,,0,0.0,267.25,333.0,0.2,V
172.674,stepper_x,,20,,0,0.0,267.25,333.0,0.2,V
172.674,stepper_y,,20,,0,0.0,267.25,333.0,0.2,V
172.674,stepper_y1,,20,,0,0.0,267.25,333.0,0.2,V
172.694,stepper_x,,20,,0,0.0,267.25,333.0,0.2,V
172.694,stepper_y,,20,,0,0.0,267.25,333.0,0.2,V
172.694,stepper_y1,,20,,0,0.0,267.25,333.0,0.2,V
172.714,stepper_x,,20,,0,0.4,267.25,333.0,0.2,V
172.714,stepper_y,,20,,0,0.4,267.25,333.0,0.2,V
172.714,stepper_y1,,20,,0,0.4,267.25,333.0,0.2,V
172.735,stepper_x,,20,,0,0.4,267.25,333.0,0.2,V
172.735,stepper_y,,20,,0,0.4,267.25,333.0,0.2,V
172.735,stepper_y1,,20,,0,0.4,267.25,333.0,0.2,V
172.756,stepper_x,,20,,0,0.4,267.25,333.0,0.2,V
172.756,stepper_y,,20,,0,0.4,267.25,333.0,0.2,V
172.756,stepper_y1,,20,,0,0.4,267.25,333.0,0.2,V
172.776,stepper_x,,20,,0,0.4,267.25,333.0,0.2,V
172.776,stepper_y,,20,,0,0.4,267.25,333.0,0.2,V
172.776,stepper_y1,,20,,0,0.4,267.25,333.0,0.2,V
172.796,stepper_x,,20,,0,0.4,267.25,333.0,0.2,V
172.796,stepper_y,,20,,0,0.4,267.25,333.0,0.2,V
172.796,stepper_y1,,20,,0,0.4,267.25,333.0,0.2,V
172.816,stepper_x,,20,,0,0.4,267.25,333.0,0.2,V
172.816,stepper_y,,20,,0,0.4,267.25,333.0,0.2,V
172.816,stepper_y1,,20,,0,0.4,267.25,333.0,0.2,V
172.837,stepper_x,,20,,0,0.4,267.25,333.0,0.2,V
172.837,stepper_y,,20,,0,0.4,267.25,333.0,0.2,V
172.837,stepper_y1,,20,,0,0.4,267.25,333.0,0.2,V
172.858,stepper_x,,20,,0,0.4,267.25,333.0,0.2,V
172.858,stepper_y,,20,,0,0.4,267.25,333.0,0.2,V
172.858,stepper_y1,,20,,0,0.4,267.25,333.0,0.2,V
172.878,stepper_x,,20,,0,0.4,267.25,333.0,0.2,V
172.878,stepper_y,,20,,0,0.4,267.25,333.0,0.2,V
172.878,stepper_y1,,20,,0,0.4,267.25,333.0,0.2,V
172.898,stepper_x,,20,,0,0.4,267.25,333.0,0.2,V
172.898,stepper_y,,20,,0,0.4,267.25,333.0,0.2,V
172.898,stepper_y1,,20,,0,0.4,267.25,333.0,0.2,V
172.918,stepper_x,,20,,0,0.4,267.25,333.0,0.2,V
172.918,stepper_y,,20,,0,0.4,267.25,333.0,0.2,V
172.918,stepper_y1,,20,,0,0.4,267.25,333.0,0.2,V
172.939,stepper_x,,20,,0,0.4,267.25,333.0,0.2,V
172.939,stepper_y,,20,,0,0.4,267.25,333.0,0.2,V
172.939,stepper_y1,,20,,0,0.4,267.25,333.0,0.2,V
172.959,stepper_x,,20,,0,0.4,267.25,333.0,0.2,V
172.959,stepper_y,,20,,0,0.4,267.25,333.0,0.2,V
172.959,stepper_y1,,20,,0,0.4,267.25,333.0,0.2,V
172.98,stepper_x,,20,,0,7.9,267.25,333.0,1.25,V
172.98,stepper_y,,20,,0,7.9,267.25,333.0,1.25,V
172.98,stepper_y1,,20,,0,7.9,267.25,333.0,1.25,V
173.0,stepper_x,,20,,0,7.9,267.25,333.0,1.25,V
173.0,stepper_y,,20,,0,7.9,267.25,333.0,1.25,V
173.0,stepper_y1,,20,,0,7.9,267.25,333.0,1.25,V
173.02,stepper_x,,20,,0,7.9,267.25,333.0,1.25,V
173.02,stepper_y,,20,,0,7.9,267.25,333.0,1.25,V
173.02,stepper_y1,,20,,0,7.9,267.25,333.0,1.25,V
173.041,stepper_x,,20,,0,7.9,267.25,333.0,1.25,V
173.041,stepper_y,,20,,0,7.9,267.25,333.0,1.25,V
173.041,stepper_y1,,20,,0,7.9,267.25,333.0,1.25,V
173.062,stepper_x,,20,,0,7.9,267.25,333.0,1.25,V
173.062,stepper_y,,20,,0,7.9,267.25,333.0,1.25,V
173.062,stepper_y1,,20,,0,7.9,267.25,333.0,1.25,V
173.082,stepper_x,,20,,0,7.9,267.25,333.0,1.25,V
173.082,stepper_y,,20,,0,7.9,267.25,333.0,1.25,V
173.082,stepper_y1,,20,,0,7.9,267.25,333.0,1.25,V
173.102,stepper_x,,20,,0,7.9,267.25,333.0,1.25,V
173.102,stepper_y,,20,,0,7.9,267.25,333.0,1.25,V
173.102,stepper_y1,,20,,0,7.9,267.25,333.0,1.25,V
173.122,stepper_x,,20,,0,7.9,267.25,333.0,1.25,V
173.122,stepper_y,,20,,0,7.9,267.25,333.0,1.25,V
173.122,stepper_y1,,20,,0,7.9,267.25,333.0,1.25,V
173.143,stepper_x,,20,,0,7.9,267.25,333.0,1.25,V
173.143,stepper_y,,20,,0,7.9,267.25,333.0,1.25,V
173.143,stepper_y1,,20,,0,7.9,267.25,333.0,1.25,V
173.163,stepper_x,,20,,0,7.9,267.25,333.0,1.25,V
173.163,stepper_y,,20,,0,7.9,267.25,333.0,1.25,V
173.163,stepper_y1,,20,,0,7.9,267.25,333.0,1.25,V
173.183,stepper_x,,20,,0,7.9,267.25,333.0,1.25,V
173.183,stepper_y,,20,,0,7.9,267.25,333.0,1.25,V
173.183,stepper_y1,,20,,0,7.9,267.25,333.0,1.25,V
173.203,stepper_x,,20,,0,7.9,267.25,333.0,1.25,V
173.203,stepper_y,,20,,0,7.9,267.25,333.0,1.25,V
173.203,stepper_y1,,20,,0,7.9,267.25,333.0,1.25,V
173.224,stepper_x,,20,,0,2.9,267.25,333.0,2.86,V
173.224,stepper_y,,20,,0,2.9,267.25,333.0,2.86,V
173.224,stepper_y1,,20,,0,2.9,267.25,333.0,2.86,V
173.245,stepper_x,,20,,0,2.9,267.25,333.0,2.86,V
173.245,stepper_y,,20,,0,2.9,267.25,333.0,2.86,V
173.245,stepper_y1,,20,,0,2.9,267.25,333.0,2.86,V
173.265,stepper_x,,20,,0,2.9,267.25,333.0,2.86,V
173.265,stepper_y,,20,,0,2.9,267.25,333.0,2.86,V
173.265,stepper_y1,,20,,0,2.9,267.25,333.0,2.86,V
173.285,stepper_x,,20,,0,2.9,267.25,333.0,2.86,V
173.285,stepper_y,,20,,0,2.9,267.25,333.0,2.86,V
173.285,stepper_y1,,20,,0,2.9,267.25,333.0,2.86,V
173.305,stepper_x,,20,,0,2.9,267.25,333.0,2.86,V
173.305,stepper_y,,20,,0,2.9,267.25,333.0,2.86,V
173.305,stepper_y1,,20,,0,2.9,267.25,333.0,2.86,V
173.326,stepper_x,,20,,0,2.9,267.25,333.0,2.86,V
173.326,stepper_y,,20,,0,2.9,267.25,333.0,2.86,V
173.326,stepper_y1,,20,,0,2.9,267.25,333.0,2.86,V
173.346,stepper_x,,20,,0,2.9,267.25,333.0,2.86,V
173.346,stepper_y,,20,,0,2.9,267.25,333.0,2.86,V
173.346,stepper_y1,,20,,0,2.9,267.25,333.0,2.86,V
173.366,stepper_x,,20,,0,2.9,267.25,333.0,2.86,V
173.366,stepper_y,,20,,0,2.9,267.25,333.0,2.86,V
173.366,stepper_y1,,20,,0,2.9,267.25,333.0,2.86,V
173.386,stepper_x,,20,,0,2.9,267.25,333.0,2.86,V
173.386,stepper_y,,20,,0,2.9,267.25,333.0,2.86,V
173.386,stepper_y1,,20,,0,2.9,267.25,333.0,2.86,V
173.406,stepper_x,,20,,0,2.9,267.25,333.0,2.86,V
173.406,stepper_y,,20,,0,2.9,267.25,333.0,2.86,V
173.406,stepper_y1,,20,,0,2.9,267.25,333.0,2.86,V
173.427,stepper_x,,20,,0,2.9,267.25,333.0,2.86,V
173.427,stepper_y,,20,,0,2.9,267.25,333.0,2.86,V
173.427,stepper_y1,,20,,0,2.9,267.25,333.0,2.86,V
173.447,stepper_x,,20,,0,2.9,267.25,333.0,2.86,V
173.447,stepper_y,,20,,0,2.9,267.25,333.0,2.86,V
173.447,stepper_y1,,20,,0,2.9,267.25,333.0,2.86,V
173.468,stepper_x,,20,,0,0.0,267.25,333.0,3.0,V
173.468,stepper_y,,20,,0,0.0,267.25,333.0,3.0,V
173.468,stepper_y1,,20,,0,0.0,267.25,333.0,3.0,V
173.488,stepper_x,,20,,0,0.0,267.25,333.0,3.0,V
173.488,stepper_y,,20,,0,0.0,267.25,333.0,3.0,V
173.488,stepper_y1,,20,,0,0.0,267.25,333.0,3.0,V
173.508,stepper_x,,20,,0,0.0,267.25,333.0,3.0,V
173.508,stepper_y,,20,,0,0.0,267.25,333.0,3.0,V
173.508,stepper_y1,,20,,0,0.0,267.25,333.0,3.0,V
173.528,stepper_x,,20,,0,0.0,267.25,333.0,3.0,V
173.528,stepper_y,,20,,0,0.0,267.25,333.0,3.0,V
173.528,stepper_y1,,20,,0,0.0,267.25,333.0,3.0,V
173.549,stepper_x,,20,,0,0.0,267.25,333.0,3.0,V
173.549,stepper_y,,20,,0,0.0,267.25,333.0,3.0,V
173.549,stepper_y1,,20,,0,0.0,267.25,333.0,3.0,V
173.569,stepper_x,,20,,0,0.0,267.25,333.0,3.0,V
173.569,stepper_y,,20,,0,0.0,267.25,333.0,3.0,V
173.569,stepper_y1,,20,,0,0.0,267.25,333.0,3.0,V
173.589,stepper_x,,20,,0,0.0,267.25,333.0,3.0,V
173.589,stepper_y,,20,,0,0.0,267.25,333.0,3.0,V
173.589,stepper_y1,,20,,0,0.0,267.25,333.0,3.0,V
173.609,stepper_x,,20,,0,0.0,267.25,333.0,3.0,V
173.609,stepper_y,,20,,0,0.0,267.25,333.0,3.0,V
173.609,stepper_y1,,20,,0,0.0,267.25,333.0,3.0,V
173.629,stepper_x,,20,,0,0.0,267.25,333.0,3.0,V
173.629,stepper_y,,20,,0,0.0,267.25,333.0,3.0,V
173.629,stepper_y1,,20,,0,0.0,267.25,333.0,3.0,V
173.65,stepper_x,,20,,0,0.0,267.25,333.0,3.0,V
173.65,stepper_y,,20,,0,0.0,267.25,333.0,3.0,V
173.65,stepper_y1,,20,,0,0.0,267.25,333.0,3.0,V
173.67,stepper_x,,20,,0,0.0,267.25,333.0,3.0,V
173.67,stepper_y,,20,,0,0.0,267.25,333.0,3.0,V
173.67,stepper_y1,,20,,0,0.0,267.25,333.0,3.0,V
173.69,stepper_x,,20,,0,0.0,267.25,333.0,3.0,V
173.69,stepper_y,,20,,0,0.0,267.25,333.0,3.0,V
173.69,stepper_y1,,20,,0,0.0,267.25,333.0,3.0,V
173.71,stepper_x,,20,,0,0.0,267.25,333.0,3.0,V
173.71,stepper_y,,20,,0,0.0,267.25,333.0,3.0,V
173.71,stepper_y1,,20,,0,0.0,267.25,333.0,3.0,V
173.731,stepper_x,,20,,0,0.0,267.25,333.0,3.0,V
173.731,stepper_y,,20,,0,0.0,267.25,333.0,3.0,V
173.731,stepper_y1,,20,,0,0.0,267.25,333.0,3.0,V
173.752,stepper_x,,20,,0,0.0,267.25,333.0,3.0,V
173.752,stepper_y,,20,,0,0.0,267.25,333.0,3.0,V
173.752,stepper_y1,,20,,0,0.0,267.25,333.0,3.0,V
173.772,stepper_x,,20,,0,0.0,267.25,333.0,3.0,V
173.772,stepper_y,,20,,0,0.0,267.25,333.0,3.0,V
173.772,stepper_y1,,20,,0,0.0,267.25,333.0,3.0,V
173.792,stepper_x,,20,,0,0.0,267.25,333.0,3.0,V
173.792,stepper_y,,20,,0,0.0,267.25,333.0,3.0,V
173.792,stepper_y1,,20,,0,0.0,267.25,333.0,3.0,V
173.812,stepper_x,,20,,0,0.0,267.25,333.0,3.0,V
173.812,stepper_y,,20,,0,0.0,267.25,333.0,3.0,V
173.812,stepper_y1,,20,,0,0.0,267.25,333.0,3.0,V
173.832,stepper_x,,20,,0,0.0,267.25,333.0,3.0,V
173.832,stepper_y,,20,,0,0.0,267.25,333.0,3.0,V
173.832,stepper_y1,,20,,0,0.0,267.25,333.0,3.0,V
173.853,stepper_x,,20,,0,0.0,267.25,333.0,3.0,V
173.853,stepper_y,,20,,0,0.0,267.25,333.0,3.0,V
173.853,stepper_y1,,20,,0,0.0,267.25,333.0,3.0,V
173.873,stepper_x,,20,,0,0.0,267.25,333.0,3.0,V
173.873,stepper_y,,20,,0,0.0,267.25,333.0,3.0,V
173.873,stepper_y1,,20,,0,0.0,267.25,333.0,3.0,V
173.893,stepper_x,,20,,0,0.0,267.25,333.0,3.0,V
173.893,stepper_y,,20,,0,0.0,267.25,333.0,3.0,V
173.893,stepper_y1,,20,,0,0.0,267.25,333.0,3.0,V
173.914,stepper_x,,20,,0,0.0,267.25,333.0,3.0,V
173.914,stepper_y,,20,,0,0.0,267.25,333.0,3.0,V
173.914,stepper_y1,,20,,0,0.0,267.25,333.0,3.0,V
173.934,stepper_x,,20,,0,0.0,267.25,333.0,3.0,V
173.934,stepper_y,,20,,0,0.0,267.25,333.0,3.0,V
173.934,stepper_y1,,20,,0,0.0,267.25,333.0,3.0,V
173.955,stepper_x,,20,,0,0.0,267.25,333.0,3.0,V
173.955,stepper_y,,20,,0,0.0,267.25,333.0,3.0,V
173.955,stepper_y1,,20,,0,0.0,267.25,333.0,3.0,V
173.976,stepper_x,,20,,0,0.0,267.25,333.0,3.0,V
173.976,stepper_y,,20,,0,0.0,267.25,333.0,3.0,V
173.976,stepper_y1,,20,,0,0.0,267.25,333.0,3.0,V
173.996,stepper_x,,20,,0,0.0,267.25,333.0,3.0,V
173.996,stepper_y,,20,,0,0.0,267.25,333.0,3.0,V
173.996,stepper_y1,,20,,0,0.0,267.25,333.0,3.0,V
174.016,stepper_x,,20,,0,0.0,267.25,333.0,3.0,V
174.016,stepper_y,,20,,0,0.0,267.25,333.0,3.0,V
174.016,stepper_y1,,20,,0,0.0,267.25,333.0,3.0,V
174.037,stepper_x,,20,,0,0.0,267.25,333.0,3.0,V
174.037,stepper_y,,20,,0,0.0,267.25,333.0,3.0,V
174.037,stepper_y1,,20,,0,0.0,267.25,333.0,3.0,V
174.058,stepper_x,,20,,0,0.0,267.25,333.0,3.0,V
174.058,stepper_y,,20,,0,0.0,267.25,333.0,3.0,V
174.058,stepper_y1,,20,,0,0.0,267.25,333.0,3.0,V
174.078,stepper_x,,20,,0,0.0,267.25,333.0,3.0,V
174.078,stepper_y,,20,,0,0.0,267.25,333.0,3.0,V
174.078,stepper_y1,,20,,0,0.0,267.25,333.0,3.0,V
174.098,stepper_x,,20,,0,0.0,267.25,333.0,3.0,V
174.098,stepper_y,,20,,0,0.0,267.25,333.0,3.0,V
174.098,stepper_y1,,20,,0,0.0,267.25,333.0,3.0,V
174.118,stepper_x,,20,,0,0.0,267.25,333.0,3.0,V
174.118,stepper_y,,20,,0,0.0,267.25,333.0,3.0,V
174.118,stepper_y1,,20,,0,0.0,267.25,333.0,3.0,V
174.138,stepper_x,,20,,0,0.0,267.25,333.0,3.0,V
174.138,stepper_y,,20,,0,0.0,267.25,333.0,3.0,V
174.138,stepper_y1,,20,,0,0.0,267.25,333.0,3.0,V
174.158,stepper_x,,20,,0,0.0,267.25,333.0,3.0,V
174.158,stepper_y,,20,,0,0.0,267.25,333.0,3.0,V
174.158,stepper_y1,,20,,0,0.0,267.25,333.0,3.0,V
174.178,stepper_x,,20,,0,0.0,267.25,333.0,3.0,V
174.178,stepper_y,,20,,0,0.0,267.25,333.0,3.0,V
174.178,stepper_y1,,20,,0,0.0,267.25,333.0,3.0,V
174.198,stepper_x,,20,,0,0.0,267.25,333.0,3.0,V
174.198,stepper_y,,20,,0,0.0,267.25,333.0,3.0,V
174.198,stepper_y1,,20,,0,0.0,267.25,333.0,3.0,V
174.219,stepper_x,,20,,0,0.0,267.25,333.0,3.0,V
174.219,stepper_y,,20,,0,0.0,267.25,333.0,3.0,V
174.219,stepper_y1,,20,,0,0.0,267.25,333.0,3.0,V
174.24,stepper_x,,20,,0,0.0,267.25,333.0,3.0,V
174.24,stepper_y,,20,,0,0.0,267.25,333.0,3.0,V
174.24,stepper_y1,,20,,0,0.0,267.25,333.0,3.0,V
174.26,stepper_x,,20,,0,0.0,267.25,333.0,3.0,V
174.26,stepper_y,,20,,0,0.0,267.25,333.0,3.0,V
174.26,stepper_y1,,20,,0,0.0,267.25,333.0,3.0,V
174.28,stepper_x,,20,,0,0.0,267.25,333.0,3.0,V
174.28,stepper_y,,20,,0,0.0,267.25,333.0,3.0,V
174.28,stepper_y1,,20,,0,0.0,267.25,333.0,3.0,V
174.3,stepper_x,,20,,0,0.0,267.25,333.0,3.0,V
174.3,stepper_y,,20,,0,0.0,267.25,333.0,3.0,V
174.3,stepper_y1,,20,,0,0.0,267.25,333.0,3.0,V
174.321,stepper_x,,20,,0,0.0,267.25,333.0,3.0,V
174.321,stepper_y,,20,,0,0.0,267.25,333.0,3.0,V
174.321,stepper_y1,,20,,0,0.0,267.25,333.0,3.0,V
174.341,stepper_x,,20,,0,0.0,267.25,333.0,3.0,V
174.341,stepper_y,,20,,0,0.0,267.25,333.0,3.0,V
174.341,stepper_y1,,20,,0,0.0,267.25,333.0,3.0,V
174.361,stepper_x,,20,,0,0.0,267.25,333.0,3.0,V
174.361,stepper_y,,20,,0,0.0,267.25,333.0,3.0,V
174.361,stepper_y1,,20,,0,0.0,267.25,333.0,3.0,V
174.381,stepper_x,,20,,0,0.0,267.25,333.0,3.0,V
174.381,stepper_y,,20,,0,0.0,267.25,333.0,3.0,V
174.381,stepper_y1,,20,,0,0.0,267.25,333.0,3.0,V
174.401,stepper_x,,20,,0,0.0,267.25,333.0,3.0,V
174.401,stepper_y,,20,,0,0.0,267.25,333.0,3.0,V
174.401,stepper_y1,,20,,0,0.0,267.25,333.0,3.0,V
174.422,stepper_x,,20,,0,0.0,267.25,333.0,3.0,V
174.422,stepper_y,,20,,0,0.0,267.25,333.0,3.0,V
174.422,stepper_y1,,20,,0,0.0,267.25,333.0,3.0,V
174.442,stepper_x,,20,,0,0.0,267.25,333.0,3.0,V
174.442,stepper_y,,20,,0,0.0,267.25,333.0,3.0,V
174.442,stepper_y1,,20,,0,0.0,267.25,333.0,3.0,V
174.462,stepper_x,,20,,0,0.0,267.25,333.0,3.0,V
174.462,stepper_y,,20,,0,0.0,267.25,333.0,3.0,V
174.462,stepper_y1,,20,,0,0.0,267.25,333.0,3.0,V
174.483,stepper_x,,20,,0,0.0,267.25,333.0,3.0,V
174.483,stepper_y,,20,,0,0.0,267.25,333.0,3.0,V
174.483,stepper_y1,,20,,0,0.0,267.25,333.0,3.0,V
174.503,stepper_x,,20,,0,0.0,267.25,333.0,3.0,V
174.503,stepper_y,,20,,0,0.0,267.25,333.0,3.0,V
174.503,stepper_y1,,20,,0,0.0,267.25,333.0,3.0,V
174.523,stepper_x,,20,,0,0.0,267.25,333.0,3.0,V
174.523,stepper_y,,20,,0,0.0,267.25,333.0,3.0,V
174.523,stepper_y1,,20,,0,0.0,267.25,333.0,3.0,V
174.544,stepper_x,,20,,0,0.0,267.25,333.0,3.0,V
174.544,stepper_y,,20,,0,0.0,267.25,333.0,3.0,V
174.544,stepper_y1,,20,,0,0.0,267.25,333.0,3.0,V
174.564,stepper_x,,20,,0,0.0,267.25,333.0,3.0,V
174.564,stepper_y,,20,,0,0.0,267.25,333.0,3.0,V
174.564,stepper_y1,,20,,0,0.0,267.25,333.0,3.0,V
174.584,stepper_x,,20,,0,0.0,267.25,333.0,3.0,V
174.584,stepper_y,,20,,0,0.0,267.25,333.0,3.0,V
174.584,stepper_y1,,20,,0,0.0,267.25,333.0,3.0,V
174.605,stepper_x,,20,,0,0.0,267.25,333.0,3.0,V
174.605,stepper_y,,20,,0,0.0,267.25,333.0,3.0,V
174.605,stepper_y1,,20,,0,0.0,267.25,333.0,3.0,V
174.625,stepper_x,,20,,0,0.0,267.25,333.0,3.0,V
174.625,stepper_y,,20,,0,0.0,267.25,333.0,3.0,V
174.625,stepper_y1,,20,,0,0.0,267.25,333.0,3.0,V
174.645,stepper_x,,20,,0,0.0,267.25,333.0,3.0,V
174.645,stepper_y,,20,,0,0.0,267.25,333.0,3.0,V
174.645,stepper_y1,,20,,0,0.0,267.25,333.0,3.0,V
174.665,stepper_x,,20,,0,0.0,267.25,333.0,3.0,V
174.665,stepper_y,,20,,0,0.0,267.25,333.0,3.0,V
174.665,stepper_y1,,20,,0,0.0,267.25,333.0,3.0,V
174.685,stepper_x,,20,,0,0.0,267.25,333.0,3.0,V
174.685,stepper_y,,20,,0,0.0,267.25,333.0,3.0,V
174.685,stepper_y1,,20,,0,0.0,267.25,333.0,3.0,V
174.706,stepper_x,,20,,0,0.0,267.25,333.0,3.0,V
174.706,stepper_y,,20,,0,0.0,267.25,333.0,3.0,V
174.706,stepper_y1,,20,,0,0.0,267.25,333.0,3.0,V
174.726,stepper_x,,20,,0,0.0,267.25,333.0,3.0,V
174.726,stepper_y,,20,,0,0.0,267.25,333.0,3.0,V
174.726,stepper_y1,,20,,0,0.0,267.25,333.0,3.0,V
174.747,stepper_x,,20,,0,0.0,267.25,333.0,3.0,V
174.747,stepper_y,,20,,0,0.0,267.25,333.0,3.0,V
174.747,stepper_y1,,20,,0,0.0,267.25,333.0,3.0,V
174.767,stepper_x,,20,,0,0.0,267.25,333.0,3.0,V
174.767,stepper_y,,20,,0,0.0,267.25,333.0,3.0,V
174.767,stepper_y1,,20,,0,0.0,267.25,333.0,3.0,V
174.787,stepper_x,,20,,0,0.0,267.25,333.0,3.0,V
174.787,stepper_y,,20,,0,0.0,267.25,333.0,3.0,V
174.787,stepper_y1,,20,,0,0.0,267.25,333.0,3.0,V
174.808,stepper_x,,20,,0,0.0,267.25,333.0,3.0,V
174.808,stepper_y,,20,,0,0.0,267.25,333.0,3.0,V
174.808,stepper_y1,,20,,0,0.0,267.25,333.0,3.0,V
174.828,stepper_x,,20,,0,0.0,267.25,333.0,3.0,V
174.828,stepper_y,,20,,0,0.0,267.25,333.0,3.0,V
174.828,stepper_y1,,20,,0,0.0,267.25,333.0,3.0,V
174.848,stepper_x,,20,,0,0.0,267.25,333.0,3.0,V
174.848,stepper_y,,20,,0,0.0,267.25,333.0,3.0,V
174.848,stepper_y1,,20,,0,0.0,267.25,333.0,3.0,V
174.868,stepper_x,,20,,0,0.0,267.25,333.0,3.0,V
174.868,stepper_y,,20,,0,0.0,267.25,333.0,3.0,V
174.868,stepper_y1,,20,,0,0.0,267.25,333.0,3.0,V
174.888,stepper_x,,20,,0,0.0,267.25,333.0,3.0,V
174.888,stepper_y,,20,,0,0.0,267.25,333.0,3.0,V
174.888,stepper_y1,,20,,0,0.0,267.25,333.0,3.0,V
174.909,stepper_x,,20,,0,0.0,267.25,333.0,3.0,V
174.909,stepper_y,,20,,0,0.0,267.25,333.0,3.0,V
174.909,stepper_y1,,20,,0,0.0,267.25,333.0,3.0,V
174.929,stepper_x,,20,,0,0.0,267.25,333.0,3.0,V
174.929,stepper_y,,20,,0,0.0,267.25,333.0,3.0,V
174.929,stepper_y1,,20,,0,0.0,267.25,333.0,3.0,V
174.95,stepper_x,,20,,0,0.0,267.25,333.0,3.0,V
174.95,stepper_y,,20,,0,0.0,267.25,333.0,3.0,V
174.95,stepper_y1,,20,,0,0.0,267.25,333.0,3.0,V
174.971,stepper_x,,20,,0,0.0,267.25,333.0,3.0,V
174.971,stepper_y,,20,,0,0.0,267.25,333.0,3.0,V
174.971,stepper_y1,,20,,0,0.0,267.25,333.0,3.0,V
174.991,stepper_x,,20,,0,0.0,267.25,333.0,3.0,V
174.991,stepper_y,,20,,0,0.0,267.25,333.0,3.0,V
174.991,stepper_y1,,20,,0,0.0,267.25,333.0,3.0,V
175.012,stepper_x,,20,,0,0.0,267.25,333.0,3.0,V
175.012,stepper_y,,20,,0,0.0,267.25,333.0,3.0,V
175.012,stepper_y1,,20,,0,0.0,267.25,333.0,3.0,V
175.032,stepper_x,,20,,0,0.0,267.25,333.0,3.0,V
175.032,stepper_y,,20,,0,0.0,267.25,333.0,3.0,V
175.032,stepper_y1,,20,,0,0.0,267.25,333.0,3.0,V
175.053,stepper_x,,20,,0,0.0,267.25,333.0,3.0,V
175.053,stepper_y,,20,,0,0.0,267.25,333.0,3.0,V
175.053,stepper_y1,,20,,0,0.0,267.25,333.0,3.0,V
175.073,stepper_x,,20,,0,0.0,267.25,333.0,3.0,V
175.073,stepper_y,,20,,0,0.0,267.25,333.0,3.0,V
175.073,stepper_y1,,20,,0,0.0,267.25,333.0,3.0,V
175.093,stepper_x,,20,,0,0.0,267.25,333.0,3.0,V
175.093,stepper_y,,20,,0,0.0,267.25,333.0,3.0,V
175.093,stepper_y1,,20,,0,0.0,267.25,333.0,3.0,V
175.113,stepper_x,,20,,0,0.0,267.25,333.0,3.0,V
175.113,stepper_y,,20,,0,0.0,267.25,333.0,3.0,V
175.113,stepper_y1,,20,,0,0.0,267.25,333.0,3.0,V
175.133,stepper_x,,20,,0,0.0,267.25,333.0,3.0,V
175.133,stepper_y,,20,,0,0.0,267.25,333.0,3.0,V
175.133,stepper_y1,,20,,0,0.0,267.25,333.0,3.0,V
175.154,stepper_x,,20,,0,0.0,267.25,333.0,3.0,V
175.154,stepper_y,,20,,0,0.0,267.25,333.0,3.0,V
175.154,stepper_y1,,20,,0,0.0,267.25,333.0,3.0,V
175.174,stepper_x,,20,,0,0.0,267.25,333.0,3.0,V
175.174,stepper_y,,20,,0,0.0,267.25,333.0,3.0,V
175.174,stepper_y1,,20,,0,0.0,267.25,333.0,3.0,V
175.195,stepper_x,,20,,0,0.0,267.25,333.0,3.0,V
175.195,stepper_y,,20,,0,0.0,267.25,333.0,3.0,V
175.195,stepper_y1,,20,,0,0.0,267.25,333.0,3.0,V
175.215,stepper_x,,20,,0,0.0,267.25,333.0,3.0,V
175.215,stepper_y,,20,,0,0.0,267.25,333.0,3.0,V
175.215,stepper_y1,,20,,0,0.0,267.25,333.0,3.0,V
175.235,stepper_x,,20,,0,0.0,267.25,333.0,3.0,V
175.235,stepper_y,,20,,0,0.0,267.25,333.0,3.0,V
175.235,stepper_y1,,20,,0,0.0,267.25,333.0,3.0,V
175.256,stepper_x,,20,,0,0.0,267.25,333.0,3.0,V
175.256,stepper_y,,20,,0,0.0,267.25,333.0,3.0,V
175.256,stepper_y1,,20,,0,0.0,267.25,333.0,3.0,V
175.276,stepper_x,,20,,0,0.0,267.25,333.0,3.0,V
175.276,stepper_y,,20,,0,0.0,267.25,333.0,3.0,V
175.276,stepper_y1,,20,,0,0.0,267.25,333.0,3.0,V
175.297,stepper_x,,20,,0,0.0,267.25,333.0,3.0,V
175.297,stepper_y,,20,,0,0.0,267.25,333.0,3.0,V
175.297,stepper_y1,,20,,0,0.0,267.25,333.0,3.0,V
175.317,stepper_x,,20,,0,0.0,267.25,333.0,3.0,V
175.317,stepper_y,,20,,0,0.0,267.25,333.0,3.0,V
175.317,stepper_y1,,20,,0,0.0,267.25,333.0,3.0,V
175.337,stepper_x,,20,,0,0.0,267.25,333.0,3.0,V
175.337,stepper_y,,20,,0,0.0,267.25,333.0,3.0,V
175.337,stepper_y1,,20,,0,0.0,267.25,333.0,3.0,V
175.357,stepper_x,,20,,0,0.0,267.25,333.0,3.0,V
175.357,stepper_y,,20,,0,0.0,267.25,333.0,3.0,V
175.357,stepper_y1,,20,,0,0.0,267.25,333.0,3.0,V
175.378,stepper_x,,20,,0,0.0,267.25,333.0,3.0,V
175.378,stepper_y,,20,,0,0.0,267.25,333.0,3.0,V
175.378,stepper_y1,,20,,0,0.0,267.25,333.0,3.0,V
175.398,stepper_x,,20,,0,0.0,267.25,333.0,3.0,V
175.398,stepper_y,,20,,0,0.0,267.25,333.0,3.0,V
175.398,stepper_y1,,20,,0,0.0,267.25,333.0,3.0,V
175.418,stepper_x,,20,,0,0.0,267.25,333.0,3.0,V
175.418,stepper_y,,20,,0,0.0,267.25,333.0,3.0,V
175.418,stepper_y1,,20,,0,0.0,267.25,333.0,3.0,V
175.438,stepper_x,,20,,0,0.0,267.25,333.0,3.0,V
175.438,stepper_y,,20,,0,0.0,267.25,333.0,3.0,V
175.438,stepper_y1,,20,,0,0.0,267.25,333.0,3.0,V
175.458,stepper_x,,20,,0,0.0,267.25,333.0,3.0,V
175.458,stepper_y,,20,,0,0.0,267.25,333.0,3.0,V
175.458,stepper_y1,,20,,0,0.0,267.25,333.0,3.0,V
175.479,stepper_x,,20,,0,0.0,267.25,333.0,3.0,V
175.479,stepper_y,,20,,0,0.0,267.25,333.0,3.0,V
175.479,stepper_y1,,20,,0,0.0,267.25,333.0,3.0,V
175.499,stepper_x,,20,,0,0.0,267.25,333.0,3.0,V
175.499,stepper_y,,20,,0,0.0,267.25,333.0,3.0,V
175.499,stepper_y1,,20,,0,0.0,267.25,333.0,3.0,V
175.52,stepper_x,,20,,0,0.0,267.25,333.0,3.0,V
175.52,stepper_y,,20,,0,0.0,267.25,333.0,3.0,V
175.52,stepper_y1,,20,,0,0.0,267.25,333.0,3.0,V
175.54,stepper_x,,20,,0,0.0,267.25,333.0,3.0,V
175.54,stepper_y,,20,,0,0.0,267.25,333.0,3.0,V
175.54,stepper_y1,,20,,0,0.0,267.25,333.0,3.0,V
175.561,stepper_x,,20,,0,0.0,267.25,333.0,3.0,V
175.561,stepper_y,,20,,0,0.0,267.25,333.0,3.0,V
175.561,stepper_y1,,20,,0,0.0,267.25,333.0,3.0,V
175.581,stepper_x,,20,,0,0.0,267.25,333.0,3.0,V
175.581,stepper_y,,20,,0,0.0,267.25,333.0,3.0,V
175.581,stepper_y1,,20,,0,0.0,267.25,333.0,3.0,V
175.601,stepper_x,,20,,0,0.0,267.25,333.0,3.0,V
175.601,stepper_y,,20,,0,0.0,267.25,333.0,3.0,V
175.601,stepper_y1,,20,,0,0.0,267.25,333.0,3.0,V
175.621,stepper_x,,20,,0,0.0,267.25,333.0,3.0,V
175.621,stepper_y,,20,,0,0.0,267.25,333.0,3.0,V
175.621,stepper_y1,,20,,0,0.0,267.25,333.0,3.0,V
175.641,stepper_x,,20,,0,0.0,267.25,333.0,3.0,V
175.641,stepper_y,,20,,0,0.0,267.25,333.0,3.0,V
175.641,stepper_y1,,20,,0,0.0,267.25,333.0,3.0,V
175.662,stepper_x,,20,,0,0.0,267.25,333.0,3.0,V
175.662,stepper_y,,20,,0,0.0,267.25,333.0,3.0,V
175.662,stepper_y1,,20,,0,0.0,267.25,333.0,3.0,V
175.682,stepper_x,,20,,0,0.0,267.25,333.0,3.0,V
175.682,stepper_y,,20,,0,0.0,267.25,333.0,3.0,V
175.682,stepper_y1,,20,,0,0.0,267.25,333.0,3.0,V
175.702,stepper_x,,20,,0,0.0,267.25,333.0,3.0,V
175.702,stepper_y,,20,,0,0.0,267.25,333.0,3.0,V
175.702,stepper_y1,,20,,0,0.0,267.25,333.0,3.0,V
175.723,stepper_x,,20,,0,0.0,267.25,333.0,3.0,V
175.723,stepper_y,,20,,0,0.0,267.25,333.0,3.0,V
175.723,stepper_y1,,20,,0,0.0,267.25,333.0,3.0,V
175.743,stepper_x,,20,,0,0.0,267.25,333.0,3.0,V
175.743,stepper_y,,20,,0,0.0,267.25,333.0,3.0,V
175.743,stepper_y1,,20,,0,0.0,267.25,333.0,3.0,V
175.764,stepper_x,,20,,0,0.0,267.25,333.0,3.0,V
175.764,stepper_y,,20,,0,0.0,267.25,333.0,3.0,V
175.764,stepper_y1,,20,,0,0.0,267.25,333.0,3.0,V
175.784,stepper_x,,20,,0,0.0,267.25,333.0,3.0,V
175.784,stepper_y,,20,,0,0.0,267.25,333.0,3.0,V
175.784,stepper_y1,,20,,0,0.0,267.25,333.0,3.0,V
175.804,stepper_x,,20,,0,0.0,267.25,333.0,3.0,V
175.804,stepper_y,,20,,0,0.0,267.25,333.0,3.0,V
175.804,stepper_y1,,20,,0,0.0,267.25,333.0,3.0,V
175.824,stepper_x,,20,,0,0.0,267.25,333.0,3.0,V
175.824,stepper_y,,20,,0,0.0,267.25,333.0,3.0,V
175.824,stepper_y1,,20,,0,0.0,267.25,333.0,3.0,V
175.844,stepper_x,,20,,0,0.0,267.25,333.0,3.0,V
175.844,stepper_y,,20,,0,0.0,267.25,333.0,3.0,V
175.844,stepper_y1,,20,,0,0.0,267.25,333.0,3.0,V
175.865,stepper_x,,20,,0,0.0,267.25,333.0,3.0,V
175.865,stepper_y,,20,,0,0.0,267.25,333.0,3.0,V
175.865,stepper_y1,,20,,0,0.0,267.25,333.0,3.0,V
175.885,stepper_x,,20,,0,0.0,267.25,333.0,3.0,V
175.885,stepper_y,,20,,0,0.0,267.25,333.0,3.0,V
175.885,stepper_y1,,20,,0,0.0,267.25,333.0,3.0,V
175.905,stepper_x,,20,,0,0.0,267.25,333.0,3.0,V
175.905,stepper_y,,20,,0,0.0,267.25,333.0,3.0,V
175.905,stepper_y1,,20,,0,0.0,267.25,333.0,3.0,V
175.925,stepper_x,,20,,0,0.0,267.25,333.0,3.0,V
175.925,stepper_y,,20,,0,0.0,267.25,333.0,3.0,V
175.925,stepper_y1,,20,,0,0.0,267.25,333.0,3.0,V
175.946,stepper_x,,20,,0,0.0,267.25,333.0,3.0,V
175.946,stepper_y,,20,,0,0.0,267.25,333.0,3.0,V
175.946,stepper_y1,,20,,0,0.0,267.25,333.0,3.0,V
175.966,stepper_x,,20,,0,0.0,267.25,333.0,3.0,V
175.966,stepper_y,,20,,0,0.0,267.25,333.0,3.0,V
175.966,stepper_y1,,20,,0,0.0,267.25,333.0,3.0,V
175.987,stepper_x,,20,,0,0.0,267.25,333.0,3.0,V
175.987,stepper_y,,20,,0,0.0,267.25,333.0,3.0,V
175.987,stepper_y1,,20,,0,0.0,267.25,333.0,3.0,V
176.007,stepper_x,,20,,0,0.0,267.25,333.0,3.0,V
176.007,stepper_y,,20,,0,0.0,267.25,333.0,3.0,V
176.007,stepper_y1,,20,,0,0.0,267.25,333.0,3.0,V
176.027,stepper_x,,20,,0,0.0,267.25,333.0,3.0,V
176.027,stepper_y,,20,,0,0.0,267.25,333.0,3.0,V
176.027,stepper_y1,,20,,0,0.0,267.25,333.0,3.0,V
176.048,stepper_x,,20,,0,0.0,267.25,333.0,3.0,V
176.048,stepper_y,,20,,0,0.0,267.25,333.0,3.0,V
176.048,stepper_y1,,20,,0,0.0,267.25,333.0,3.0,V
176.068,stepper_x,,20,,0,0.0,267.25,333.0,3.0,V
176.068,stepper_y,,20,,0,0.0,267.25,333.0,3.0,V
176.068,stepper_y1,,20,,0,0.0,267.25,333.0,3.0,V
176.088,stepper_x,,20,,0,0.0,267.25,333.0,3.0,V
176.088,stepper_y,,20,,0,0.0,267.25,333.0,3.0,V
176.088,stepper_y1,,20,,0,0.0,267.25,333.0,3.0,V
176.108,stepper_x,,20,,0,0.0,267.25,333.0,3.0,V
176.108,stepper_y,,20,,0,0.0,267.25,333.0,3.0,V
176.108,stepper_y1,,20,,0,0.0,267.25,333.0,3.0,V
176.128,stepper_x,,20,,0,0.0,267.25,333.0,3.0,V
176.128,stepper_y,,20,,0,0.0,267.25,333.0,3.0,V
176.128,stepper_y1,,20,,0,0.0,267.25,333.0,3.0,V
176.149,stepper_x,,20,,0,0.0,267.25,333.0,3.0,V
176.149,stepper_y,,20,,0,0.0,267.25,333.0,3.0,V
176.149,stepper_y1,,20,,0,0.0,267.25,333.0,3.0,V
176.169,stepper_x,,20,,0,0.0,267.25,333.0,3.0,V
176.169,stepper_y,,20,,0,0.0,267.25,333.0,3.0,V
176.169,stepper_y1,,20,,0,0.0,267.25,333.0,3.0,V
176.189,stepper_x,,20,,0,0.0,267.25,333.0,3.0,V
176.189,stepper_y,,20,,0,0.0,267.25,333.0,3.0,V
176.189,stepper_y1,,20,,0,0.0,267.25,333.0,3.0,V
176.209,stepper_x,,20,,0,0.0,267.25,333.0,3.0,V
176.209,stepper_y,,20,,0,0.0,267.25,333.0,3.0,V
176.209,stepper_y1,,20,,0,0.0,267.25,333.0,3.0,V
176.23,stepper_x,,20,,0,0.0,267.25,333.0,3.0,V
176.23,stepper_y,,20,,0,0.0,267.25,333.0,3.0,V
176.23,stepper_y1,,20,,0,0.0,267.25,333.0,3.0,V
176.25,stepper_x,,20,,0,0.0,267.25,333.0,3.0,V
176.25,stepper_y,,20,,0,0.0,267.25,333.0,3.0,V
176.25,stepper_y1,,20,,0,0.0,267.25,333.0,3.0,V
176.27,stepper_x,,20,,0,0.0,267.25,333.0,3.0,V
176.27,stepper_y,,20,,0,0.0,267.25,333.0,3.0,V
176.27,stepper_y1,,20,,0,0.0,267.25,333.0,3.0,V
176.29,stepper_x,,20,,0,0.0,267.25,333.0,3.0,V
176.29,stepper_y,,20,,0,0.0,267.25,333.0,3.0,V
176.29,stepper_y1,,20,,0,0.0,267.25,333.0,3.0,V
176.31,stepper_x,,20,,0,0.0,267.25,333.0,3.0,V
176.31,stepper_y,,20,,0,0.0,267.25,333.0,3.0,V
176.31,stepper_y1,,20,,0,0.0,267.25,333.0,3.0,V
176.33,stepper_x,,20,,0,0.0,267.25,333.0,3.0,V
176.33,stepper_y,,20,,0,0.0,267.25,333.0,3.0,V
176.33,stepper_y1,,20,,0,0.0,267.25,333.0,3.0,V
176.351,stepper_x,,20,,0,0.0,267.25,333.0,3.0,V
176.351,stepper_y,,20,,0,0.0,267.25,333.0,3.0,V
176.351,stepper_y1,,20,,0,0.0,267.25,333.0,3.0,V
176.371,stepper_x,,20,,0,0.0,267.25,333.0,3.0,V
176.371,stepper_y,,20,,0,0.0,267.25,333.0,3.0,V
176.371,stepper_y1,,20,,0,0.0,267.25,333.0,3.0,V
176.391,stepper_x,,20,,0,0.0,267.25,333.0,3.0,V
176.391,stepper_y,,20,,0,0.0,267.25,333.0,3.0,V
176.391,stepper_y1,,20,,0,0.0,267.25,333.0,3.0,V
176.411,stepper_x,,20,,0,0.0,267.25,333.0,3.0,V
176.411,stepper_y,,20,,0,0.0,267.25,333.0,3.0,V
176.411,stepper_y1,,20,,0,0.0,267.25,333.0,3.0,V
176.431,stepper_x,,20,,0,0.0,267.25,333.0,3.0,V
176.431,stepper_y,,20,,0,0.0,267.25,333.0,3.0,V
176.431,stepper_y1,,20,,0,0.0,267.25,333.0,3.0,V
176.452,stepper_x,,20,,0,0.0,267.25,333.0,3.0,V
176.452,stepper_y,,20,,0,0.0,267.25,333.0,3.0,V
176.452,stepper_y1,,20,,0,0.0,267.25,333.0,3.0,V
176.472,stepper_x,,20,,0,0.0,267.25,333.0,3.0,V
176.472,stepper_y,,20,,0,0.0,267.25,333.0,3.0,V
176.472,stepper_y1,,20,,0,0.0,267.25,333.0,3.0,V
176.492,stepper_x,,20,,0,0.0,267.25,333.0,3.0,V
176.492,stepper_y,,20,,0,0.0,267.25,333.0,3.0,V
176.492,stepper_y1,,20,,0,0.0,267.25,333.0,3.0,V
176.512,stepper_x,,20,,0,0.0,267.25,333.0,3.0,V
176.512,stepper_y,,20,,0,0.0,267.25,333.0,3.0,V
176.512,stepper_y1,,20,,0,0.0,267.25,333.0,3.0,V
176.532,stepper_x,,20,,0,0.0,267.25,333.0,3.0,V
176.532,stepper_y,,20,,0,0.0,267.25,333.0,3.0,V
176.532,stepper_y1,,20,,0,0.0,267.25,333.0,3.0,V
176.553,stepper_x,,20,,0,0.0,267.25,333.0,3.0,V
176.553,stepper_y,,20,,0,0.0,267.25,333.0,3.0,V
176.553,stepper_y1,,20,,0,0.0,267.25,333.0,3.0,V
176.573,stepper_x,,20,,0,0.0,267.25,333.0,3.0,V
176.573,stepper_y,,20,,0,0.0,267.25,333.0,3.0,V
176.573,stepper_y1,,20,,0,0.0,267.25,333.0,3.0,V
176.593,stepper_x,,20,,0,0.0,267.25,333.0,3.0,V
176.593,stepper_y,,20,,0,0.0,267.25,333.0,3.0,V
176.593,stepper_y1,,20,,0,0.0,267.25,333.0,3.0,V
176.613,stepper_x,,20,,0,0.0,267.25,333.0,3.0,V
176.613,stepper_y,,20,,0,0.0,267.25,333.0,3.0,V
176.613,stepper_y1,,20,,0,0.0,267.25,333.0,3.0,V
176.633,stepper_x,,20,,0,0.0,267.25,333.0,3.0,V
176.633,stepper_y,,20,,0,0.0,267.25,333.0,3.0,V
176.633,stepper_y1,,20,,0,0.0,267.25,333.0,3.0,V
176.654,stepper_x,,20,,0,0.0,267.25,333.0,3.0,V
176.654,stepper_y,,20,,0,0.0,267.25,333.0,3.0,V
176.654,stepper_y1,,20,,0,0.0,267.25,333.0,3.0,V
176.674,stepper_x,,20,,0,0.0,267.25,333.0,3.0,V
176.674,stepper_y,,20,,0,0.0,267.25,333.0,3.0,V
176.674,stepper_y1,,20,,0,0.0,267.25,333.0,3.0,V
176.694,stepper_x,,20,,0,0.0,267.25,333.0,3.0,V
176.694,stepper_y,,20,,0,0.0,267.25,333.0,3.0,V
176.694,stepper_y1,,20,,0,0.0,267.25,333.0,3.0,V
176.714,stepper_x,,20,,0,0.0,267.25,333.0,3.0,V
176.714,stepper_y,,20,,0,0.0,267.25,333.0,3.0,V
176.714,stepper_y1,,20,,0,0.0,267.25,333.0,3.0,V
176.735,stepper_x,,20,,0,0.0,267.25,333.0,3.0,V
176.735,stepper_y,,20,,0,0.0,267.25,333.0,3.0,V
176.735,stepper_y1,,20,,0,0.0,267.25,333.0,3.0,V
176.755,stepper_x,,20,,0,0.0,267.25,333.0,3.0,V
176.755,stepper_y,,20,,0,0.0,267.25,333.0,3.0,V
176.755,stepper_y1,,20,,0,0.0,267.25,333.0,3.0,V
176.775,stepper_x,,20,,0,0.0,267.25,333.0,3.0,V
176.775,stepper_y,,20,,0,0.0,267.25,333.0,3.0,V
176.775,stepper_y1,,20,,0,0.0,267.25,333.0,3.0,V
176.796,stepper_x,,20,,0,0.0,267.25,333.0,3.0,V
176.796,stepper_y,,20,,0,0.0,267.25,333.0,3.0,V
176.796,stepper_y1,,20,,0,0.0,267.25,333.0,3.0,V
176.816,stepper_x,,20,,0,0.0,267.25,333.0,3.0,V
176.816,stepper_y,,20,,0,0.0,267.25,333.0,3.0,V
176.816,stepper_y1,,20,,0,0.0,267.25,333.0,3.0,V
176.836,stepper_x,,20,,0,0.0,267.25,333.0,3.0,V
176.836,stepper_y,,20,,0,0.0,267.25,333.0,3.0,V
176.836,stepper_y1,,20,,0,0.0,267.25,333.0,3.0,V
176.857,stepper_x,,20,,0,0.0,267.25,333.0,3.0,V
176.857,stepper_y,,20,,0,0.0,267.25,333.0,3.0,V
176.857,stepper_y1,,20,,0,0.0,267.25,333.0,3.0,V
176.877,stepper_x,,20,,0,0.0,267.25,333.0,3.0,V
176.877,stepper_y,,20,,0,0.0,267.25,333.0,3.0,V
176.877,stepper_y1,,20,,0,0.0,267.25,333.0,3.0,V
176.897,stepper_x,,20,,0,0.0,267.25,333.0,3.0,V
176.897,stepper_y,,20,,0,0.0,267.25,333.0,3.0,V
176.897,stepper_y1,,20,,0,0.0,267.25,333.0,3.0,V
176.917,stepper_x,,20,,0,0.0,267.25,333.0,3.0,V
176.917,stepper_y,,20,,0,0.0,267.25,333.0,3.0,V
176.917,stepper_y1,,20,,0,0.0,267.25,333.0,3.0,V
176.938,stepper_x,,20,,0,0.0,267.25,333.0,3.0,V
176.938,stepper_y,,20,,0,0.0,267.25,333.0,3.0,V
176.938,stepper_y1,,20,,0,0.0,267.25,333.0,3.0,V
176.958,stepper_x,,20,,0,0.0,267.25,333.0,3.0,V
176.958,stepper_y,,20,,0,0.0,267.25,333.0,3.0,V
176.958,stepper_y1,,20,,0,0.0,267.25,333.0,3.0,V
176.979,stepper_x,,20,,0,0.0,267.25,333.0,3.0,V
176.979,stepper_y,,20,,0,0.0,267.25,333.0,3.0,V
176.979,stepper_y1,,20,,0,0.0,267.25,333.0,3.0,V
176.999,stepper_x,,20,,0,0.0,267.25,333.0,3.0,V
176.999,stepper_y,,20,,0,0.0,267.25,333.0,3.0,V
176.999,stepper_y1,,20,,0,0.0,267.25,333.0,3.0,V
177.019,stepper_x,,20,,0,0.0,267.25,333.0,3.0,V
177.019,stepper_y,,20,,0,0.0,267.25,333.0,3.0,V
177.019,stepper_y1,,20,,0,0.0,267.25,333.0,3.0,V
177.04,stepper_x,,20,,0,0.0,267.25,333.0,3.0,V
177.04,stepper_y,,20,,0,0.0,267.25,333.0,3.0,V
177.04,stepper_y1,,20,,0,0.0,267.25,333.0,3.0,V
177.06,stepper_x,,20,,0,0.0,267.25,333.0,3.0,V
177.06,stepper_y,,20,,0,0.0,267.25,333.0,3.0,V
177.06,stepper_y1,,20,,0,0.0,267.25,333.0,3.0,V
177.08,stepper_x,,20,,0,0.0,267.25,333.0,3.0,V
177.08,stepper_y,,20,,0,0.0,267.25,333.0,3.0,V
177.08,stepper_y1,,20,,0,0.0,267.25,333.0,3.0,V
177.1,stepper_x,,20,,0,0.0,267.25,333.0,3.0,V
177.1,stepper_y,,20,,0,0.0,267.25,333.0,3.0,V
177.1,stepper_y1,,20,,0,0.0,267.25,333.0,3.0,V
177.121,stepper_x,,20,,0,0.0,267.25,333.0,3.0,V
177.121,stepper_y,,20,,0,0.0,267.25,333.0,3.0,V
177.121,stepper_y1,,20,,0,0.0,267.25,333.0,3.0,V
177.141,stepper_x,,20,,0,0.0,267.25,333.0,3.0,V
177.141,stepper_y,,20,,0,0.0,267.25,333.0,3.0,V
177.141,stepper_y1,,20,,0,0.0,267.25,333.0,3.0,V
177.161,stepper_x,,20,,0,0.0,267.25,333.0,3.0,V
177.161,stepper_y,,20,,0,0.0,267.25,333.0,3.0,V
177.161,stepper_y1,,20,,0,0.0,267.25,333.0,3.0,V
177.181,stepper_x,,20,,0,0.0,267.25,333.0,3.0,V
177.181,stepper_y,,20,,0,0.0,267.25,333.0,3.0,V
177.181,stepper_y1,,20,,0,0.0,267.25,333.0,3.0,V
177.201,stepper_x,,20,,0,0.0,267.25,333.0,3.0,V
177.201,stepper_y,,20,,0,0.0,267.25,333.0,3.0,V
177.201,stepper_y1,,20,,0,0.0,267.25,333.0,3.0,V
177.221,stepper_x,,20,,0,0.0,267.25,333.0,3.0,V
177.221,stepper_y,,20,,0,0.0,267.25,333.0,3.0,V
177.221,stepper_y1,,20,,0,0.0,267.25,333.0,3.0,V
177.242,stepper_x,,20,,0,0.0,267.25,333.0,3.0,V
177.242,stepper_y,,20,,0,0.0,267.25,333.0,3.0,V
177.242,stepper_y1,,20,,0,0.0,267.25,333.0,3.0,V
177.262,stepper_x,,20,,0,0.0,267.25,333.0,3.0,V
177.262,stepper_y,,20,,0,0.0,267.25,333.0,3.0,V
177.262,stepper_y1,,20,,0,0.0,267.25,333.0,3.0,V
177.282,stepper_x,,20,,0,0.0,267.25,333.0,3.0,V
177.282,stepper_y,,20,,0,0.0,267.25,333.0,3.0,V
177.282,stepper_y1,,20,,0,0.0,267.25,333.0,3.0,V
177.302,stepper_x,,20,,0,0.0,267.25,333.0,3.0,V
177.302,stepper_y,,20,,0,0.0,267.25,333.0,3.0,V
177.302,stepper_y1,,20,,0,0.0,267.25,333.0,3.0,V
177.322,stepper_x,,20,,0,0.0,267.25,333.0,3.0,V
177.322,stepper_y,,20,,0,0.0,267.25,333.0,3.0,V
177.322,stepper_y1,,20,,0,0.0,267.25,333.0,3.0,V
177.343,stepper_x,,20,,0,0.0,267.25,333.0,3.0,V
177.343,stepper_y,,20,,0,0.0,267.25,333.0,3.0,V
177.343,stepper_y1,,20,,0,0.0,267.25,333.0,3.0,V
177.363,stepper_x,,20,,0,0.0,267.25,333.0,3.0,V
177.363,stepper_y,,20,,0,0.0,267.25,333.0,3.0,V
177.363,stepper_y1,,20,,0,0.0,267.25,333.0,3.0,V
177.383,stepper_x,,20,,0,0.0,267.25,333.0,3.0,V
177.383,stepper_y,,20,,0,0.0,267.25,333.0,3.0,V
177.383,stepper_y1,,20,,0,0.0,267.25,333.0,3.0,V
177.403,stepper_x,,20,,0,0.0,267.25,333.0,3.0,V
177.403,stepper_y,,20,,0,0.0,267.25,333.0,3.0,V
177.403,stepper_y1,,20,,0,0.0,267.25,333.0,3.0,V
177.423,stepper_x,,20,,0,0.0,267.25,333.0,3.0,V
177.423,stepper_y,,20,,0,0.0,267.25,333.0,3.0,V
177.423,stepper_y1,,20,,0,0.0,267.25,333.0,3.0,V
177.444,stepper_x,,20,,0,0.0,267.25,333.0,3.0,V
177.444,stepper_y,,20,,0,0.0,267.25,333.0,3.0,V
177.444,stepper_y1,,20,,0,0.0,267.25,333.0,3.0,V
177.464,stepper_x,,20,,0,0.0,267.25,333.0,3.0,V
177.464,stepper_y,,20,,0,0.0,267.25,333.0,3.0,V
177.464,stepper_y1,,20,,0,0.0,267.25,333.0,3.0,V
177.485,stepper_x,,20,,0,0.0,267.25,333.0,3.0,V
177.485,stepper_y,,20,,0,0.0,267.25,333.0,3.0,V
177.485,stepper_y1,,20,,0,0.0,267.25,333.0,3.0,V
177.505,stepper_x,,20,,0,0.0,267.25,333.0,3.0,V
177.505,stepper_y,,20,,0,0.0,267.25,333.0,3.0,V
177.505,stepper_y1,,20,,0,0.0,267.25,333.0,3.0,V
177.525,stepper_x,,20,,0,0.0,267.25,333.0,3.0,V
177.525,stepper_y,,20,,0,0.0,267.25,333.0,3.0,V
177.525,stepper_y1,,20,,0,0.0,267.25,333.0,3.0,V
177.546,stepper_x,,20,,0,0.0,267.25,333.0,3.0,V
177.546,stepper_y,,20,,0,0.0,267.25,333.0,3.0,V
177.546,stepper_y1,,20,,0,0.0,267.25,333.0,3.0,V
177.566,stepper_x,,20,,0,0.0,267.25,333.0,3.0,V
177.566,stepper_y,,20,,0,0.0,267.25,333.0,3.0,V
177.566,stepper_y1,,20,,0,0.0,267.25,333.0,3.0,V
177.586,stepper_x,,20,,0,0.0,267.25,333.0,3.0,V
177.586,stepper_y,,20,,0,0.0,267.25,333.0,3.0,V
177.586,stepper_y1,,20,,0,0.0,267.25,333.0,3.0,V
177.607,stepper_x,,20,,0,0.0,267.25,333.0,3.0,V
177.607,stepper_y,,20,,0,0.0,267.25,333.0,3.0,V
177.607,stepper_y1,,20,,0,0.0,267.25,333.0,3.0,V
177.627,stepper_x,,20,,0,0.0,267.25,333.0,3.0,V
177.627,stepper_y,,20,,0,0.0,267.25,333.0,3.0,V
177.627,stepper_y1,,20,,0,0.0,267.25,333.0,3.0,V
177.647,stepper_x,,20,,0,0.0,267.25,333.0,3.0,V
177.647,stepper_y,,20,,0,0.0,267.25,333.0,3.0,V
177.647,stepper_y1,,20,,0,0.0,267.25,333.0,3.0,V
177.667,stepper_x,,20,,0,0.0,267.25,333.0,3.0,V
177.667,stepper_y,,20,,0,0.0,267.25,333.0,3.0,V
177.667,stepper_y1,,20,,0,0.0,267.25,333.0,3.0,V
177.688,stepper_x,,20,,0,0.0,267.25,333.0,3.0,V
177.688,stepper_y,,20,,0,0.0,267.25,333.0,3.0,V
177.688,stepper_y1,,20,,0,0.0,267.25,333.0,3.0,V
177.708,stepper_x,,20,,0,0.0,267.25,333.0,3.0,V
177.708,stepper_y,,20,,0,0.0,267.25,333.0,3.0,V
177.708,stepper_y1,,20,,0,0.0,267.25,333.0,3.0,V
177.728,stepper_x,,20,,0,0.0,267.25,333.0,3.0,V
177.728,stepper_y,,20,,0,0.0,267.25,333.0,3.0,V
177.728,stepper_y1,,20,,0,0.0,267.25,333.0,3.0,V
177.749,stepper_x,,20,,0,0.0,267.25,333.0,3.0,V
177.749,stepper_y,,20,,0,0.0,267.25,333.0,3.0,V
177.749,stepper_y1,,20,,0,0.0,267.25,333.0,3.0,V
177.769,stepper_x,,20,,0,0.0,267.25,333.0,3.0,V
177.769,stepper_y,,20,,0,0.0,267.25,333.0,3.0,V
177.769,stepper_y1,,20,,0,0.0,267.25,333.0,3.0,V
177.79,stepper_x,,20,,0,0.0,267.25,333.0,3.0,V
177.79,stepper_y,,20,,0,0.0,267.25,333.0,3.0,V
177.79,stepper_y1,,20,,0,0.0,267.25,333.0,3.0,V
177.81,stepper_x,,20,,0,0.0,267.25,333.0,3.0,V
177.81,stepper_y,,20,,0,0.0,267.25,333.0,3.0,V
177.81,stepper_y1,,20,,0,0.0,267.25,333.0,3.0,V
177.83,stepper_x,,20,,0,0.0,267.25,333.0,3.0,V
177.83,stepper_y,,20,,0,0.0,267.25,333.0,3.0,V
177.83,stepper_y1,,20,,0,0.0,267.25,333.0,3.0,V
177.851,stepper_x,,20,,0,0.0,267.25,333.0,3.0,V
177.851,stepper_y,,20,,0,0.0,267.25,333.0,3.0,V
177.851,stepper_y1,,20,,0,0.0,267.25,333.0,3.0,V
177.871,stepper_x,,20,,0,0.0,267.25,333.0,3.0,V
177.871,stepper_y,,20,,0,0.0,267.25,333.0,3.0,V
177.871,stepper_y1,,20,,0,0.0,267.25,333.0,3.0,V
177.891,stepper_x,,20,,0,0.0,267.25,333.0,3.0,V
177.891,stepper_y,,20,,0,0.0,267.25,333.0,3.0,V
177.891,stepper_y1,,20,,0,0.0,267.25,333.0,3.0,V
177.911,stepper_x,,20,,0,0.0,267.25,333.0,3.0,V
177.911,stepper_y,,20,,0,0.0,267.25,333.0,3.0,V
177.911,stepper_y1,,20,,0,0.0,267.25,333.0,3.0,V
177.932,stepper_x,,20,,0,0.0,267.25,333.0,3.0,V
177.932,stepper_y,,20,,0,0.0,267.25,333.0,3.0,V
177.932,stepper_y1,,20,,0,0.0,267.25,333.0,3.0,V
177.952,stepper_x,,20,,0,0.0,267.25,333.0,3.0,V
177.952,stepper_y,,20,,0,0.0,267.25,333.0,3.0,V
177.952,stepper_y1,,20,,0,0.0,267.25,333.0,3.0,V
177.972,stepper_x,,20,,0,0.0,267.25,333.0,3.0,V
177.972,stepper_y,,20,,0,0.0,267.25,333.0,3.0,V
177.972,stepper_y1,,20,,0,0.0,267.25,333.0,3.0,V
177.992,stepper_x,,20,,0,0.0,267.25,333.0,3.0,V
177.992,stepper_y,,20,,0,0.0,267.25,333.0,3.0,V
177.992,stepper_y1,,20,,0,0.0,267.25,333.0,3.0,V
178.013,stepper_x,,20,,0,0.0,267.25,333.0,3.0,V
178.013,stepper_y,,20,,0,0.0,267.25,333.0,3.0,V
178.013,stepper_y1,,20,,0,0.0,267.25,333.0,3.0,V
178.033,stepper_x,,20,,0,0.0,267.25,333.0,3.0,V
178.033,stepper_y,,20,,0,0.0,267.25,333.0,3.0,V
178.033,stepper_y1,,20,,0,0.0,267.25,333.0,3.0,V
178.054,stepper_x,,20,,0,0.0,267.25,333.0,3.0,V
178.054,stepper_y,,20,,0,0.0,267.25,333.0,3.0,V
178.054,stepper_y1,,20,,0,0.0,267.25,333.0,3.0,V
178.074,stepper_x,,20,,0,0.0,267.25,333.0,3.0,V
178.074,stepper_y,,20,,0,0.0,267.25,333.0,3.0,V
178.074,stepper_y1,,20,,0,0.0,267.25,333.0,3.0,V
178.094,stepper_x,,20,,0,0.0,267.25,333.0,3.0,V
178.094,stepper_y,,20,,0,0.0,267.25,333.0,3.0,V
178.094,stepper_y1,,20,,0,0.0,267.25,333.0,3.0,V
178.114,stepper_x,,20,,0,0.0,267.25,333.0,3.0,V
178.114,stepper_y,,20,,0,0.0,267.25,333.0,3.0,V
178.114,stepper_y1,,20,,0,0.0,267.25,333.0,3.0,V
178.135,stepper_x,,20,,0,0.0,267.25,333.0,3.0,V
178.135,stepper_y,,20,,0,0.0,267.25,333.0,3.0,V
178.135,stepper_y1,,20,,0,0.0,267.25,333.0,3.0,V
178.155,stepper_x,,20,,0,0.0,267.25,333.0,3.0,V
178.155,stepper_y,,20,,0,0.0,267.25,333.0,3.0,V
178.155,stepper_y1,,20,,0,0.0,267.25,333.0,3.0,V
178.175,stepper_x,,20,,0,0.0,267.25,333.0,3.0,V
178.175,stepper_y,,20,,0,0.0,267.25,333.0,3.0,V
178.175,stepper_y1,,20,,0,0.0,267.25,333.0,3.0,V
178.196,stepper_x,,20,,0,0.0,267.25,333.0,3.0,V
178.196,stepper_y,,20,,0,0.0,267.25,333.0,3.0,V
178.196,stepper_y1,,20,,0,0.0,267.25,333.0,3.0,V
178.216,stepper_x,,20,,0,0.0,267.25,333.0,3.0,V
178.216,stepper_y,,20,,0,0.0,267.25,333.0,3.0,V
178.216,stepper_y1,,20,,0,0.0,267.25,333.0,3.0,V
178.236,stepper_x,,20,,0,0.0,267.25,333.0,3.0,V
178.236,stepper_y,,20,,0,0.0,267.25,333.0,3.0,V
178.236,stepper_y1,,20,,0,0.0,267.25,333.0,3.0,V
178.256,stepper_x,,20,,0,0.0,267.25,333.0,3.0,V
178.256,stepper_y,,20,,0,0.0,267.25,333.0,3.0,V
178.256,stepper_y1,,20,,0,0.0,267.25,333.0,3.0,V
178.276,stepper_x,,20,,0,0.0,267.25,333.0,3.0,V
178.276,stepper_y,,20,,0,0.0,267.25,333.0,3.0,V
178.276,stepper_y1,,20,,0,0.0,267.25,333.0,3.0,V
178.297,stepper_x,,20,,0,0.0,267.25,333.0,3.0,V
178.297,stepper_y,,20,,0,0.0,267.25,333.0,3.0,V
178.297,stepper_y1,,20,,0,0.0,267.25,333.0,3.0,V
178.317,stepper_x,,20,,0,0.0,267.25,333.0,3.0,V
178.317,stepper_y,,20,,0,0.0,267.25,333.0,3.0,V
178.317,stepper_y1,,20,,0,0.0,267.25,333.0,3.0,V
178.337,stepper_x,,20,,0,0.0,267.25,333.0,3.0,V
178.337,stepper_y,,20,,0,0.0,267.25,333.0,3.0,V
178.337,stepper_y1,,20,,0,0.0,267.25,333.0,3.0,V
178.357,stepper_x,,20,,0,0.0,267.25,333.0,3.0,V
178.357,stepper_y,,20,,0,0.0,267.25,333.0,3.0,V
178.357,stepper_y1,,20,,0,0.0,267.25,333.0,3.0,V
178.378,stepper_x,,20,,0,0.0,267.25,333.0,3.0,V
178.378,stepper_y,,20,,0,0.0,267.25,333.0,3.0,V
178.378,stepper_y1,,20,,0,0.0,267.25,333.0,3.0,V
178.398,stepper_x,,20,,0,0.0,267.25,333.0,3.0,V
178.398,stepper_y,,20,,0,0.0,267.25,333.0,3.0,V
178.398,stepper_y1,,20,,0,0.0,267.25,333.0,3.0,V
178.418,stepper_x,,20,,0,0.0,267.25,333.0,3.0,V
178.418,stepper_y,,20,,0,0.0,267.25,333.0,3.0,V
178.418,stepper_y1,,20,,0,0.0,267.25,333.0,3.0,V
178.438,stepper_x,,20,,0,0.0,267.25,333.0,3.0,V
178.438,stepper_y,,20,,0,0.0,267.25,333.0,3.0,V
178.438,stepper_y1,,20,,0,0.0,267.25,333.0,3.0,V
178.458,stepper_x,,20,,0,0.0,267.25,333.0,3.0,V
178.458,stepper_y,,20,,0,0.0,267.25,333.0,3.0,V
178.458,stepper_y1,,20,,0,0.0,267.25,333.0,3.0,V
178.478,stepper_x,,20,,0,0.0,267.25,333.0,3.0,V
178.478,stepper_y,,20,,0,0.0,267.25,333.0,3.0,V
178.478,stepper_y1,,20,,0,0.0,267.25,333.0,3.0,V
178.499,stepper_x,,20,,0,0.0,267.25,333.0,3.0,V
178.499,stepper_y,,20,,0,0.0,267.25,333.0,3.0,V
178.499,stepper_y1,,20,,0,0.0,267.25,333.0,3.0,V
178.519,stepper_x,,20,,0,0.0,267.25,333.0,3.0,V
178.519,stepper_y,,20,,0,0.0,267.25,333.0,3.0,V
178.519,stepper_y1,,20,,0,0.0,267.25,333.0,3.0,V
178.539,stepper_x,,20,,0,0.0,267.25,333.0,3.0,V
178.539,stepper_y,,20,,0,0.0,267.25,333.0,3.0,V
178.539,stepper_y1,,20,,0,0.0,267.25,333.0,3.0,V
178.559,stepper_x,,20,,0,0.0,267.25,333.0,3.0,V
178.559,stepper_y,,20,,0,0.0,267.25,333.0,3.0,V
178.559,stepper_y1,,20,,0,0.0,267.25,333.0,3.0,V
178.58,stepper_x,,20,,0,0.0,267.25,333.0,3.0,V
178.58,stepper_y,,20,,0,0.0,267.25,333.0,3.0,V
178.58,stepper_y1,,20,,0,0.0,267.25,333.0,3.0,V
178.6,stepper_x,,20,,0,0.0,267.25,333.0,3.0,V
178.6,stepper_y,,20,,0,0.0,267.25,333.0,3.0,V
178.6,stepper_y1,,20,,0,0.0,267.25,333.0,3.0,V
178.62,stepper_x,,20,,0,0.0,267.25,333.0,3.0,V
178.62,stepper_y,,20,,0,0.0,267.25,333.0,3.0,V
178.62,stepper_y1,,20,,0,0.0,267.25,333.0,3.0,V
178.64,stepper_x,,20,,0,0.0,267.25,333.0,3.0,V
178.64,stepper_y,,20,,0,0.0,267.25,333.0,3.0,V
178.64,stepper_y1,,20,,0,0.0,267.25,333.0,3.0,V
178.66,stepper_x,,20,,0,0.0,267.25,333.0,3.0,V
178.66,stepper_y,,20,,0,0.0,267.25,333.0,3.0,V
178.66,stepper_y1,,20,,0,0.0,267.25,333.0,3.0,V
178.68,stepper_x,,20,,0,0.0,267.25,333.0,3.0,V
178.68,stepper_y,,20,,0,0.0,267.25,333.0,3.0,V
178.68,stepper_y1,,20,,0,0.0,267.25,333.0,3.0,V
178.701,stepper_x,,20,,0,0.0,267.25,333.0,3.0,V
178.701,stepper_y,,20,,0,0.0,267.25,333.0,3.0,V
178.701,stepper_y1,,20,,0,0.0,267.25,333.0,3.0,V
178.721,stepper_x,,20,,0,0.0,267.25,333.0,3.0,V
178.721,stepper_y,,20,,0,0.0,267.25,333.0,3.0,V
178.721,stepper_y1,,20,,0,0.0,267.25,333.0,3.0,V
178.741,stepper_x,,20,,0,0.0,267.25,333.0,3.0,V
178.741,stepper_y,,20,,0,0.0,267.25,333.0,3.0,V
178.741,stepper_y1,,20,,0,0.0,267.25,333.0,3.0,V
178.762,stepper_x,,20,,0,0.0,267.25,333.0,3.0,V
178.762,stepper_y,,20,,0,0.0,267.25,333.0,3.0,V
178.762,stepper_y1,,20,,0,0.0,267.25,333.0,3.0,V
178.782,stepper_x,,20,,0,0.0,267.25,333.0,3.0,V
178.782,stepper_y,,20,,0,0.0,267.25,333.0,3.0,V
178.782,stepper_y1,,20,,0,0.0,267.25,333.0,3.0,V
178.802,stepper_x,,20,,0,0.0,267.25,333.0,3.0,V
178.802,stepper_y,,20,,0,0.0,267.25,333.0,3.0,V
178.802,stepper_y1,,20,,0,0.0,267.25,333.0,3.0,V
178.822,stepper_x,,20,,0,0.0,267.25,333.0,3.0,V
178.822,stepper_y,,20,,0,0.0,267.25,333.0,3.0,V
178.822,stepper_y1,,20,,0,0.0,267.25,333.0,3.0,V
178.843,stepper_x,,20,,0,0.0,267.25,333.0,3.0,V
178.843,stepper_y,,20,,0,0.0,267.25,333.0,3.0,V
178.843,stepper_y1,,20,,0,0.0,267.25,333.0,3.0,V
178.863,stepper_x,,20,,0,0.0,267.25,333.0,3.0,V
178.863,stepper_y,,20,,0,0.0,267.25,333.0,3.0,V
178.863,stepper_y1,,20,,0,0.0,267.25,333.0,3.0,V
178.883,stepper_x,,20,,0,0.0,267.25,333.0,3.0,V
178.883,stepper_y,,20,,0,0.0,267.25,333.0,3.0,V
178.883,stepper_y1,,20,,0,0.0,267.25,333.0,3.0,V
178.903,stepper_x,,20,,0,0.0,267.25,333.0,3.0,V
178.903,stepper_y,,20,,0,0.0,267.25,333.0,3.0,V
178.903,stepper_y1,,20,,0,0.0,267.25,333.0,3.0,V
178.923,stepper_x,,20,,0,0.0,267.25,333.0,3.0,V
178.923,stepper_y,,20,,0,0.0,267.25,333.0,3.0,V
178.923,stepper_y1,,20,,0,0.0,267.25,333.0,3.0,V
178.944,stepper_x,,20,,0,0.0,267.25,333.0,3.0,V
178.944,stepper_y,,20,,0,0.0,267.25,333.0,3.0,V
178.944,stepper_y1,,20,,0,0.0,267.25,333.0,3.0,V
178.964,stepper_x,,20,,0,0.0,267.25,333.0,3.0,V
178.964,stepper_y,,20,,0,0.0,267.25,333.0,3.0,V
178.964,stepper_y1,,20,,0,0.0,267.25,333.0,3.0,V
178.985,stepper_x,,20,,0,0.0,267.25,333.0,3.0,V
178.985,stepper_y,,20,,0,0.0,267.25,333.0,3.0,V
178.985,stepper_y1,,20,,0,0.0,267.25,333.0,3.0,V
179.005,stepper_x,,20,,0,0.0,267.25,333.0,3.0,V
179.005,stepper_y,,20,,0,0.0,267.25,333.0,3.0,V
179.005,stepper_y1,,20,,0,0.0,267.25,333.0,3.0,V
179.026,stepper_x,,20,,0,0.0,267.25,333.0,3.0,V
179.026,stepper_y,,20,,0,0.0,267.25,333.0,3.0,V
179.026,stepper_y1,,20,,0,0.0,267.25,333.0,3.0,V
179.046,stepper_x,,20,,0,0.0,267.25,333.0,3.0,V
179.046,stepper_y,,20,,0,0.0,267.25,333.0,3.0,V
179.046,stepper_y1,,20,,0,0.0,267.25,333.0,3.0,V
179.066,stepper_x,,20,,0,0.0,267.25,333.0,3.0,V
179.066,stepper_y,,20,,0,0.0,267.25,333.0,3.0,V
179.066,stepper_y1,,20,,0,0.0,267.25,333.0,3.0,V
179.086,stepper_x,,20,,0,0.0,267.25,333.0,3.0,V
179.086,stepper_y,,20,,0,0.0,267.25,333.0,3.0,V
179.086,stepper_y1,,20,,0,0.0,267.25,333.0,3.0,V
179.106,stepper_x,,20,,0,0.0,267.25,333.0,3.0,V
179.106,stepper_y,,20,,0,0.0,267.25,333.0,3.0,V
179.106,stepper_y1,,20,,0,0.0,267.25,333.0,3.0,V
179.127,stepper_x,,20,,0,0.0,267.25,333.0,3.0,V
179.127,stepper_y,,20,,0,0.0,267.25,333.0,3.0,V
179.127,stepper_y1,,20,,0,0.0,267.25,333.0,3.0,V
179.147,stepper_x,,20,,0,0.0,267.25,333.0,3.0,V
179.147,stepper_y,,20,,0,0.0,267.25,333.0,3.0,V
179.147,stepper_y1,,20,,0,0.0,267.25,333.0,3.0,V
179.168,stepper_x,,20,,0,0.0,267.25,333.0,3.0,V
179.168,stepper_y,,20,,0,0.0,267.25,333.0,3.0,V
179.168,stepper_y1,,20,,0,0.0,267.25,333.0,3.0,V
179.188,stepper_x,,20,,0,0.0,267.25,333.0,3.0,V
179.188,stepper_y,,20,,0,0.0,267.25,333.0,3.0,V
179.188,stepper_y1,,20,,0,0.0,267.25,333.0,3.0,V
179.208,stepper_x,,20,,0,0.0,267.25,333.0,3.0,V
179.208,stepper_y,,20,,0,0.0,267.25,333.0,3.0,V
179.208,stepper_y1,,20,,0,0.0,267.25,333.0,3.0,V
179.228,stepper_x,,20,,0,0.0,267.25,333.0,3.0,V
179.228,stepper_y,,20,,0,0.0,267.25,333.0,3.0,V
179.228,stepper_y1,,20,,0,0.0,267.25,333.0,3.0,V
179.248,stepper_x,,20,,0,0.0,267.25,333.0,3.0,V
179.248,stepper_y,,20,,0,0.0,267.25,333.0,3.0,V
179.248,stepper_y1,,20,,0,0.0,267.25,333.0,3.0,V
179.269,stepper_x,,20,,0,0.0,267.25,333.0,3.0,V
179.269,stepper_y,,20,,0,0.0,267.25,333.0,3.0,V
179.269,stepper_y1,,20,,0,0.0,267.25,333.0,3.0,V
179.289,stepper_x,,20,,0,0.0,267.25,333.0,3.0,V
179.289,stepper_y,,20,,0,0.0,267.25,333.0,3.0,V
179.289,stepper_y1,,20,,0,0.0,267.25,333.0,3.0,V
179.309,stepper_x,,20,,0,0.0,267.25,333.0,3.0,V
179.309,stepper_y,,20,,0,0.0,267.25,333.0,3.0,V
179.309,stepper_y1,,20,,0,0.0,267.25,333.0,3.0,V
179.329,stepper_x,,20,,0,0.0,267.25,333.0,3.0,V
179.329,stepper_y,,20,,0,0.0,267.25,333.0,3.0,V
179.329,stepper_y1,,20,,0,0.0,267.25,333.0,3.0,V
179.35,stepper_x,,20,,0,0.0,267.25,333.0,3.0,V
179.35,stepper_y,,20,,0,0.0,267.25,333.0,3.0,V
179.35,stepper_y1,,20,,0,0.0,267.25,333.0,3.0,V
179.37,stepper_x,,20,,0,0.0,267.25,333.0,3.0,V
179.37,stepper_y,,20,,0,0.0,267.25,333.0,3.0,V
179.37,stepper_y1,,20,,0,0.0,267.25,333.0,3.0,V
179.39,stepper_x,,20,,0,0.0,267.25,333.0,3.0,V
179.39,stepper_y,,20,,0,0.0,267.25,333.0,3.0,V
179.39,stepper_y1,,20,,0,0.0,267.25,333.0,3.0,V
179.41,stepper_x,,20,,0,0.0,267.25,333.0,3.0,V
179.41,stepper_y,,20,,0,0.0,267.25,333.0,3.0,V
179.41,stepper_y1,,20,,0,0.0,267.25,333.0,3.0,V
179.43,stepper_x,,20,,0,0.0,267.25,333.0,3.0,V
179.43,stepper_y,,20,,0,0.0,267.25,333.0,3.0,V
179.43,stepper_y1,,20,,0,0.0,267.25,333.0,3.0,V
179.45,stepper_x,,20,,0,0.0,267.25,333.0,3.0,V
179.45,stepper_y,,20,,0,0.0,267.25,333.0,3.0,V
179.45,stepper_y1,,20,,0,0.0,267.25,333.0,3.0,V
179.471,stepper_x,,20,,0,0.0,267.25,333.0,3.0,V
179.471,stepper_y,,20,,0,0.0,267.25,333.0,3.0,V
179.471,stepper_y1,,20,,0,0.0,267.25,333.0,3.0,V
179.491,stepper_x,,20,,0,0.0,267.25,333.0,3.0,V
179.491,stepper_y,,20,,0,0.0,267.25,333.0,3.0,V
179.491,stepper_y1,,20,,0,0.0,267.25,333.0,3.0,V
179.511,stepper_x,,20,,0,0.0,267.25,333.0,3.0,V
179.511,stepper_y,,20,,0,0.0,267.25,333.0,3.0,V
179.511,stepper_y1,,20,,0,0.0,267.25,333.0,3.0,V
179.531,stepper_x,,20,,0,0.0,267.25,333.0,3.0,V
179.531,stepper_y,,20,,0,0.0,267.25,333.0,3.0,V
179.531,stepper_y1,,20,,0,0.0,267.25,333.0,3.0,V
179.552,stepper_x,,20,,0,0.0,267.25,333.0,3.0,V
179.552,stepper_y,,20,,0,0.0,267.25,333.0,3.0,V
179.552,stepper_y1,,20,,0,0.0,267.25,333.0,3.0,V
179.572,stepper_x,,20,,0,0.0,267.25,333.0,3.0,V
179.572,stepper_y,,20,,0,0.0,267.25,333.0,3.0,V
179.572,stepper_y1,,20,,0,0.0,267.25,333.0,3.0,V
179.592,stepper_x,,20,,0,0.0,267.25,333.0,3.0,V
179.592,stepper_y,,20,,0,0.0,267.25,333.0,3.0,V
179.592,stepper_y1,,20,,0,0.0,267.25,333.0,3.0,V
179.612,stepper_x,,20,,0,0.0,267.25,333.0,3.0,V
179.612,stepper_y,,20,,0,0.0,267.25,333.0,3.0,V
179.612,stepper_y1,,20,,0,0.0,267.25,333.0,3.0,V
179.632,stepper_x,,20,,0,0.0,267.25,333.0,3.0,V
179.632,stepper_y,,20,,0,0.0,267.25,333.0,3.0,V
179.632,stepper_y1,,20,,0,0.0,267.25,333.0,3.0,V
179.653,stepper_x,,20,,0,0.0,267.25,333.0,3.0,V
179.653,stepper_y,,20,,0,0.0,267.25,333.0,3.0,V
179.653,stepper_y1,,20,,0,0.0,267.25,333.0,3.0,V
179.673,stepper_x,,20,,0,0.0,267.25,333.0,3.0,V
179.673,stepper_y,,20,,0,0.0,267.25,333.0,3.0,V
179.673,stepper_y1,,20,,0,0.0,267.25,333.0,3.0,V
179.693,stepper_x,,20,,0,0.0,267.25,333.0,3.0,V
179.693,stepper_y,,20,,0,0.0,267.25,333.0,3.0,V
179.693,stepper_y1,,20,,0,0.0,267.25,333.0,3.0,V
179.713,stepper_x,,20,,0,0.0,267.25,333.0,3.0,V
179.713,stepper_y,,20,,0,0.0,267.25,333.0,3.0,V
179.713,stepper_y1,,20,,0,0.0,267.25,333.0,3.0,V
179.733,stepper_x,,20,,0,0.0,267.25,333.0,3.0,V
179.733,stepper_y,,20,,0,0.0,267.25,333.0,3.0,V
179.733,stepper_y1,,20,,0,0.0,267.25,333.0,3.0,V
179.754,stepper_x,,20,,0,0.0,267.25,333.0,3.0,V
179.754,stepper_y,,20,,0,0.0,267.25,333.0,3.0,V
179.754,stepper_y1,,20,,0,0.0,267.25,333.0,3.0,V
179.774,stepper_x,,20,,0,0.0,267.25,333.0,3.0,V
179.774,stepper_y,,20,,0,0.0,267.25,333.0,3.0,V
179.774,stepper_y1,,20,,0,0.0,267.25,333.0,3.0,V
179.794,stepper_x,,20,,0,0.0,267.25,333.0,3.0,V
179.794,stepper_y,,20,,0,0.0,267.25,333.0,3.0,V
179.794,stepper_y1,,20,,0,0.0,267.25,333.0,3.0,V
179.814,stepper_x,,20,,0,0.0,267.25,333.0,3.0,V
179.814,stepper_y,,20,,0,0.0,267.25,333.0,3.0,V
179.814,stepper_y1,,20,,0,0.0,267.25,333.0,3.0,V
179.834,stepper_x,,20,,0,0.0,267.25,333.0,3.0,V
179.834,stepper_y,,20,,0,0.0,267.25,333.0,3.0,V
179.834,stepper_y1,,20,,0,0.0,267.25,333.0,3.0,V
179.855,stepper_x,,20,,0,0.0,267.25,333.0,3.0,V
179.855,stepper_y,,20,,0,0.0,267.25,333.0,3.0,V
179.855,stepper_y1,,20,,0,0.0,267.25,333.0,3.0,V
179.876,stepper_x,,20,,0,0.0,267.25,333.0,3.0,V
179.876,stepper_y,,20,,0,0.0,267.25,333.0,3.0,V
179.876,stepper_y1,,20,,0,0.0,267.25,333.0,3.0,V
179.896,stepper_x,,20,,0,0.0,267.25,333.0,3.0,V
179.896,stepper_y,,20,,0,0.0,267.25,333.0,3.0,V
179.896,stepper_y1,,20,,0,0.0,267.25,333.0,3.0,V
179.916,stepper_x,,20,,0,0.0,267.25,333.0,3.0,V
179.916,stepper_y,,20,,0,0.0,267.25,333.0,3.0,V
179.916,stepper_y1,,20,,0,0.0,267.25,333.0,3.0,V
179.937,stepper_x,,20,,0,0.0,267.25,333.0,3.0,V
179.937,stepper_y,,20,,0,0.0,267.25,333.0,3.0,V
179.937,stepper_y1,,20,,0,0.0,267.25,333.0,3.0,V
179.957,stepper_x,,20,,0,0.0,267.25,333.0,3.0,V
179.957,stepper_y,,20,,0,0.0,267.25,333.0,3.0,V
179.957,stepper_y1,,20,,0,0.0,267.25,333.0,3.0,V
179.978,stepper_x,,20,,0,0.0,267.25,333.0,3.0,V
179.978,stepper_y,,20,,0,0.0,267.25,333.0,3.0,V
179.978,stepper_y1,,20,,0,0.0,267.25,333.0,3.0,V
179.998,stepper_x,,20,,0,0.0,267.25,333.0,3.0,V
179.998,stepper_y,,20,,0,0.0,267.25,333.0,3.0,V
179.998,stepper_y1,,20,,0,0.0,267.25,333.0,3.0,V
180.019,stepper_x,,20,,0,0.0,267.25,333.0,3.0,V
180.019,stepper_y,,20,,0,0.0,267.25,333.0,3.0,V
180.019,stepper_y1,,20,,0,0.0,267.25,333.0,3.0,V
180.04,stepper_x,,20,,0,0.0,267.25,333.0,3.0,V
180.04,stepper_y,,20,,0,0.0,267.25,333.0,3.0,V
180.04,stepper_y1,,20,,0,0.0,267.25,333.0,3.0,V
180.06,stepper_x,,20,,0,0.0,267.25,333.0,3.0,V
180.06,stepper_y,,20,,0,0.0,267.25,333.0,3.0,V
180.06,stepper_y1,,20,,0,0.0,267.25,333.0,3.0,V
180.08,stepper_x,,20,,0,0.0,267.25,333.0,3.0,V
180.08,stepper_y,,20,,0,0.0,267.25,333.0,3.0,V
180.08,stepper_y1,,20,,0,0.0,267.25,333.0,3.0,V
180.101,stepper_x,,20,,0,0.0,267.25,333.0,3.0,V
180.101,stepper_y,,20,,0,0.0,267.25,333.0,3.0,V
180.101,stepper_y1,,20,,0,0.0,267.25,333.0,3.0,V
180.121,stepper_x,,20,,0,0.0,267.25,333.0,3.0,V
180.121,stepper_y,,20,,0,0.0,267.25,333.0,3.0,V
180.121,stepper_y1,,20,,0,0.0,267.25,333.0,3.0,V
180.142,stepper_x,,20,,0,0.0,267.25,333.0,3.0,V
180.142,stepper_y,,20,,0,0.0,267.25,333.0,3.0,V
180.142,stepper_y1,,20,,0,0.0,267.25,333.0,3.0,V
180.162,stepper_x,,20,,0,0.0,267.25,333.0,3.0,V
180.162,stepper_y,,20,,0,0.0,267.25,333.0,3.0,V
180.162,stepper_y1,,20,,0,0.0,267.25,333.0,3.0,V
180.182,stepper_x,,20,,0,0.0,267.25,333.0,3.0,V
180.182,stepper_y,,20,,0,0.0,267.25,333.0,3.0,V
180.182,stepper_y1,,20,,0,0.0,267.25,333.0,3.0,V
180.202,stepper_x,,20,,0,0.0,267.25,333.0,3.0,V
180.202,stepper_y,,20,,0,0.0,267.25,333.0,3.0,V
180.202,stepper_y1,,20,,0,0.0,267.25,333.0,3.0,V
180.222,stepper_x,,20,,0,0.0,267.25,333.0,3.0,V
180.222,stepper_y,,20,,0,0.0,267.25,333.0,3.0,V
180.222,stepper_y1,,20,,0,0.0,267.25,333.0,3.0,V
180.243,stepper_x,,20,,0,0.0,267.25,333.0,3.0,V
180.243,stepper_y,,20,,0,0.0,267.25,333.0,3.0,V
180.243,stepper_y1,,20,,0,0.0,267.25,333.0,3.0,V
180.263,stepper_x,,20,,0,0.0,267.25,333.0,3.0,V
180.263,stepper_y,,20,,0,0.0,267.25,333.0,3.0,V
180.263,stepper_y1,,20,,0,0.0,267.25,333.0,3.0,V
180.283,stepper_x,,20,,0,0.0,267.25,333.0,3.0,V
180.283,stepper_y,,20,,0,0.0,267.25,333.0,3.0,V
180.283,stepper_y1,,20,,0,0.0,267.25,333.0,3.0,V
180.303,stepper_x,,20,,0,0.0,267.25,333.0,3.0,V
180.303,stepper_y,,20,,0,0.0,267.25,333.0,3.0,V
180.303,stepper_y1,,20,,0,0.0,267.25,333.0,3.0,V
180.323,stepper_x,,20,,0,0.0,267.25,333.0,3.0,V
180.323,stepper_y,,20,,0,0.0,267.25,333.0,3.0,V
180.323,stepper_y1,,20,,0,0.0,267.25,333.0,3.0,V
180.344,stepper_x,,20,,0,0.0,267.25,333.0,3.0,V
180.344,stepper_y,,20,,0,0.0,267.25,333.0,3.0,V
180.344,stepper_y1,,20,,0,0.0,267.25,333.0,3.0,V
180.364,stepper_x,,20,,0,0.0,267.25,333.0,3.0,V
180.364,stepper_y,,20,,0,0.0,267.25,333.0,3.0,V
180.364,stepper_y1,,20,,0,0.0,267.25,333.0,3.0,V
180.384,stepper_x,,20,,0,0.0,267.25,333.0,3.0,V
180.384,stepper_y,,20,,0,0.0,267.25,333.0,3.0,V
180.384,stepper_y1,,20,,0,0.0,267.25,333.0,3.0,V
180.404,stepper_x,,20,,0,0.0,267.25,333.0,3.0,V
180.404,stepper_y,,20,,0,0.0,267.25,333.0,3.0,V
180.404,stepper_y1,,20,,0,0.0,267.25,333.0,3.0,V
180.424,stepper_x,,20,,0,0.0,267.25,333.0,3.0,V
180.424,stepper_y,,20,,0,0.0,267.25,333.0,3.0,V
180.424,stepper_y1,,20,,0,0.0,267.25,333.0,3.0,V
180.445,stepper_x,,20,,0,0.0,267.25,333.0,3.0,V
180.445,stepper_y,,20,,0,0.0,267.25,333.0,3.0,V
180.445,stepper_y1,,20,,0,0.0,267.25,333.0,3.0,V
180.465,stepper_x,,20,,0,0.0,267.25,333.0,3.0,V
180.465,stepper_y,,20,,0,0.0,267.25,333.0,3.0,V
180.465,stepper_y1,,20,,0,0.0,267.25,333.0,3.0,V
180.485,stepper_x,,20,,0,0.0,267.25,333.0,3.0,V
180.485,stepper_y,,20,,0,0.0,267.25,333.0,3.0,V
180.485,stepper_y1,,20,,0,0.0,267.25,333.0,3.0,V
180.505,stepper_x,,20,,0,0.0,267.25,333.0,3.0,V
180.505,stepper_y,,20,,0,0.0,267.25,333.0,3.0,V
180.505,stepper_y1,,20,,0,0.0,267.25,333.0,3.0,V
180.525,stepper_x,,20,,0,0.0,267.25,333.0,3.0,V
180.525,stepper_y,,20,,0,0.0,267.25,333.0,3.0,V
180.525,stepper_y1,,20,,0,0.0,267.25,333.0,3.0,V
180.546,stepper_x,,20,,0,0.0,267.25,333.0,3.0,V
180.546,stepper_y,,20,,0,0.0,267.25,333.0,3.0,V
180.546,stepper_y1,,20,,0,0.0,267.25,333.0,3.0,V
180.566,stepper_x,,20,,0,0.0,267.25,333.0,3.0,V
180.566,stepper_y,,20,,0,0.0,267.25,333.0,3.0,V
180.566,stepper_y1,,20,,0,0.0,267.25,333.0,3.0,V
180.586,stepper_x,,20,,0,0.0,267.25,333.0,3.0,V
180.586,stepper_y,,20,,0,0.0,267.25,333.0,3.0,V
180.586,stepper_y1,,20,,0,0.0,267.25,333.0,3.0,V
180.606,stepper_x,,20,,0,0.0,267.25,333.0,3.0,V
180.606,stepper_y,,20,,0,0.0,267.25,333.0,3.0,V
180.606,stepper_y1,,20,,0,0.0,267.25,333.0,3.0,V
180.626,stepper_x,,20,,0,0.0,267.25,333.0,3.0,V
180.626,stepper_y,,20,,0,0.0,267.25,333.0,3.0,V
180.626,stepper_y1,,20,,0,0.0,267.25,333.0,3.0,V
180.647,stepper_x,,20,,0,0.0,267.25,333.0,3.0,V
180.647,stepper_y,,20,,0,0.0,267.25,333.0,3.0,V
180.647,stepper_y1,,20,,0,0.0,267.25,333.0,3.0,V
180.667,stepper_x,,20,,0,0.0,267.25,333.0,3.0,V
180.667,stepper_y,,20,,0,0.0,267.25,333.0,3.0,V
180.667,stepper_y1,,20,,0,0.0,267.25,333.0,3.0,V
180.687,stepper_x,,20,,0,0.0,267.25,333.0,3.0,V
180.687,stepper_y,,20,,0,0.0,267.25,333.0,3.0,V
180.687,stepper_y1,,20,,0,0.0,267.25,333.0,3.0,V
180.707,stepper_x,,20,,0,0.0,267.25,333.0,3.0,V
180.707,stepper_y,,20,,0,0.0,267.25,333.0,3.0,V
180.707,stepper_y1,,20,,0,0.0,267.25,333.0,3.0,V
180.727,stepper_x,,20,,0,0.0,267.25,333.0,3.0,V
180.727,stepper_y,,20,,0,0.0,267.25,333.0,3.0,V
180.727,stepper_y1,,20,,0,0.0,267.25,333.0,3.0,V
180.748,stepper_x,,20,,0,0.0,267.25,333.0,3.0,V
180.748,stepper_y,,20,,0,0.0,267.25,333.0,3.0,V
180.748,stepper_y1,,20,,0,0.0,267.25,333.0,3.0,V
180.768,stepper_x,,20,,0,0.0,267.25,333.0,3.0,V
180.768,stepper_y,,20,,0,0.0,267.25,333.0,3.0,V
180.768,stepper_y1,,20,,0,0.0,267.25,333.0,3.0,V
180.788,stepper_x,,20,,0,0.0,267.25,333.0,3.0,V
180.788,stepper_y,,20,,0,0.0,267.25,333.0,3.0,V
180.788,stepper_y1,,20,,0,0.0,267.25,333.0,3.0,V
180.808,stepper_x,,20,,0,0.0,267.25,333.0,3.0,V
180.808,stepper_y,,20,,0,0.0,267.25,333.0,3.0,V
180.808,stepper_y1,,20,,0,0.0,267.25,333.0,3.0,V
180.828,stepper_x,,20,,0,0.0,267.25,333.0,3.0,V
180.828,stepper_y,,20,,0,0.0,267.25,333.0,3.0,V
180.828,stepper_y1,,20,,0,0.0,267.25,333.0,3.0,V
180.849,stepper_x,,20,,0,0.0,267.25,333.0,3.0,V
180.849,stepper_y,,20,,0,0.0,267.25,333.0,3.0,V
180.849,stepper_y1,,20,,0,0.0,267.25,333.0,3.0,V
180.869,stepper_x,,20,,0,0.0,267.25,333.0,3.0,V
180.869,stepper_y,,20,,0,0.0,267.25,333.0,3.0,V
180.869,stepper_y1,,20,,0,0.0,267.25,333.0,3.0,V
180.889,stepper_x,,20,,0,0.0,267.25,333.0,3.0,V
180.889,stepper_y,,20,,0,0.0,267.25,333.0,3.0,V
180.889,stepper_y1,,20,,0,0.0,267.25,333.0,3.0,V
180.91,stepper_x,,20,,0,0.0,267.25,333.0,3.0,V
180.91,stepper_y,,20,,0,0.0,267.25,333.0,3.0,V
180.91,stepper_y1,,20,,0,0.0,267.25,333.0,3.0,V
180.93,stepper_x,,20,,0,0.0,267.25,333.0,3.0,V
180.93,stepper_y,,20,,0,0.0,267.25,333.0,3.0,V
180.93,stepper_y1,,20,,0,0.0,267.25,333.0,3.0,V
180.95,stepper_x,,20,,0,0.0,267.25,333.0,3.0,V
180.95,stepper_y,,20,,0,0.0,267.25,333.0,3.0,V
180.95,stepper_y1,,20,,0,0.0,267.25,333.0,3.0,V
180.97,stepper_x,,20,,0,0.0,267.25,333.0,3.0,V
180.97,stepper_y,,20,,0,0.0,267.25,333.0,3.0,V
180.97,stepper_y1,,20,,0,0.0,267.25,333.0,3.0,V
180.99,stepper_x,,20,,0,0.0,267.25,333.0,3.0,V
180.99,stepper_y,,20,,0,0.0,267.25,333.0,3.0,V
180.99,stepper_y1,,20,,0,0.0,267.25,333.0,3.0,V
181.011,stepper_x,,20,,0,0.0,267.25,333.0,3.0,V
181.011,stepper_y,,20,,0,0.0,267.25,333.0,3.0,V
181.011,stepper_y1,,20,,0,0.0,267.25,333.0,3.0,V
181.031,stepper_x,,20,,0,0.0,267.25,333.0,3.0,V
181.031,stepper_y,,20,,0,0.0,267.25,333.0,3.0,V
181.031,stepper_y1,,20,,0,0.0,267.25,333.0,3.0,V
181.051,stepper_x,,20,,0,0.0,267.25,333.0,3.0,V
181.051,stepper_y,,20,,0,0.0,267.25,333.0,3.0,V
181.051,stepper_y1,,20,,0,0.0,267.25,333.0,3.0,V
181.072,stepper_x,,20,,0,0.0,267.25,333.0,3.0,V
181.072,stepper_y,,20,,0,0.0,267.25,333.0,3.0,V
181.072,stepper_y1,,20,,0,0.0,267.25,333.0,3.0,V
181.092,stepper_x,,20,,0,0.0,267.25,333.0,3.0,V
181.092,stepper_y,,20,,0,0.0,267.25,333.0,3.0,V
181.092,stepper_y1,,20,,0,0.0,267.25,333.0,3.0,V
181.112,stepper_x,,20,,0,0.0,267.25,333.0,3.0,V
181.112,stepper_y,,20,,0,0.0,267.25,333.0,3.0,V
181.112,stepper_y1,,20,,0,0.0,267.25,333.0,3.0,V
181.132,stepper_x,,20,,0,0.0,267.25,333.0,3.0,V
181.132,stepper_y,,20,,0,0.0,267.25,333.0,3.0,V
181.132,stepper_y1,,20,,0,0.0,267.25,333.0,3.0,V
181.153,stepper_x,,20,,0,0.0,267.25,333.0,3.0,V
181.153,stepper_y,,20,,0,0.0,267.25,333.0,3.0,V
181.153,stepper_y1,,20,,0,0.0,267.25,333.0,3.0,V
181.173,stepper_x,,20,,0,0.0,267.25,333.0,3.0,V
181.173,stepper_y,,20,,0,0.0,267.25,333.0,3.0,V
181.173,stepper_y1,,20,,0,0.0,267.25,333.0,3.0,V
181.193,stepper_x,,20,,0,0.0,267.25,333.0,3.0,V
181.193,stepper_y,,20,,0,0.0,267.25,333.0,3.0,V
181.193,stepper_y1,,20,,0,0.0,267.25,333.0,3.0,V
181.213,stepper_x,,20,,0,0.0,267.25,333.0,3.0,V
181.213,stepper_y,,20,,0,0.0,267.25,333.0,3.0,V
181.213,stepper_y1,,20,,0,0.0,267.25,333.0,3.0,V
181.233,stepper_x,,20,,0,0.0,267.25,333.0,3.0,V
181.233,stepper_y,,20,,0,0.0,267.25,333.0,3.0,V
181.233,stepper_y1,,20,,0,0.0,267.25,333.0,3.0,V
181.254,stepper_x,,20,,0,0.0,267.25,333.0,3.0,V
181.254,stepper_y,,20,,0,0.0,267.25,333.0,3.0,V
181.254,stepper_y1,,20,,0,0.0,267.25,333.0,3.0,V
181.274,stepper_x,,20,,0,0.0,267.25,333.0,3.0,V
181.274,stepper_y,,20,,0,0.0,267.25,333.0,3.0,V
181.274,stepper_y1,,20,,0,0.0,267.25,333.0,3.0,V
181.294,stepper_x,,20,,0,0.0,267.25,333.0,3.0,V
181.294,stepper_y,,20,,0,0.0,267.25,333.0,3.0,V
181.294,stepper_y1,,20,,0,0.0,267.25,333.0,3.0,V
181.315,stepper_x,,20,,0,0.0,267.25,333.0,3.0,V
181.315,stepper_y,,20,,0,0.0,267.25,333.0,3.0,V
181.315,stepper_y1,,20,,0,0.0,267.25,333.0,3.0,V
181.335,stepper_x,,20,,0,0.0,267.25,333.0,3.0,V
181.335,stepper_y,,20,,0,0.0,267.25,333.0,3.0,V
181.335,stepper_y1,,20,,0,0.0,267.25,333.0,3.0,V
181.355,stepper_x,,20,,0,0.0,267.25,333.0,3.0,V
181.355,stepper_y,,20,,0,0.0,267.25,333.0,3.0,V
181.355,stepper_y1,,20,,0,0.0,267.25,333.0,3.0,V
181.375,stepper_x,,20,,0,0.0,267.25,333.0,3.0,V
181.375,stepper_y,,20,,0,0.0,267.25,333.0,3.0,V
181.375,stepper_y1,,20,,0,0.0,267.25,333.0,3.0,V
181.395,stepper_x,,20,,0,0.0,267.25,333.0,3.0,V
181.395,stepper_y,,20,,0,0.0,267.25,333.0,3.0,V
181.395,stepper_y1,,20,,0,0.0,267.25,333.0,3.0,V
181.415,stepper_x,,20,,0,0.0,267.25,333.0,3.0,V
181.415,stepper_y,,20,,0,0.0,267.25,333.0,3.0,V
181.415,stepper_y1,,20,,0,0.0,267.25,333.0,3.0,V
181.436,stepper_x,,20,,0,0.0,267.25,333.0,3.0,V
181.436,stepper_y,,20,,0,0.0,267.25,333.0,3.0,V
181.436,stepper_y1,,20,,0,0.0,267.25,333.0,3.0,V
181.456,stepper_x,,20,,0,0.0,267.25,333.0,3.0,V
181.456,stepper_y,,20,,0,0.0,267.25,333.0,3.0,V
181.456,stepper_y1,,20,,0,0.0,267.25,333.0,3.0,V
181.476,stepper_x,,20,,0,0.0,267.25,333.0,3.0,V
181.476,stepper_y,,20,,0,0.0,267.25,333.0,3.0,V
181.476,stepper_y1,,20,,0,0.0,267.25,333.0,3.0,V
181.496,stepper_x,,20,,0,0.0,267.25,333.0,3.0,V
181.496,stepper_y,,20,,0,0.0,267.25,333.0,3.0,V
181.496,stepper_y1,,20,,0,0.0,267.25,333.0,3.0,V
181.516,stepper_x,,20,,0,0.0,267.25,333.0,3.0,V
181.516,stepper_y,,20,,0,0.0,267.25,333.0,3.0,V
181.516,stepper_y1,,20,,0,0.0,267.25,333.0,3.0,V
181.537,stepper_x,,20,,0,0.0,267.25,333.0,3.0,V
181.537,stepper_y,,20,,0,0.0,267.25,333.0,3.0,V
181.537,stepper_y1,,20,,0,0.0,267.25,333.0,3.0,V
181.557,stepper_x,,20,,0,0.0,267.25,333.0,3.0,V
181.557,stepper_y,,20,,0,0.0,267.25,333.0,3.0,V
181.557,stepper_y1,,20,,0,0.0,267.25,333.0,3.0,V
181.577,stepper_x,,20,,0,0.0,267.25,333.0,3.0,V
181.577,stepper_y,,20,,0,0.0,267.25,333.0,3.0,V
181.577,stepper_y1,,20,,0,0.0,267.25,333.0,3.0,V
181.597,stepper_x,,20,,0,0.0,267.25,333.0,3.0,V
181.597,stepper_y,,20,,0,0.0,267.25,333.0,3.0,V
181.597,stepper_y1,,20,,0,0.0,267.25,333.0,3.0,V
181.617,stepper_x,,20,,0,0.0,267.25,333.0,3.0,V
181.617,stepper_y,,20,,0,0.0,267.25,333.0,3.0,V
181.617,stepper_y1,,20,,0,0.0,267.25,333.0,3.0,V
181.638,stepper_x,,20,,0,0.0,267.25,333.0,3.0,V
181.638,stepper_y,,20,,0,0.0,267.25,333.0,3.0,V
181.638,stepper_y1,,20,,0,0.0,267.25,333.0,3.0,V
181.658,stepper_x,,20,,0,0.0,267.25,333.0,3.0,V
181.658,stepper_y,,20,,0,0.0,267.25,333.0,3.0,V
181.658,stepper_y1,,20,,0,0.0,267.25,333.0,3.0,V
181.678,stepper_x,,20,,0,0.0,267.25,333.0,3.0,V
181.678,stepper_y,,20,,0,0.0,267.25,333.0,3.0,V
181.678,stepper_y1,,20,,0,0.0,267.25,333.0,3.0,V
181.698,stepper_x,,20,,0,0.0,267.25,333.0,3.0,V
181.698,stepper_y,,20,,0,0.0,267.25,333.0,3.0,V
181.698,stepper_y1,,20,,0,0.0,267.25,333.0,3.0,V
181.718,stepper_x,,20,,0,0.0,267.25,333.0,3.0,V
181.718,stepper_y,,20,,0,0.0,267.25,333.0,3.0,V
181.718,stepper_y1,,20,,0,0.0,267.25,333.0,3.0,V
181.739,stepper_x,,20,,0,0.0,267.25,333.0,3.0,V
181.739,stepper_y,,20,,0,0.0,267.25,333.0,3.0,V
181.739,stepper_y1,,20,,0,0.0,267.25,333.0,3.0,V
181.759,stepper_x,,20,,0,0.0,267.25,333.0,3.0,V
181.759,stepper_y,,20,,0,0.0,267.25,333.0,3.0,V
181.759,stepper_y1,,20,,0,0.0,267.25,333.0,3.0,V
181.779,stepper_x,,20,,0,0.0,267.25,333.0,3.0,V
181.779,stepper_y,,20,,0,0.0,267.25,333.0,3.0,V
181.779,stepper_y1,,20,,0,0.0,267.25,333.0,3.0,V
181.8,stepper_x,,20,,0,0.0,267.25,333.0,3.0,V
181.8,stepper_y,,20,,0,0.0,267.25,333.0,3.0,V
181.8,stepper_y1,,20,,0,0.0,267.25,333.0,3.0,V
181.82,stepper_x,,20,,0,0.0,267.25,333.0,3.0,V
181.82,stepper_y,,20,,0,0.0,267.25,333.0,3.0,V
181.82,stepper_y1,,20,,0,0.0,267.25,333.0,3.0,V
181.841,stepper_x,,20,,0,0.0,267.25,333.0,3.0,V
181.841,stepper_y,,20,,0,0.0,267.25,333.0,3.0,V
181.841,stepper_y1,,20,,0,0.0,267.25,333.0,3.0,V
181.861,stepper_x,,20,,0,0.0,267.25,333.0,3.0,V
181.861,stepper_y,,20,,0,0.0,267.25,333.0,3.0,V
181.861,stepper_y1,,20,,0,0.0,267.25,333.0,3.0,V
181.881,stepper_x,,20,,0,0.0,267.25,333.0,3.0,V
181.881,stepper_y,,20,,0,0.0,267.25,333.0,3.0,V
181.881,stepper_y1,,20,,0,0.0,267.25,333.0,3.0,V
181.901,stepper_x,,20,,0,0.0,267.25,333.0,3.0,V
181.901,stepper_y,,20,,0,0.0,267.25,333.0,3.0,V
181.901,stepper_y1,,20,,0,0.0,267.25,333.0,3.0,V
181.922,stepper_x,,20,,0,0.0,267.25,333.0,3.0,V
181.922,stepper_y,,20,,0,0.0,267.25,333.0,3.0,V
181.922,stepper_y1,,20,,0,0.0,267.25,333.0,3.0,V
181.942,stepper_x,,20,,0,0.0,267.25,333.0,3.0,V
181.942,stepper_y,,20,,0,0.0,267.25,333.0,3.0,V
181.942,stepper_y1,,20,,0,0.0,267.25,333.0,3.0,V
181.962,stepper_x,,20,,0,0.0,267.25,333.0,3.0,V
181.962,stepper_y,,20,,0,0.0,267.25,333.0,3.0,V
181.962,stepper_y1,,20,,0,0.0,267.25,333.0,3.0,V
181.982,stepper_x,,20,,0,0.0,267.25,333.0,3.0,V
181.982,stepper_y,,20,,0,0.0,267.25,333.0,3.0,V
181.982,stepper_y1,,20,,0,0.0,267.25,333.0,3.0,V
182.002,stepper_x,,20,,0,0.0,267.25,333.0,3.0,V
182.002,stepper_y,,20,,0,0.0,267.25,333.0,3.0,V
182.002,stepper_y1,,20,,0,0.0,267.25,333.0,3.0,V
182.023,stepper_x,,20,,0,0.0,267.25,333.0,3.0,V
182.023,stepper_y,,20,,0,0.0,267.25,333.0,3.0,V
182.023,stepper_y1,,20,,0,0.0,267.25,333.0,3.0,V
182.044,stepper_x,,20,,0,0.0,267.25,333.0,3.0,V
182.044,stepper_y,,20,,0,0.0,267.25,333.0,3.0,V
182.044,stepper_y1,,20,,0,0.0,267.25,333.0,3.0,V
182.064,stepper_x,,20,,0,0.0,267.25,333.0,3.0,V
182.064,stepper_y,,20,,0,0.0,267.25,333.0,3.0,V
182.064,stepper_y1,,20,,0,0.0,267.25,333.0,3.0,V
182.084,stepper_x,,20,,0,0.0,267.25,333.0,3.0,V
182.084,stepper_y,,20,,0,0.0,267.25,333.0,3.0,V
182.084,stepper_y1,,20,,0,0.0,267.25,333.0,3.0,V
182.104,stepper_x,,20,,0,0.0,267.25,333.0,3.0,V
182.104,stepper_y,,20,,0,0.0,267.25,333.0,3.0,V
182.104,stepper_y1,,20,,0,0.0,267.25,333.0,3.0,V
182.124,stepper_x,,20,,0,0.0,267.25,333.0,3.0,V
182.124,stepper_y,,20,,0,0.0,267.25,333.0,3.0,V
182.124,stepper_y1,,20,,0,0.0,267.25,333.0,3.0,V
182.145,stepper_x,,20,,0,0.0,267.25,333.0,3.0,V
182.145,stepper_y,,20,,0,0.0,267.25,333.0,3.0,V
182.145,stepper_y1,,20,,0,0.0,267.25,333.0,3.0,V
182.165,stepper_x,,20,,0,0.0,267.25,333.0,3.0,V
182.165,stepper_y,,20,,0,0.0,267.25,333.0,3.0,V
182.165,stepper_y1,,20,,0,0.0,267.25,333.0,3.0,V
182.186,stepper_x,,20,,0,0.0,267.25,333.0,3.0,V
182.186,stepper_y,,20,,0,0.0,267.25,333.0,3.0,V
182.186,stepper_y1,,20,,0,0.0,267.25,333.0,3.0,V
182.206,stepper_x,,20,,0,0.0,267.25,333.0,3.0,V
182.206,stepper_y,,20,,0,0.0,267.25,333.0,3.0,V
182.206,stepper_y1,,20,,0,0.0,267.25,333.0,3.0,V
182.226,stepper_x,,20,,0,0.0,267.25,333.0,3.0,V
182.226,stepper_y,,20,,0,0.0,267.25,333.0,3.0,V
182.226,stepper_y1,,20,,0,0.0,267.25,333.0,3.0,V
182.246,stepper_x,,20,,0,0.0,267.25,333.0,3.0,V
182.246,stepper_y,,20,,0,0.0,267.25,333.0,3.0,V
182.246,stepper_y1,,20,,0,0.0,267.25,333.0,3.0,V
182.266,stepper_x,,20,,0,0.0,267.25,333.0,3.0,V
182.266,stepper_y,,20,,0,0.0,267.25,333.0,3.0,V
182.266,stepper_y1,,20,,0,0.0,267.25,333.0,3.0,V
182.287,stepper_x,,20,,0,0.0,267.25,333.0,3.0,V
182.287,stepper_y,,20,,0,0.0,267.25,333.0,3.0,V
182.287,stepper_y1,,20,,0,0.0,267.25,333.0,3.0,V
182.307,stepper_x,,20,,0,0.0,267.25,333.0,3.0,V
182.307,stepper_y,,20,,0,0.0,267.25,333.0,3.0,V
182.307,stepper_y1,,20,,0,0.0,267.25,333.0,3.0,V
182.327,stepper_x,,20,,0,0.0,267.25,333.0,3.0,V
182.327,stepper_y,,20,,0,0.0,267.25,333.0,3.0,V
182.327,stepper_y1,,20,,0,0.0,267.25,333.0,3.0,V
182.347,stepper_x,,20,,0,0.0,267.25,333.0,3.0,V
182.347,stepper_y,,20,,0,0.0,267.25,333.0,3.0,V
182.347,stepper_y1,,20,,0,0.0,267.25,333.0,3.0,V
182.367,stepper_x,,20,,0,0.0,267.25,333.0,3.0,V
182.367,stepper_y,,20,,0,0.0,267.25,333.0,3.0,V
182.367,stepper_y1,,20,,0,0.0,267.25,333.0,3.0,V
182.388,stepper_x,,20,,0,0.0,267.25,333.0,3.0,V
182.388,stepper_y,,20,,0,0.0,267.25,333.0,3.0,V
182.388,stepper_y1,,20,,0,0.0,267.25,333.0,3.0,V
182.408,stepper_x,,20,,0,0.0,267.25,333.0,3.0,V
182.408,stepper_y,,20,,0,0.0,267.25,333.0,3.0,V
182.408,stepper_y1,,20,,0,0.0,267.25,333.0,3.0,V
182.428,stepper_x,,20,,0,0.0,267.25,333.0,3.0,V
182.428,stepper_y,,20,,0,0.0,267.25,333.0,3.0,V
182.428,stepper_y1,,20,,0,0.0,267.25,333.0,3.0,V
182.448,stepper_x,,20,,0,0.0,267.25,333.0,3.0,V
182.448,stepper_y,,20,,0,0.0,267.25,333.0,3.0,V
182.448,stepper_y1,,20,,0,0.0,267.25,333.0,3.0,V
182.468,stepper_x,,20,,0,0.0,267.25,333.0,3.0,V
182.468,stepper_y,,20,,0,0.0,267.25,333.0,3.0,V
182.468,stepper_y1,,20,,0,0.0,267.25,333.0,3.0,V
182.489,stepper_x,,20,,0,0.0,267.25,333.0,3.0,V
182.489,stepper_y,,20,,0,0.0,267.25,333.0,3.0,V
182.489,stepper_y1,,20,,0,0.0,267.25,333.0,3.0,V
182.509,stepper_x,,20,,0,0.0,267.25,333.0,3.0,V
182.509,stepper_y,,20,,0,0.0,267.25,333.0,3.0,V
182.509,stepper_y1,,20,,0,0.0,267.25,333.0,3.0,V
182.529,stepper_x,,20,,0,0.0,267.25,333.0,3.0,V
182.529,stepper_y,,20,,0,0.0,267.25,333.0,3.0,V
182.529,stepper_y1,,20,,0,0.0,267.25,333.0,3.0,V
182.549,stepper_x,,20,,0,0.0,267.25,333.0,3.0,V
182.549,stepper_y,,20,,0,0.0,267.25,333.0,3.0,V
182.549,stepper_y1,,20,,0,0.0,267.25,333.0,3.0,V
182.57,stepper_x,,20,,0,0.0,267.25,333.0,3.0,V
182.57,stepper_y,,20,,0,0.0,267.25,333.0,3.0,V
182.57,stepper_y1,,20,,0,0.0,267.25,333.0,3.0,V
182.59,stepper_x,,20,,0,0.0,267.25,333.0,3.0,V
182.59,stepper_y,,20,,0,0.0,267.25,333.0,3.0,V
182.59,stepper_y1,,20,,0,0.0,267.25,333.0,3.0,V
182.61,stepper_x,,20,,0,0.0,267.25,333.0,3.0,V
182.61,stepper_y,,20,,0,0.0,267.25,333.0,3.0,V
182.61,stepper_y1,,20,,0,0.0,267.25,333.0,3.0,V
182.63,stepper_x,,20,,0,0.0,267.25,333.0,3.0,V
182.63,stepper_y,,20,,0,0.0,267.25,333.0,3.0,V
182.63,stepper_y1,,20,,0,0.0,267.25,333.0,3.0,V
182.65,stepper_x,,20,,0,0.0,267.25,333.0,3.0,V
182.65,stepper_y,,20,,0,0.0,267.25,333.0,3.0,V
182.65,stepper_y1,,20,,0,0.0,267.25,333.0,3.0,V
182.67,stepper_x,,20,,0,0.0,267.25,333.0,3.0,V
182.67,stepper_y,,20,,0,0.0,267.25,333.0,3.0,V
182.67,stepper_y1,,20,,0,0.0,267.25,333.0,3.0,V
182.691,stepper_x,,20,,0,0.0,267.25,333.0,3.0,V
182.691,stepper_y,,20,,0,0.0,267.25,333.0,3.0,V
182.691,stepper_y1,,20,,0,0.0,267.25,333.0,3.0,V
182.711,stepper_x,,20,,0,0.0,267.25,333.0,3.0,V
182.711,stepper_y,,20,,0,0.0,267.25,333.0,3.0,V
182.711,stepper_y1,,20,,0,0.0,267.25,333.0,3.0,V
182.731,stepper_x,,20,,0,0.0,267.25,333.0,3.0,V
182.731,stepper_y,,20,,0,0.0,267.25,333.0,3.0,V
182.731,stepper_y1,,20,,0,0.0,267.25,333.0,3.0,V
182.751,stepper_x,,20,,0,0.0,267.25,333.0,3.0,V
182.751,stepper_y,,20,,0,0.0,267.25,333.0,3.0,V
182.751,stepper_y1,,20,,0,0.0,267.25,333.0,3.0,V
182.772,stepper_x,,20,,0,0.0,267.25,333.0,3.0,V
182.772,stepper_y,,20,,0,0.0,267.25,333.0,3.0,V
182.772,stepper_y1,,20,,0,0.0,267.25,333.0,3.0,V
182.792,stepper_x,,20,,0,0.0,267.25,333.0,3.0,V
182.792,stepper_y,,20,,0,0.0,267.25,333.0,3.0,V
182.792,stepper_y1,,20,,0,0.0,267.25,333.0,3.0,V
182.812,stepper_x,,20,,0,0.0,267.25,333.0,3.0,V
182.812,stepper_y,,20,,0,0.0,267.25,333.0,3.0,V
182.812,stepper_y1,,20,,0,0.0,267.25,333.0,3.0,V
182.832,stepper_x,,20,,0,0.0,267.25,333.0,3.0,V
182.832,stepper_y,,20,,0,0.0,267.25,333.0,3.0,V
182.832,stepper_y1,,20,,0,0.0,267.25,333.0,3.0,V
182.853,stepper_x,,20,,0,0.0,267.25,333.0,3.0,V
182.853,stepper_y,,20,,0,0.0,267.25,333.0,3.0,V
182.853,stepper_y1,,20,,0,0.0,267.25,333.0,3.0,V
182.873,stepper_x,,20,,0,0.0,267.25,333.0,3.0,V
182.873,stepper_y,,20,,0,0.0,267.25,333.0,3.0,V
182.873,stepper_y1,,20,,0,0.0,267.25,333.0,3.0,V
182.893,stepper_x,,20,,0,0.0,267.25,333.0,3.0,V
182.893,stepper_y,,20,,0,0.0,267.25,333.0,3.0,V
182.893,stepper_y1,,20,,0,0.0,267.25,333.0,3.0,V
182.914,stepper_x,,20,,0,0.0,267.25,333.0,3.0,V
182.914,stepper_y,,20,,0,0.0,267.25,333.0,3.0,V
182.914,stepper_y1,,20,,0,0.0,267.25,333.0,3.0,V
182.934,stepper_x,,20,,0,0.0,267.25,333.0,3.0,V
182.934,stepper_y,,20,,0,0.0,267.25,333.0,3.0,V
182.934,stepper_y1,,20,,0,0.0,267.25,333.0,3.0,V
182.954,stepper_x,,20,,0,0.0,267.25,333.0,3.0,V
182.954,stepper_y,,20,,0,0.0,267.25,333.0,3.0,V
182.954,stepper_y1,,20,,0,0.0,267.25,333.0,3.0,V
182.974,stepper_x,,20,,0,0.0,267.25,333.0,3.0,V
182.974,stepper_y,,20,,0,0.0,267.25,333.0,3.0,V
182.974,stepper_y1,,20,,0,0.0,267.25,333.0,3.0,V
182.995,stepper_x,,20,,0,0.0,267.25,333.0,3.0,V
182.995,stepper_y,,20,,0,0.0,267.25,333.0,3.0,V
182.995,stepper_y1,,20,,0,0.0,267.25,333.0,3.0,V
183.015,stepper_x,,20,,0,0.0,267.25,333.0,3.0,V
183.015,stepper_y,,20,,0,0.0,267.25,333.0,3.0,V
183.015,stepper_y1,,20,,0,0.0,267.25,333.0,3.0,V
183.035,stepper_x,,20,,0,0.0,267.25,333.0,3.0,V
183.035,stepper_y,,20,,0,0.0,267.25,333.0,3.0,V
183.035,stepper_y1,,20,,0,0.0,267.25,333.0,3.0,V
183.056,stepper_x,,20,,0,0.0,267.25,333.0,3.0,V
183.056,stepper_y,,20,,0,0.0,267.25,333.0,3.0,V
183.056,stepper_y1,,20,,0,0.0,267.25,333.0,3.0,V
183.076,stepper_x,,20,,0,0.0,267.25,333.0,3.0,V
183.076,stepper_y,,20,,0,0.0,267.25,333.0,3.0,V
183.076,stepper_y1,,20,,0,0.0,267.25,333.0,3.0,V
183.096,stepper_x,,20,,0,0.0,267.25,333.0,3.0,V
183.096,stepper_y,,20,,0,0.0,267.25,333.0,3.0,V
183.096,stepper_y1,,20,,0,0.0,267.25,333.0,3.0,V
183.116,stepper_x,,20,,0,0.0,267.25,333.0,3.0,V
183.116,stepper_y,,20,,0,0.0,267.25,333.0,3.0,V
183.116,stepper_y1,,20,,0,0.0,267.25,333.0,3.0,V
183.136,stepper_x,,20,,0,0.0,267.25,333.0,3.0,V
183.136,stepper_y,,20,,0,0.0,267.25,333.0,3.0,V
183.136,stepper_y1,,20,,0,0.0,267.25,333.0,3.0,V
183.157,stepper_x,,20,,0,0.0,267.25,333.0,3.0,V
183.157,stepper_y,,20,,0,0.0,267.25,333.0,3.0,V
183.157,stepper_y1,,20,,0,0.0,267.25,333.0,3.0,V
183.177,stepper_x,,20,,0,0.0,267.25,333.0,3.0,V
183.177,stepper_y,,20,,0,0.0,267.25,333.0,3.0,V
183.177,stepper_y1,,20,,0,0.0,267.25,333.0,3.0,V
183.198,stepper_x,,20,,0,0.0,267.25,333.0,3.0,V
183.198,stepper_y,,20,,0,0.0,267.25,333.0,3.0,V
183.198,stepper_y1,,20,,0,0.0,267.25,333.0,3.0,V
183.218,stepper_x,,20,,0,0.0,267.25,333.0,3.0,V
183.218,stepper_y,,20,,0,0.0,267.25,333.0,3.0,V
183.218,stepper_y1,,20,,0,0.0,267.25,333.0,3.0,V
183.238,stepper_x,,20,,0,0.0,267.25,333.0,3.0,V
183.238,stepper_y,,20,,0,0.0,267.25,333.0,3.0,V
183.238,stepper_y1,,20,,0,0.0,267.25,333.0,3.0,V
183.258,stepper_x,,20,,0,0.0,267.25,333.0,3.0,V
183.258,stepper_y,,20,,0,0.0,267.25,333.0,3.0,V
183.258,stepper_y1,,20,,0,0.0,267.25,333.0,3.0,V
183.279,stepper_x,,20,,0,0.0,267.25,333.0,3.0,V
183.279,stepper_y,,20,,0,0.0,267.25,333.0,3.0,V
183.279,stepper_y1,,20,,0,0.0,267.25,333.0,3.0,V
183.299,stepper_x,,20,,0,0.0,267.25,333.0,3.0,V
183.299,stepper_y,,20,,0,0.0,267.25,333.0,3.0,V
183.299,stepper_y1,,20,,0,0.0,267.25,333.0,3.0,V
183.319,stepper_x,,20,,0,0.0,267.25,333.0,3.0,V
183.319,stepper_y,,20,,0,0.0,267.25,333.0,3.0,V
183.319,stepper_y1,,20,,0,0.0,267.25,333.0,3.0,V
183.34,stepper_x,,20,,0,0.0,267.25,333.0,3.0,V
183.34,stepper_y,,20,,0,0.0,267.25,333.0,3.0,V
183.34,stepper_y1,,20,,0,0.0,267.25,333.0,3.0,V
183.36,stepper_x,,20,,0,0.0,267.25,333.0,3.0,V
183.36,stepper_y,,20,,0,0.0,267.25,333.0,3.0,V
183.36,stepper_y1,,20,,0,0.0,267.25,333.0,3.0,V
183.38,stepper_x,,20,,0,0.0,267.25,333.0,3.0,V
183.38,stepper_y,,20,,0,0.0,267.25,333.0,3.0,V
183.38,stepper_y1,,20,,0,0.0,267.25,333.0,3.0,V
183.4,stepper_x,,20,,0,0.0,267.25,333.0,3.0,V
183.4,stepper_y,,20,,0,0.0,267.25,333.0,3.0,V
183.4,stepper_y1,,20,,0,0.0,267.25,333.0,3.0,V
183.42,stepper_x,,20,,0,0.0,267.25,333.0,3.0,V
183.42,stepper_y,,20,,0,0.0,267.25,333.0,3.0,V
183.42,stepper_y1,,20,,0,0.0,267.25,333.0,3.0,V
183.44,stepper_x,,20,,0,0.0,267.25,333.0,3.0,V
183.44,stepper_y,,20,,0,0.0,267.25,333.0,3.0,V
183.44,stepper_y1,,20,,0,0.0,267.25,333.0,3.0,V
183.461,stepper_x,,20,,0,0.0,267.25,333.0,3.0,V
183.461,stepper_y,,20,,0,0.0,267.25,333.0,3.0,V
183.461,stepper_y1,,20,,0,0.0,267.25,333.0,3.0,V
183.481,stepper_x,,20,,0,0.0,267.25,333.0,3.0,V
183.481,stepper_y,,20,,0,0.0,267.25,333.0,3.0,V
183.481,stepper_y1,,20,,0,0.0,267.25,333.0,3.0,V
183.501,stepper_x,,20,,0,0.0,267.25,333.0,3.0,V
183.501,stepper_y,,20,,0,0.0,267.25,333.0,3.0,V
183.501,stepper_y1,,20,,0,0.0,267.25,333.0,3.0,V
183.521,stepper_x,,20,,0,0.0,267.25,333.0,3.0,V
183.521,stepper_y,,20,,0,0.0,267.25,333.0,3.0,V
183.521,stepper_y1,,20,,0,0.0,267.25,333.0,3.0,V
183.542,stepper_x,,20,,0,0.0,267.25,333.0,3.0,V
183.542,stepper_y,,20,,0,0.0,267.25,333.0,3.0,V
183.542,stepper_y1,,20,,0,0.0,267.25,333.0,3.0,V
183.562,stepper_x,,20,,0,0.0,267.25,333.0,3.0,V
183.562,stepper_y,,20,,0,0.0,267.25,333.0,3.0,V
183.562,stepper_y1,,20,,0,0.0,267.25,333.0,3.0,V
183.582,stepper_x,,20,,0,0.0,267.25,333.0,3.0,V
183.582,stepper_y,,20,,0,0.0,267.25,333.0,3.0,V
183.582,stepper_y1,,20,,0,0.0,267.25,333.0,3.0,V
183.602,stepper_x,,20,,0,0.0,267.25,333.0,3.0,V
183.602,stepper_y,,20,,0,0.0,267.25,333.0,3.0,V
183.602,stepper_y1,,20,,0,0.0,267.25,333.0,3.0,V
183.622,stepper_x,,20,,0,0.0,267.25,333.0,3.0,V
183.622,stepper_y,,20,,0,0.0,267.25,333.0,3.0,V
183.622,stepper_y1,,20,,0,0.0,267.25,333.0,3.0,V
183.643,stepper_x,,20,,0,0.0,267.25,333.0,3.0,V
183.643,stepper_y,,20,,0,0.0,267.25,333.0,3.0,V
183.643,stepper_y1,,20,,0,0.0,267.25,333.0,3.0,V
183.663,stepper_x,,20,,0,0.0,267.25,333.0,3.0,V
183.663,stepper_y,,20,,0,0.0,267.25,333.0,3.0,V
183.663,stepper_y1,,20,,0,0.0,267.25,333.0,3.0,V
183.683,stepper_x,,20,,0,0.0,267.25,333.0,3.0,V
183.683,stepper_y,,20,,0,0.0,267.25,333.0,3.0,V
183.683,stepper_y1,,20,,0,0.0,267.25,333.0,3.0,V
183.703,stepper_x,,20,,0,0.0,267.25,333.0,3.0,V
183.703,stepper_y,,20,,0,0.0,267.25,333.0,3.0,V
183.703,stepper_y1,,20,,0,0.0,267.25,333.0,3.0,V
183.723,stepper_x,,20,,0,0.0,267.25,333.0,3.0,V
183.723,stepper_y,,20,,0,0.0,267.25,333.0,3.0,V
183.723,stepper_y1,,20,,0,0.0,267.25,333.0,3.0,V
183.743,stepper_x,,20,,0,0.0,267.25,333.0,3.0,V
183.743,stepper_y,,20,,0,0.0,267.25,333.0,3.0,V
183.743,stepper_y1,,20,,0,0.0,267.25,333.0,3.0,V
183.764,stepper_x,,20,,0,0.0,267.25,333.0,3.0,V
183.764,stepper_y,,20,,0,0.0,267.25,333.0,3.0,V
183.764,stepper_y1,,20,,0,0.0,267.25,333.0,3.0,V
183.784,stepper_x,,20,,0,0.0,267.25,333.0,3.0,V
183.784,stepper_y,,20,,0,0.0,267.25,333.0,3.0,V
183.784,stepper_y1,,20,,0,0.0,267.25,333.0,3.0,V
183.804,stepper_x,,20,,0,0.0,267.25,333.0,3.0,V
183.804,stepper_y,,20,,0,0.0,267.25,333.0,3.0,V
183.804,stepper_y1,,20,,0,0.0,267.25,333.0,3.0,V
183.824,stepper_x,,20,,0,0.0,267.25,333.0,3.0,V
183.824,stepper_y,,20,,0,0.0,267.25,333.0,3.0,V
183.824,stepper_y1,,20,,0,0.0,267.25,333.0,3.0,V
183.845,stepper_x,,20,,0,0.0,267.25,333.0,3.0,V
183.845,stepper_y,,20,,0,0.0,267.25,333.0,3.0,V
183.845,stepper_y1,,20,,0,0.0,267.25,333.0,3.0,V
183.865,stepper_x,,20,,0,0.0,267.25,333.0,3.0,V
183.865,stepper_y,,20,,0,0.0,267.25,333.0,3.0,V
183.865,stepper_y1,,20,,0,0.0,267.25,333.0,3.0,V
183.885,stepper_x,,20,,0,0.0,267.25,333.0,3.0,V
183.885,stepper_y,,20,,0,0.0,267.25,333.0,3.0,V
183.885,stepper_y1,,20,,0,0.0,267.25,333.0,3.0,V
183.905,stepper_x,,20,,0,0.0,267.25,333.0,3.0,V
183.905,stepper_y,,20,,0,0.0,267.25,333.0,3.0,V
183.905,stepper_y1,,20,,0,0.0,267.25,333.0,3.0,V
183.926,stepper_x,,20,,0,0.0,267.25,333.0,3.0,V
183.926,stepper_y,,20,,0,0.0,267.25,333.0,3.0,V
183.926,stepper_y1,,20,,0,0.0,267.25,333.0,3.0,V
183.947,stepper_x,,20,,0,0.0,267.25,333.0,3.0,V
183.947,stepper_y,,20,,0,0.0,267.25,333.0,3.0,V
183.947,stepper_y1,,20,,0,0.0,267.25,333.0,3.0,V
183.967,stepper_x,,20,,0,0.0,267.25,333.0,3.0,V
183.967,stepper_y,,20,,0,0.0,267.25,333.0,3.0,V
183.967,stepper_y1,,20,,0,0.0,267.25,333.0,3.0,V
183.987,stepper_x,,20,,0,0.0,267.25,333.0,3.0,V
183.987,stepper_y,,20,,0,0.0,267.25,333.0,3.0,V
183.987,stepper_y1,,20,,0,0.0,267.25,333.0,3.0,V
184.007,stepper_x,,20,,0,0.0,267.25,333.0,3.0,V
184.007,stepper_y,,20,,0,0.0,267.25,333.0,3.0,V
184.007,stepper_y1,,20,,0,0.0,267.25,333.0,3.0,V
184.028,stepper_x,,20,,0,0.0,267.25,333.0,3.0,V
184.028,stepper_y,,20,,0,0.0,267.25,333.0,3.0,V
184.028,stepper_y1,,20,,0,0.0,267.25,333.0,3.0,V
184.048,stepper_x,,20,,0,0.0,267.25,333.0,3.0,V
184.048,stepper_y,,20,,0,0.0,267.25,333.0,3.0,V
184.048,stepper_y1,,20,,0,0.0,267.25,333.0,3.0,V
184.068,stepper_x,,20,,0,0.0,267.25,333.0,3.0,V
184.068,stepper_y,,20,,0,0.0,267.25,333.0,3.0,V
184.068,stepper_y1,,20,,0,0.0,267.25,333.0,3.0,V
184.088,stepper_x,,20,,0,0.0,267.25,333.0,3.0,V
184.088,stepper_y,,20,,0,0.0,267.25,333.0,3.0,V
184.088,stepper_y1,,20,,0,0.0,267.25,333.0,3.0,V
184.109,stepper_x,,20,,0,0.0,267.25,333.0,3.0,V
184.109,stepper_y,,20,,0,0.0,267.25,333.0,3.0,V
184.109,stepper_y1,,20,,0,0.0,267.25,333.0,3.0,V
184.129,stepper_x,,20,,0,0.0,267.25,333.0,3.0,V
184.129,stepper_y,,20,,0,0.0,267.25,333.0,3.0,V
184.129,stepper_y1,,20,,0,0.0,267.25,333.0,3.0,V
184.15,stepper_x,,20,,0,0.0,267.25,333.0,3.0,V
184.15,stepper_y,,20,,0,0.0,267.25,333.0,3.0,V
184.15,stepper_y1,,20,,0,0.0,267.25,333.0,3.0,V
184.17,stepper_x,,20,,0,0.0,267.25,333.0,3.0,V
184.17,stepper_y,,20,,0,0.0,267.25,333.0,3.0,V
184.17,stepper_y1,,20,,0,0.0,267.25,333.0,3.0,V
184.19,stepper_x,,20,,0,0.0,267.25,333.0,3.0,V
184.19,stepper_y,,20,,0,0.0,267.25,333.0,3.0,V
184.19,stepper_y1,,20,,0,0.0,267.25,333.0,3.0,V
184.21,stepper_x,,20,,0,0.0,267.25,333.0,3.0,V
184.21,stepper_y,,20,,0,0.0,267.25,333.0,3.0,V
184.21,stepper_y1,,20,,0,0.0,267.25,333.0,3.0,V
184.23,stepper_x,,20,,0,0.0,267.25,333.0,3.0,V
184.23,stepper_y,,20,,0,0.0,267.25,333.0,3.0,V
184.23,stepper_y1,,20,,0,0.0,267.25,333.0,3.0,V
184.251,stepper_x,,20,,0,0.0,267.25,333.0,3.0,V
184.251,stepper_y,,20,,0,0.0,267.25,333.0,3.0,V
184.251,stepper_y1,,20,,0,0.0,267.25,333.0,3.0,V
184.271,stepper_x,,20,,0,0.0,267.25,333.0,3.0,V
184.271,stepper_y,,20,,0,0.0,267.25,333.0,3.0,V
184.271,stepper_y1,,20,,0,0.0,267.25,333.0,3.0,V
184.291,stepper_x,,20,,0,0.0,267.25,333.0,3.0,V
184.291,stepper_y,,20,,0,0.0,267.25,333.0,3.0,V
184.291,stepper_y1,,20,,0,0.0,267.25,333.0,3.0,V
184.311,stepper_x,,20,,0,0.0,267.25,333.0,3.0,V
184.311,stepper_y,,20,,0,0.0,267.25,333.0,3.0,V
184.311,stepper_y1,,20,,0,0.0,267.25,333.0,3.0,V
184.331,stepper_x,,20,,0,0.0,267.25,333.0,3.0,V
184.331,stepper_y,,20,,0,0.0,267.25,333.0,3.0,V
184.331,stepper_y1,,20,,0,0.0,267.25,333.0,3.0,V
184.352,stepper_x,,20,,0,0.0,267.25,333.0,3.0,V
184.352,stepper_y,,20,,0,0.0,267.25,333.0,3.0,V
184.352,stepper_y1,,20,,0,0.0,267.25,333.0,3.0,V
184.372,stepper_x,,20,,0,0.0,267.25,333.0,3.0,V
184.372,stepper_y,,20,,0,0.0,267.25,333.0,3.0,V
184.372,stepper_y1,,20,,0,0.0,267.25,333.0,3.0,V
184.392,stepper_x,,20,,0,0.0,267.25,333.0,3.0,V
184.392,stepper_y,,20,,0,0.0,267.25,333.0,3.0,V
184.392,stepper_y1,,20,,0,0.0,267.25,333.0,3.0,V
184.412,stepper_x,,20,,0,0.0,267.25,333.0,3.0,V
184.412,stepper_y,,20,,0,0.0,267.25,333.0,3.0,V
184.412,stepper_y1,,20,,0,0.0,267.25,333.0,3.0,V
184.432,stepper_x,,20,,0,0.0,267.25,333.0,3.0,V
184.432,stepper_y,,20,,0,0.0,267.25,333.0,3.0,V
184.432,stepper_y1,,20,,0,0.0,267.25,333.0,3.0,V
184.453,stepper_x,,20,,0,0.0,267.25,333.0,3.0,V
184.453,stepper_y,,20,,0,0.0,267.25,333.0,3.0,V
184.453,stepper_y1,,20,,0,0.0,267.25,333.0,3.0,V
184.473,stepper_x,,20,,0,0.0,267.25,333.0,3.0,V
184.473,stepper_y,,20,,0,0.0,267.25,333.0,3.0,V
184.473,stepper_y1,,20,,0,0.0,267.25,333.0,3.0,V
184.494,stepper_x,,20,,0,0.0,267.25,333.0,3.0,V
184.494,stepper_y,,20,,0,0.0,267.25,333.0,3.0,V
184.494,stepper_y1,,20,,0,0.0,267.25,333.0,3.0,V
184.514,stepper_x,,20,,0,0.0,267.25,333.0,3.0,V
184.514,stepper_y,,20,,0,0.0,267.25,333.0,3.0,V
184.514,stepper_y1,,20,,0,0.0,267.25,333.0,3.0,V
184.535,stepper_x,,20,,0,0.0,267.25,333.0,3.0,V
184.535,stepper_y,,20,,0,0.0,267.25,333.0,3.0,V
184.535,stepper_y1,,20,,0,0.0,267.25,333.0,3.0,V
184.555,stepper_x,,20,,0,0.0,267.25,333.0,3.0,V
184.555,stepper_y,,20,,0,0.0,267.25,333.0,3.0,V
184.555,stepper_y1,,20,,0,0.0,267.25,333.0,3.0,V
184.575,stepper_x,,20,,0,0.0,267.25,333.0,3.0,V
184.575,stepper_y,,20,,0,0.0,267.25,333.0,3.0,V
184.575,stepper_y1,,20,,0,0.0,267.25,333.0,3.0,V
184.595,stepper_x,,20,,0,0.0,267.25,333.0,3.0,V
184.595,stepper_y,,20,,0,0.0,267.25,333.0,3.0,V
184.595,stepper_y1,,20,,0,0.0,267.25,333.0,3.0,V
184.615,stepper_x,,20,,0,0.0,267.25,333.0,3.0,V
184.615,stepper_y,,20,,0,0.0,267.25,333.0,3.0,V
184.615,stepper_y1,,20,,0,0.0,267.25,333.0,3.0,V
184.635,stepper_x,,20,,0,0.0,267.25,333.0,3.0,V
184.635,stepper_y,,20,,0,0.0,267.25,333.0,3.0,V
184.635,stepper_y1,,20,,0,0.0,267.25,333.0,3.0,V
184.656,stepper_x,,20,,0,0.0,267.25,333.0,3.0,V
184.656,stepper_y,,20,,0,0.0,267.25,333.0,3.0,V
184.656,stepper_y1,,20,,0,0.0,267.25,333.0,3.0,V
184.676,stepper_x,,20,,0,0.0,267.25,333.0,3.0,V
184.676,stepper_y,,20,,0,0.0,267.25,333.0,3.0,V
184.676,stepper_y1,,20,,0,0.0,267.25,333.0,3.0,V
184.696,stepper_x,,20,,0,0.0,267.25,333.0,3.0,V
184.696,stepper_y,,20,,0,0.0,267.25,333.0,3.0,V
184.696,stepper_y1,,20,,0,0.0,267.25,333.0,3.0,V
184.716,stepper_x,,20,,0,0.0,267.25,333.0,3.0,V
184.716,stepper_y,,20,,0,0.0,267.25,333.0,3.0,V
184.716,stepper_y1,,20,,0,0.0,267.25,333.0,3.0,V
184.736,stepper_x,,20,,0,0.0,267.25,333.0,3.0,V
184.736,stepper_y,,20,,0,0.0,267.25,333.0,3.0,V
184.736,stepper_y1,,20,,0,0.0,267.25,333.0,3.0,V
184.757,stepper_x,,20,,0,0.0,267.25,333.0,3.0,V
184.757,stepper_y,,20,,0,0.0,267.25,333.0,3.0,V
184.757,stepper_y1,,20,,0,0.0,267.25,333.0,3.0,V
184.777,stepper_x,,20,,0,0.0,267.25,333.0,3.0,V
184.777,stepper_y,,20,,0,0.0,267.25,333.0,3.0,V
184.777,stepper_y1,,20,,0,0.0,267.25,333.0,3.0,V
184.798,stepper_x,,20,,0,0.0,267.25,333.0,3.0,V
184.798,stepper_y,,20,,0,0.0,267.25,333.0,3.0,V
184.798,stepper_y1,,20,,0,0.0,267.25,333.0,3.0,V
184.818,stepper_x,,20,,0,0.0,267.25,333.0,3.0,V
184.818,stepper_y,,20,,0,0.0,267.25,333.0,3.0,V
184.818,stepper_y1,,20,,0,0.0,267.25,333.0,3.0,V
184.838,stepper_x,,20,,0,0.0,267.25,333.0,3.0,V
184.838,stepper_y,,20,,0,0.0,267.25,333.0,3.0,V
184.838,stepper_y1,,20,,0,0.0,267.25,333.0,3.0,V
184.859,stepper_x,,20,,0,0.0,267.25,333.0,3.0,V
184.859,stepper_y,,20,,0,0.0,267.25,333.0,3.0,V
184.859,stepper_y1,,20,,0,0.0,267.25,333.0,3.0,V
184.879,stepper_x,,20,,0,0.0,267.25,333.0,3.0,V
184.879,stepper_y,,20,,0,0.0,267.25,333.0,3.0,V
184.879,stepper_y1,,20,,0,0.0,267.25,333.0,3.0,V
184.899,stepper_x,,20,,0,0.0,267.25,333.0,3.0,V
184.899,stepper_y,,20,,0,0.0,267.25,333.0,3.0,V
184.899,stepper_y1,,20,,0,0.0,267.25,333.0,3.0,V
184.92,stepper_x,,20,,0,0.0,267.25,333.0,3.0,V
184.92,stepper_y,,20,,0,0.0,267.25,333.0,3.0,V
184.92,stepper_y1,,20,,0,0.0,267.25,333.0,3.0,V
184.94,stepper_x,,20,,0,0.0,267.25,333.0,3.0,V
184.94,stepper_y,,20,,0,0.0,267.25,333.0,3.0,V
184.94,stepper_y1,,20,,0,0.0,267.25,333.0,3.0,V
184.96,stepper_x,,20,,0,0.0,267.25,333.0,3.0,V
184.96,stepper_y,,20,,0,0.0,267.25,333.0,3.0,V
184.96,stepper_y1,,20,,0,0.0,267.25,333.0,3.0,V
184.98,stepper_x,,20,,0,0.0,267.25,333.0,3.0,V
184.98,stepper_y,,20,,0,0.0,267.25,333.0,3.0,V
184.98,stepper_y1,,20,,0,0.0,267.25,333.0,3.0,V
185.0,stepper_x,,20,,0,0.0,267.25,333.0,3.0,V
185.0,stepper_y,,20,,0,0.0,267.25,333.0,3.0,V
185.0,stepper_y1,,20,,0,0.0,267.25,333.0,3.0,V
185.021,stepper_x,,20,,0,0.0,267.25,333.0,3.0,V
185.021,stepper_y,,20,,0,0.0,267.25,333.0,3.0,V
185.021,stepper_y1,,20,,0,0.0,267.25,333.0,3.0,V
185.041,stepper_x,,20,,0,0.0,267.25,333.0,3.0,V
185.041,stepper_y,,20,,0,0.0,267.25,333.0,3.0,V
185.041,stepper_y1,,20,,0,0.0,267.25,333.0,3.0,V
185.061,stepper_x,,20,,0,0.0,267.25,333.0,3.0,V
185.061,stepper_y,,20,,0,0.0,267.25,333.0,3.0,V
185.061,stepper_y1,,20,,0,0.0,267.25,333.0,3.0,V
185.082,stepper_x,,20,,0,0.0,267.25,333.0,3.0,V
185.082,stepper_y,,20,,0,0.0,267.25,333.0,3.0,V
185.082,stepper_y1,,20,,0,0.0,267.25,333.0,3.0,V
185.102,stepper_x,,20,,0,0.0,267.25,333.0,3.0,V
185.102,stepper_y,,20,,0,0.0,267.25,333.0,3.0,V
185.102,stepper_y1,,20,,0,0.0,267.25,333.0,3.0,V
185.122,stepper_x,,20,,0,0.0,267.25,333.0,3.0,V
185.122,stepper_y,,20,,0,0.0,267.25,333.0,3.0,V
185.122,stepper_y1,,20,,0,0.0,267.25,333.0,3.0,V
185.143,stepper_x,,20,,0,0.0,267.25,333.0,3.0,V
185.143,stepper_y,,20,,0,0.0,267.25,333.0,3.0,V
185.143,stepper_y1,,20,,0,0.0,267.25,333.0,3.0,V
185.163,stepper_x,,20,,0,0.0,267.25,333.0,3.0,V
185.163,stepper_y,,20,,0,0.0,267.25,333.0,3.0,V
185.163,stepper_y1,,20,,0,0.0,267.25,333.0,3.0,V
185.183,stepper_x,,20,,0,0.0,267.25,333.0,3.0,V
185.183,stepper_y,,20,,0,0.0,267.25,333.0,3.0,V
185.183,stepper_y1,,20,,0,0.0,267.25,333.0,3.0,V
185.203,stepper_x,,20,,0,0.0,267.25,333.0,3.0,V
185.203,stepper_y,,20,,0,0.0,267.25,333.0,3.0,V
185.203,stepper_y1,,20,,0,0.0,267.25,333.0,3.0,V
185.223,stepper_x,,20,,0,0.0,267.25,333.0,3.0,V
185.223,stepper_y,,20,,0,0.0,267.25,333.0,3.0,V
185.223,stepper_y1,,20,,0,0.0,267.25,333.0,3.0,V
185.244,stepper_x,,20,,0,0.0,267.25,333.0,3.0,V
185.244,stepper_y,,20,,0,0.0,267.25,333.0,3.0,V
185.244,stepper_y1,,20,,0,0.0,267.25,333.0,3.0,V
185.264,stepper_x,,20,,0,0.0,267.25,333.0,3.0,V
185.264,stepper_y,,20,,0,0.0,267.25,333.0,3.0,V
185.264,stepper_y1,,20,,0,0.0,267.25,333.0,3.0,V
185.285,stepper_x,,20,,0,0.0,267.25,333.0,3.0,V
185.285,stepper_y,,20,,0,0.0,267.25,333.0,3.0,V
185.285,stepper_y1,,20,,0,0.0,267.25,333.0,3.0,V
185.305,stepper_x,,20,,0,0.0,267.25,333.0,3.0,V
185.305,stepper_y,,20,,0,0.0,267.25,333.0,3.0,V
185.305,stepper_y1,,20,,0,0.0,267.25,333.0,3.0,V
185.326,stepper_x,,20,,0,0.0,267.25,333.0,3.0,V
185.326,stepper_y,,20,,0,0.0,267.25,333.0,3.0,V
185.326,stepper_y1,,20,,0,0.0,267.25,333.0,3.0,V
185.346,stepper_x,,20,,0,0.0,267.25,333.0,3.0,V
185.346,stepper_y,,20,,0,0.0,267.25,333.0,3.0,V
185.346,stepper_y1,,20,,0,0.0,267.25,333.0,3.0,V
185.366,stepper_x,,20,,0,0.0,267.25,333.0,3.0,V
185.366,stepper_y,,20,,0,0.0,267.25,333.0,3.0,V
185.366,stepper_y1,,20,,0,0.0,267.25,333.0,3.0,V
185.386,stepper_x,,20,,0,0.0,267.25,333.0,3.0,V
185.386,stepper_y,,20,,0,0.0,267.25,333.0,3.0,V
185.386,stepper_y1,,20,,0,0.0,267.25,333.0,3.0,V
185.406,stepper_x,,20,,0,0.0,267.25,333.0,3.0,V
185.406,stepper_y,,20,,0,0.0,267.25,333.0,3.0,V
185.406,stepper_y1,,20,,0,0.0,267.25,333.0,3.0,V
185.427,stepper_x,,20,,0,0.0,267.25,333.0,3.0,V
185.427,stepper_y,,20,,0,0.0,267.25,333.0,3.0,V
185.427,stepper_y1,,20,,0,0.0,267.25,333.0,3.0,V
185.447,stepper_x,,20,,0,0.0,267.25,333.0,3.0,V
185.447,stepper_y,,20,,0,0.0,267.25,333.0,3.0,V
185.447,stepper_y1,,20,,0,0.0,267.25,333.0,3.0,V
185.467,stepper_x,,20,,0,0.0,267.25,333.0,3.0,V
185.467,stepper_y,,20,,0,0.0,267.25,333.0,3.0,V
185.467,stepper_y1,,20,,0,0.0,267.25,333.0,3.0,V
185.487,stepper_x,,20,,0,0.0,267.25,333.0,3.0,V
185.487,stepper_y,,20,,0,0.0,267.25,333.0,3.0,V
185.487,stepper_y1,,20,,0,0.0,267.25,333.0,3.0,V
185.507,stepper_x,,20,,0,0.0,267.25,333.0,3.0,V
185.507,stepper_y,,20,,0,0.0,267.25,333.0,3.0,V
185.507,stepper_y1,,20,,0,0.0,267.25,333.0,3.0,V
185.528,stepper_x,,20,,0,0.0,267.25,333.0,3.0,V
185.528,stepper_y,,20,,0,0.0,267.25,333.0,3.0,V
185.528,stepper_y1,,20,,0,0.0,267.25,333.0,3.0,V
185.549,stepper_x,,20,,0,0.0,267.25,333.0,3.0,V
185.549,stepper_y,,20,,0,0.0,267.25,333.0,3.0,V
185.549,stepper_y1,,20,,0,0.0,267.25,333.0,3.0,V
185.569,stepper_x,,20,,0,0.0,267.25,333.0,3.0,V
185.569,stepper_y,,20,,0,0.0,267.25,333.0,3.0,V
185.569,stepper_y1,,20,,0,0.0,267.25,333.0,3.0,V
185.589,stepper_x,,20,,0,0.0,267.25,333.0,3.0,V
185.589,stepper_y,,20,,0,0.0,267.25,333.0,3.0,V
185.589,stepper_y1,,20,,0,0.0,267.25,333.0,3.0,V
185.609,stepper_x,,20,,0,0.0,267.25,333.0,3.0,V
185.609,stepper_y,,20,,0,0.0,267.25,333.0,3.0,V
185.609,stepper_y1,,20,,0,0.0,267.25,333.0,3.0,V
185.63,stepper_x,,20,,0,0.0,267.25,333.0,3.0,V
185.63,stepper_y,,20,,0,0.0,267.25,333.0,3.0,V
185.63,stepper_y1,,20,,0,0.0,267.25,333.0,3.0,V
185.65,stepper_x,,20,,0,0.0,267.25,333.0,3.0,V
185.65,stepper_y,,20,,0,0.0,267.25,333.0,3.0,V
185.65,stepper_y1,,20,,0,0.0,267.25,333.0,3.0,V
185.67,stepper_x,,20,,0,0.0,267.25,333.0,3.0,V
185.67,stepper_y,,20,,0,0.0,267.25,333.0,3.0,V
185.67,stepper_y1,,20,,0,0.0,267.25,333.0,3.0,V
185.69,stepper_x,,20,,0,0.0,267.25,333.0,3.0,V
185.69,stepper_y,,20,,0,0.0,267.25,333.0,3.0,V
185.69,stepper_y1,,20,,0,0.0,267.25,333.0,3.0,V
185.71,stepper_x,,20,,0,0.0,267.25,333.0,3.0,V
185.71,stepper_y,,20,,0,0.0,267.25,333.0,3.0,V
185.71,stepper_y1,,20,,0,0.0,267.25,333.0,3.0,V
185.731,stepper_x,,20,,0,0.0,267.25,333.0,3.0,V
185.731,stepper_y,,20,,0,0.0,267.25,333.0,3.0,V
185.731,stepper_y1,,20,,0,0.0,267.25,333.0,3.0,V
185.751,stepper_x,,20,,0,0.0,267.25,333.0,3.0,V
185.751,stepper_y,,20,,0,0.0,267.25,333.0,3.0,V
185.751,stepper_y1,,20,,0,0.0,267.25,333.0,3.0,V
185.771,stepper_x,,20,,0,0.0,267.25,333.0,3.0,V
185.771,stepper_y,,20,,0,0.0,267.25,333.0,3.0,V
185.771,stepper_y1,,20,,0,0.0,267.25,333.0,3.0,V
185.792,stepper_x,,20,,0,0.0,267.25,333.0,3.0,V
185.792,stepper_y,,20,,0,0.0,267.25,333.0,3.0,V
185.792,stepper_y1,,20,,0,0.0,267.25,333.0,3.0,V
185.812,stepper_x,,20,,0,0.0,267.25,333.0,3.0,V
185.812,stepper_y,,20,,0,0.0,267.25,333.0,3.0,V
185.812,stepper_y1,,20,,0,0.0,267.25,333.0,3.0,V
185.832,stepper_x,,20,,0,0.0,267.25,333.0,3.0,V
185.832,stepper_y,,20,,0,0.0,267.25,333.0,3.0,V
185.832,stepper_y1,,20,,0,0.0,267.25,333.0,3.0,V
185.853,stepper_x,,20,,0,0.0,267.25,333.0,3.0,V
185.853,stepper_y,,20,,0,0.0,267.25,333.0,3.0,V
185.853,stepper_y1,,20,,0,0.0,267.25,333.0,3.0,V
185.873,stepper_x,,20,,0,0.0,267.25,333.0,3.0,V
185.873,stepper_y,,20,,0,0.0,267.25,333.0,3.0,V
185.873,stepper_y1,,20,,0,0.0,267.25,333.0,3.0,V
185.893,stepper_x,,20,,0,0.0,267.25,333.0,3.0,V
185.893,stepper_y,,20,,0,0.0,267.25,333.0,3.0,V
185.893,stepper_y1,,20,,0,0.0,267.25,333.0,3.0,V
185.914,stepper_x,,20,,0,0.0,267.25,333.0,3.0,V
185.914,stepper_y,,20,,0,0.0,267.25,333.0,3.0,V
185.914,stepper_y1,,20,,0,0.0,267.25,333.0,3.0,V
185.934,stepper_x,,20,,0,0.0,267.25,333.0,3.0,V
185.934,stepper_y,,20,,0,0.0,267.25,333.0,3.0,V
185.934,stepper_y1,,20,,0,0.0,267.25,333.0,3.0,V
185.955,stepper_x,,20,,0,0.0,267.25,333.0,3.0,V
185.955,stepper_y,,20,,0,0.0,267.25,333.0,3.0,V
185.955,stepper_y1,,20,,0,0.0,267.25,333.0,3.0,V
185.975,stepper_x,,20,,0,0.0,267.25,333.0,3.0,V
185.975,stepper_y,,20,,0,0.0,267.25,333.0,3.0,V
185.975,stepper_y1,,20,,0,0.0,267.25,333.0,3.0,V
185.995,stepper_x,,20,,0,0.0,267.25,333.0,3.0,V
185.995,stepper_y,,20,,0,0.0,267.25,333.0,3.0,V
185.995,stepper_y1,,20,,0,0.0,267.25,333.0,3.0,V
186.016,stepper_x,,20,,0,0.0,267.25,333.0,3.0,V
186.016,stepper_y,,20,,0,0.0,267.25,333.0,3.0,V
186.016,stepper_y1,,20,,0,0.0,267.25,333.0,3.0,V
186.036,stepper_x,,20,,0,0.0,267.25,333.0,3.0,V
186.036,stepper_y,,20,,0,0.0,267.25,333.0,3.0,V
186.036,stepper_y1,,20,,0,0.0,267.25,333.0,3.0,V
186.057,stepper_x,,20,,0,0.0,267.25,333.0,3.0,V
186.057,stepper_y,,20,,0,0.0,267.25,333.0,3.0,V
186.057,stepper_y1,,20,,0,0.0,267.25,333.0,3.0,V
186.077,stepper_x,,20,,0,0.0,267.25,333.0,3.0,V
186.077,stepper_y,,20,,0,0.0,267.25,333.0,3.0,V
186.077,stepper_y1,,20,,0,0.0,267.25,333.0,3.0,V
186.097,stepper_x,,20,,0,0.0,267.25,333.0,3.0,V
186.097,stepper_y,,20,,0,0.0,267.25,333.0,3.0,V
186.097,stepper_y1,,20,,0,0.0,267.25,333.0,3.0,V
186.117,stepper_x,,20,,0,0.0,267.25,333.0,3.0,V
186.117,stepper_y,,20,,0,0.0,267.25,333.0,3.0,V
186.117,stepper_y1,,20,,0,0.0,267.25,333.0,3.0,V
186.137,stepper_x,,20,,0,0.0,267.25,333.0,3.0,V
186.137,stepper_y,,20,,0,0.0,267.25,333.0,3.0,V
186.137,stepper_y1,,20,,0,0.0,267.25,333.0,3.0,V
186.158,stepper_x,,20,,0,0.0,267.25,333.0,3.0,V
186.158,stepper_y,,20,,0,0.0,267.25,333.0,3.0,V
186.158,stepper_y1,,20,,0,0.0,267.25,333.0,3.0,V
186.179,stepper_x,,20,,0,0.0,267.25,333.0,3.0,V
186.179,stepper_y,,20,,0,0.0,267.25,333.0,3.0,V
186.179,stepper_y1,,20,,0,0.0,267.25,333.0,3.0,V
186.199,stepper_x,,20,,0,0.0,267.25,333.0,3.0,V
186.199,stepper_y,,20,,0,0.0,267.25,333.0,3.0,V
186.199,stepper_y1,,20,,0,0.0,267.25,333.0,3.0,V
186.219,stepper_x,,20,,0,0.0,267.25,333.0,3.0,V
186.219,stepper_y,,20,,0,0.0,267.25,333.0,3.0,V
186.219,stepper_y1,,20,,0,0.0,267.25,333.0,3.0,V
186.239,stepper_x,,20,,0,0.0,267.25,333.0,3.0,V
186.239,stepper_y,,20,,0,0.0,267.25,333.0,3.0,V
186.239,stepper_y1,,20,,0,0.0,267.25,333.0,3.0,V
186.259,stepper_x,,20,,0,2.1,267.25,333.0,2.93,V
186.259,stepper_y,,20,,0,2.1,267.25,333.0,2.93,V
186.259,stepper_y1,,20,,0,2.1,267.25,333.0,2.93,V
186.279,stepper_x,,20,,0,2.1,267.25,333.0,2.93,V
186.279,stepper_y,,20,,0,2.1,267.25,333.0,2.93,V
186.279,stepper_y1,,20,,0,2.1,267.25,333.0,2.93,V
186.3,stepper_x,,20,,0,2.1,267.25,333.0,2.93,V
186.3,stepper_y,,20,,0,2.1,267.25,333.0,2.93,V
186.3,stepper_y1,,20,,0,2.1,267.25,333.0,2.93,V
186.32,stepper_x,,20,,0,2.1,267.25,333.0,2.93,V
186.32,stepper_y,,20,,0,2.1,267.25,333.0,2.93,V
186.32,stepper_y1,,20,,0,2.1,267.25,333.0,2.93,V
186.34,stepper_x,,20,,0,2.1,267.25,333.0,2.93,V
186.34,stepper_y,,20,,0,2.1,267.25,333.0,2.93,V
186.34,stepper_y1,,20,,0,2.1,267.25,333.0,2.93,V
186.36,stepper_x,,20,,0,2.1,267.25,333.0,2.93,V
186.36,stepper_y,,20,,0,2.1,267.25,333.0,2.93,V
186.36,stepper_y1,,20,,0,2.1,267.25,333.0,2.93,V
186.381,stepper_x,,20,,0,2.1,267.25,333.0,2.93,V
186.381,stepper_y,,20,,0,2.1,267.25,333.0,2.93,V
186.381,stepper_y1,,20,,0,2.1,267.25,333.0,2.93,V
186.401,stepper_x,,20,,0,2.1,267.25,333.0,2.93,V
186.401,stepper_y,,20,,0,2.1,267.25,333.0,2.93,V
186.401,stepper_y1,,20,,0,2.1,267.25,333.0,2.93,V
186.421,stepper_x,,20,,0,2.1,267.25,333.0,2.93,V
186.421,stepper_y,,20,,0,2.1,267.25,333.0,2.93,V
186.421,stepper_y1,,20,,0,2.1,267.25,333.0,2.93,V
186.441,stepper_x,,20,,0,2.1,267.25,333.0,2.93,V
186.441,stepper_y,,20,,0,2.1,267.25,333.0,2.93,V
186.441,stepper_y1,,20,,0,2.1,267.25,333.0,2.93,V
186.461,stepper_x,,20,,0,2.1,267.25,333.0,2.93,V
186.461,stepper_y,,20,,0,2.1,267.25,333.0,2.93,V
186.461,stepper_y1,,20,,0,2.1,267.25,333.0,2.93,V
186.482,stepper_x,,20,,0,2.1,267.25,333.0,2.93,V
186.482,stepper_y,,20,,0,2.1,267.25,333.0,2.93,V
186.482,stepper_y1,,20,,0,2.1,267.25,333.0,2.93,V
186.502,stepper_x,,20,,0,5.0,267.25,333.0,1.82,V
186.502,stepper_y,,20,,0,5.0,267.25,333.0,1.82,V
186.502,stepper_y1,,20,,0,5.0,267.25,333.0,1.82,V
186.522,stepper_x,,20,,0,5.0,267.25,333.0,1.82,V
186.522,stepper_y,,20,,0,5.0,267.25,333.0,1.82,V
186.522,stepper_y1,,20,,0,5.0,267.25,333.0,1.82,V
186.542,stepper_x,,20,,0,5.0,267.25,333.0,1.82,V
186.542,stepper_y,,20,,0,5.0,267.25,333.0,1.82,V
186.542,stepper_y1,,20,,0,5.0,267.25,333.0,1.82,V
186.562,stepper_x,,20,,0,5.0,267.25,333.0,1.82,V
186.562,stepper_y,,20,,0,5.0,267.25,333.0,1.82,V
186.562,stepper_y1,,20,,0,5.0,267.25,333.0,1.82,V
186.583,stepper_x,,20,,0,5.0,267.25,333.0,1.82,V
186.583,stepper_y,,20,,0,5.0,267.25,333.0,1.82,V
186.583,stepper_y1,,20,,0,5.0,267.25,333.0,1.82,V
186.603,stepper_x,,20,,0,5.0,267.25,333.0,1.82,V
186.603,stepper_y,,20,,0,5.0,267.25,333.0,1.82,V
186.603,stepper_y1,,20,,0,5.0,267.25,333.0,1.82,V
186.623,stepper_x,,20,,0,5.0,267.25,333.0,1.82,V
186.623,stepper_y,,20,,0,5.0,267.25,333.0,1.82,V
186.623,stepper_y1,,20,,0,5.0,267.25,333.0,1.82,V
186.643,stepper_x,,20,,0,5.0,267.25,333.0,1.82,V
186.643,stepper_y,,20,,0,5.0,267.25,333.0,1.82,V
186.643,stepper_y1,,20,,0,5.0,267.25,333.0,1.82,V
186.663,stepper_x,,20,,0,5.0,267.25,333.0,1.82,V
186.663,stepper_y,,20,,0,5.0,267.25,333.0,1.82,V
186.663,stepper_y1,,20,,0,5.0,267.25,333.0,1.82,V
186.684,stepper_x,,20,,0,5.0,267.25,333.0,1.82,V
186.684,stepper_y,,20,,0,5.0,267.25,333.0,1.82,V
186.684,stepper_y1,,20,,0,5.0,267.25,333.0,1.82,V
186.704,stepper_x,,20,,0,5.0,267.25,333.0,1.82,V
186.704,stepper_y,,20,,0,5.0,267.25,333.0,1.82,V
186.704,stepper_y1,,20,,0,5.0,267.25,333.0,1.82,V
186.724,stepper_x,,20,,0,5.0,267.25,333.0,1.82,V
186.724,stepper_y,,20,,0,5.0,267.25,333.0,1.82,V
186.724,stepper_y1,,20,,0,5.0,267.25,333.0,1.82,V
186.744,stepper_x,,20,,0,5.0,267.25,333.0,1.82,V
186.744,stepper_y,,20,,0,5.0,267.25,333.0,1.82,V
186.744,stepper_y1,,20,,0,5.0,267.25,333.0,1.82,V
186.764,stepper_x,,20,,0,0.0,267.25,333.0,1.0,V
186.764,stepper_y,,20,,0,0.0,267.25,333.0,1.0,V
186.764,stepper_y1,,20,,0,0.0,267.25,333.0,1.0,V
186.785,stepper_x,,20,,0,0.0,267.25,333.0,1.0,V
186.785,stepper_y,,20,,0,0.0,267.25,333.0,1.0,V
186.785,stepper_y1,,20,,0,0.0,267.25,333.0,1.0,V
186.805,stepper_x,,20,,0,0.0,267.25,333.0,1.0,V
186.805,stepper_y,,20,,0,0.0,267.25,333.0,1.0,V
186.805,stepper_y1,,20,,0,0.0,267.25,333.0,1.0,V
186.825,stepper_x,,20,,0,0.0,267.25,333.0,1.0,V
186.825,stepper_y,,20,,0,0.0,267.25,333.0,1.0,V
186.825,stepper_y1,,20,,0,0.0,267.25,333.0,1.0,V
186.846,stepper_x,,20,,0,0.0,267.25,333.0,1.0,V
186.846,stepper_y,,20,,0,0.0,267.25,333.0,1.0,V
186.846,stepper_y1,,20,,0,0.0,267.25,333.0,1.0,V
186.866,stepper_x,,20,,0,0.0,267.25,333.0,1.0,V
186.866,stepper_y,,20,,0,0.0,267.25,333.0,1.0,V
186.866,stepper_y1,,20,,0,0.0,267.25,333.0,1.0,V
186.886,stepper_x,,20,,0,0.0,267.25,333.0,1.0,V
186.886,stepper_y,,20,,0,0.0,267.25,333.0,1.0,V
186.886,stepper_y1,,20,,0,0.0,267.25,333.0,1.0,V
186.907,stepper_x,,20,,0,0.0,267.25,333.0,1.0,V
186.907,stepper_y,,20,,0,0.0,267.25,333.0,1.0,V
186.907,stepper_y1,,20,,0,0.0,267.25,333.0,1.0,V
186.927,stepper_x,,20,,0,0.0,267.25,333.0,1.0,V
186.927,stepper_y,,20,,0,0.0,267.25,333.0,1.0,V
186.927,stepper_y1,,20,,0,0.0,267.25,333.0,1.0,V
186.947,stepper_x,,20,,0,0.0,267.25,333.0,1.0,V
186.947,stepper_y,,20,,0,0.0,267.25,333.0,1.0,V
186.947,stepper_y1,,20,,0,0.0,267.25,333.0,1.0,V
186.968,stepper_x,,20,,0,0.0,267.25,333.0,1.0,V
186.968,stepper_y,,20,,0,0.0,267.25,333.0,1.0,V
186.968,stepper_y1,,20,,0,0.0,267.25,333.0,1.0,V
186.988,stepper_x,,20,,0,0.0,267.25,333.0,1.0,V
186.988,stepper_y,,20,,0,0.0,267.25,333.0,1.0,V
186.988,stepper_y1,,20,,0,0.0,267.25,333.0,1.0,V
187.008,stepper_x,,20,,0,0.0,267.25,333.0,1.0,V
187.008,stepper_y,,20,,0,0.0,267.25,333.0,1.0,V
187.008,stepper_y1,,20,,0,0.0,267.25,333.0,1.0,V
187.028,stepper_x,,20,,0,0.0,267.25,333.0,1.0,V
187.028,stepper_y,,20,,0,0.0,267.25,333.0,1.0,V
187.028,stepper_y1,,20,,0,0.0,267.25,333.0,1.0,V
187.049,stepper_x,,20,,0,0.0,267.25,333.0,1.0,V
187.049,stepper_y,,20,,0,0.0,267.25,333.0,1.0,V
187.049,stepper_y1,,20,,0,0.0,267.25,333.0,1.0,V
187.069,stepper_x,,20,,0,0.0,267.25,333.0,1.0,V
187.069,stepper_y,,20,,0,0.0,267.25,333.0,1.0,V
187.069,stepper_y1,,20,,0,0.0,267.25,333.0,1.0,V
187.089,stepper_x,,20,,0,0.0,267.25,333.0,1.0,V
187.089,stepper_y,,20,,0,0.0,267.25,333.0,1.0,V
187.089,stepper_y1,,20,,0,0.0,267.25,333.0,1.0,V
187.109,stepper_x,,20,,0,0.0,267.25,333.0,1.0,V
187.109,stepper_y,,20,,0,0.0,267.25,333.0,1.0,V
187.109,stepper_y1,,20,,0,0.0,267.25,333.0,1.0,V
187.13,stepper_x,,20,,0,0.0,267.25,333.0,1.0,V
187.13,stepper_y,,20,,0,0.0,267.25,333.0,1.0,V
187.13,stepper_y1,,20,,0,0.0,267.25,333.0,1.0,V
187.15,stepper_x,,20,,0,0.0,267.25,333.0,1.0,V
187.15,stepper_y,,20,,0,0.0,267.25,333.0,1.0,V
187.15,stepper_y1,,20,,0,0.0,267.25,333.0,1.0,V
187.17,stepper_x,,20,,0,0.0,267.25,333.0,1.0,V
187.17,stepper_y,,20,,0,0.0,267.25,333.0,1.0,V
187.17,stepper_y1,,20,,0,0.0,267.25,333.0,1.0,V
187.19,stepper_x,,20,,0,0.0,267.25,333.0,1.0,V
187.19,stepper_y,,20,,0,0.0,267.25,333.0,1.0,V
187.19,stepper_y1,,20,,0,0.0,267.25,333.0,1.0,V
187.211,stepper_x,,20,,0,0.0,267.25,333.0,1.0,V
187.211,stepper_y,,20,,0,0.0,267.25,333.0,1.0,V
187.211,stepper_y1,,20,,0,0.0,267.25,333.0,1.0,V
187.234,stepper_x,,20,,0,0.0,267.25,333.0,1.0,V
187.234,stepper_y,,20,,0,0.0,267.25,333.0,1.0,V
187.234,stepper_y1,,20,,0,0.0,267.25,333.0,1.0,V
187.254,stepper_x,,20,,0,300.0,238.16,303.27,1.0,D
187.254,stepper_y,,20,,0,300.0,238.16,303.27,1.0,D
187.254,stepper_y1,,20,,0,300.0,238.16,303.27,1.0,D
187.274,stepper_x,244,20,,0,300.0,238.16,303.27,1.0,A
187.274,stepper_y,298,20,,0,300.0,238.16,303.27,1.0,A
187.274,stepper_y1,279,20,,0,300.0,238.16,303.27,1.0,A
187.295,stepper_x,216,20,,0,300.0,238.16,303.27,1.0,A
187.295,stepper_y,294,20,,0,300.0,238.16,303.27,1.0,A
187.295,stepper_y1,278,20,,0,300.0,238.16,303.27,1.0,A
187.315,stepper_x,226,20,,0,300.0,238.16,303.27,1.0,A
187.315,stepper_y,296,20,,0,300.0,238.16,303.27,1.0,A
187.315,stepper_y1,273,20,,0,300.0,238.16,303.27,1.0,A
187.336,stepper_x,234,20,,0,300.0,238.16,303.27,1.0,M
187.336,stepper_y,294,20,,0,300.0,238.16,303.27,1.0,M
187.336,stepper_y1,318,20,,0,300.0,238.16,303.27,1.0,M
187.357,stepper_x,223,20,,0,300.0,238.16,303.27,1.0,M
187.357,stepper_y,316,20,,0,300.0,238.16,303.27,1.0,M
187.357,stepper_y1,311,20,,0,300.0,238.16,303.27,1.0,M
187.378,stepper_x,222,20,,0,300.0,238.16,303.27,1.0,M
187.378,stepper_y,292,20,,0,300.0,238.16,303.27,1.0,M
187.378,stepper_y1,276,20,,0,300.0,238.16,303.27,1.0,M
187.399,stepper_x,218,20,,0,300.0,238.16,303.27,1.0,M
187.399,stepper_y,304,20,,0,300.0,238.16,303.27,1.0,M
187.399,stepper_y1,324,20,,0,300.0,238.16,303.27,1.0,M
187.42,stepper_x,249,20,,0,300.0,238.16,303.27,1.0,M
187.42,stepper_y,303,20,,0,300.0,238.16,303.27,1.0,M
187.42,stepper_y1,324,20,,0,300.0,238.16,303.27,1.0,M
187.44,stepper_x,216,20,,0,300.0,238.16,303.27,1.0,M
187.44,stepper_y,311,20,,0,300.0,238.16,303.27,1.0,M
187.44,stepper_y1,327,20,,0,300.0,238.16,303.27,1.0,M
187.461,stepper_x,238,20,,0,300.0,238.16,303.27,1.0,M
187.461,stepper_y,296,20,,0,300.0,238.16,303.27,1.0,M
187.461,stepper_y1,295,20,,0,300.0,238.16,303.27,1.0,M
187.482,stepper_x,241,20,,0,300.0,238.16,303.27,1.0,M
187.482,stepper_y,301,20,,0,300.0,238.16,303.27,1.0,M
187.482,stepper_y1,314,20,,0,300.0,238.16,303.27,1.0,M
187.503,stepper_x,239,20,,0,300.0,185.59,249.56,1.0,M
187.503,stepper_y,313,20,,0,300.0,185.59,249.56,1.0,M
187.503,stepper_y1,313,20,,0,300.0,185.59,249.56,1.0,M
187.523,stepper_x,241,20,,0,300.0,185.59,249.56,1.0,M
187.523,stepper_y,317,20,,0,300.0,185.59,249.56,1.0,M
187.523,stepper_y1,313,20,,0,300.0,185.59,249.56,1.0,M
187.544,stepper_x,253,20,,0,300.0,185.59,249.56,1.0,M
187.544,stepper_y,296,20,,0,300.0,185.59,249.56,1.0,M
187.544,stepper_y1,276,20,,0,300.0,185.59,249.56,1.0,M
187.564,stepper_x,249,20,,0,300.0,185.59,249.56,1.0,M
187.564,stepper_y,295,20,,0,300.0,185.59,249.56,1.0,M
187.564,stepper_y1,273,20,,0,300.0,185.59,249.56,1.0,M
187.585,stepper_x,252,20,,0,300.0,185.59,249.56,1.0,M
187.585,stepper_y,304,20,,0,300.0,185.59,249.56,1.0,M
187.585,stepper_y1,271,20,,0,300.0,185.59,249.56,1.0,M
187.606,stepper_x,247,20,,0,300.0,185.59,249.56,1.0,M
187.606,stepper_y,318,20,,0,300.0,185.59,249.56,1.0,M
187.606,stepper_y1,324,20,,0,300.0,185.59,249.56,1.0,M
187.627,stepper_x,237,20,,0,300.0,185.59,249.56,1.0,M
187.627,stepper_y,295,20,,0,300.0,185.59,249.56,1.0,M
187.627,stepper_y1,274,20,,0,300.0,185.59,249.56,1.0,M
187.647,stepper_x,246,20,,0,300.0,185.59,249.56,1.0,M
187.647,stepper_y,289,20,,0,300.0,185.59,249.56,1.0,M
187.647,stepper_y1,281,20,,0,300.0,185.59,249.56,1.0,M
187.668,stepper_x,247,20,,0,300.0,185.59,249.56,1.0,M
187.668,stepper_y,292,20,,0,300.0,185.59,249.56,1.0,M
187.668,stepper_y1,278,20,,0,300.0,185.59,249.56,1.0,M
187.689,stepper_x,233,20,,0,300.0,185.59,249.56,1.0,M
187.689,stepper_y,310,20,,0,300.0,185.59,249.56,1.0,M
187.689,stepper_y1,316,20,,0,300.0,185.59,249.56,1.0,M
187.71,stepper_x,251,20,,0,300.0,185.59,249.56,1.0,M
187.71,stepper_y,312,20,,0,300.0,185.59,249.56,1.0,M
187.71,stepper_y1,273,20,,0,300.0,185.59,249.56,1.0,M
187.73,stepper_x,249,20,,0,300.0,185.59,249.56,1.0,M
187.73,stepper_y,294,20,,0,300.0,185.59,249.56,1.0,M
187.73,stepper_y1,310,20,,0,300.0,185.59,249.56,1.0,M
187.751,stepper_x,232,20,,0,300.0,133.11,195.94,1.0,M
187.751,stepper_y,300,20,,0,300.0,133.11,195.94,1.0,M
187.751,stepper_y1,268,20,,0,300.0,133.11,195.94,1.0,M
187.772,stepper_x,249,20,,0,300.0,133.11,195.94,1.0,M
187.772,stepper_y,311,20,,0,300.0,133.11,195.94,1.0,M
187.772,stepper_y1,320,20,,0,300.0,133.11,195.94,1.0,M
187.793,stepper_x,240,20,,0,300.0,133.11,195.94,1.0,M
187.793,stepper_y,295,20,,0,300.0,133.11,195.94,1.0,M
187.793,stepper_y1,269,20,,0,300.0,133.11,195.94,1.0,M
187.813,stepper_x,254,20,,0,300.0,133.11,195.94,1.0,M
187.813,stepper_y,298,20,,0,300.0,133.11,195.94,1.0,M
187.813,stepper_y1,284,20,,0,300.0,133.11,195.94,1.0,M
187.834,stepper_x,241,20,,0,300.0,133.11,195.94,1.0,M
187.834,stepper_y,298,20,,0,300.0,133.11,195.94,1.0,M
187.834,stepper_y1,275,20,,0,300.0,133.11,195.94,1.0,M
187.855,stepper_x,241,20,,0,300.0,133.11,195.94,1.0,M
187.855,stepper_y,315,20,,0,300.0,133.11,195.94,1.0,M
187.855,stepper_y1,308,20,,0,300.0,133.11,195.94,1.0,M
187.876,stepper_x,238,20,,0,300.0,133.11,195.94,1.0,M
187.876,stepper_y,299,20,,0,300.0,133.11,195.94,1.0,M
187.876,stepper_y1,266,20,,0,300.0,133.11,195.94,1.0,M
187.897,stepper_x,240,20,,0,300.0,133.11,195.94,1.0,M
187.897,stepper_y,297,20,,0,300.0,133.11,195.94,1.0,M
187.897,stepper_y1,266,20,,0,300.0,133.11,195.94,1.0,M
187.918,stepper_x,240,20,,0,300.0,133.11,195.94,1.0,M
187.918,stepper_y,320,20,,0,300.0,133.11,195.94,1.0,M
187.918,stepper_y1,269,20,,0,300.0,133.11,195.94,1.0,M
187.938,stepper_x,235,20,,0,300.0,133.11,195.94,1.0,M
187.938,stepper_y,300,20,,0,300.0,133.11,195.94,1.0,M
187.938,stepper_y1,308,20,,0,300.0,133.11,195.94,1.0,M
187.959,stepper_x,220,20,,0,300.0,133.11,195.94,1.0,M
187.959,stepper_y,320,20,,0,300.0,133.11,195.94,1.0,M
187.959,stepper_y1,301,20,,0,300.0,133.11,195.94,1.0,M
187.979,stepper_x,238,20,,0,300.0,133.11,195.94,1.0,M
187.979,stepper_y,316,20,,0,300.0,133.11,195.94,1.0,M
187.979,stepper_y1,282,20,,0,300.0,133.11,195.94,1.0,M
188.0,stepper_x,238,20,,0,300.0,80.46,142.15,1.0,M
188.0,stepper_y,319,20,,0,300.0,80.46,142.15,1.0,M
188.0,stepper_y1,269,20,,0,300.0,80.46,142.15,1.0,M
188.02,stepper_x,240,20,,0,300.0,80.46,142.15,1.0,M
188.02,stepper_y,283,20,,0,300.0,80.46,142.15,1.0,M
188.02,stepper_y1,304,20,,0,300.0,80.46,142.15,1.0,M
188.04,stepper_x,241,20,,0,300.0,80.46,142.15,1.0,M
188.04,stepper_y,297,20,,0,300.0,80.46,142.15,1.0,M
188.04,stepper_y1,310,20,,0,300.0,80.46,142.15,1.0,M
188.06,stepper_x,233,20,,0,300.0,80.46,142.15,1.0,M
188.06,stepper_y,301,20,,0,300.0,80.46,142.15,1.0,M
188.06,stepper_y1,277,20,,0,300.0,80.46,142.15,1.0,M
188.081,stepper_x,230,20,,0,300.0,80.46,142.15,1.0,M
188.081,stepper_y,297,20,,0,300.0,80.46,142.15,1.0,M
188.081,stepper_y1,259,20,,0,300.0,80.46,142.15,1.0,M
188.102,stepper_x,238,20,,0,300.0,80.46,142.15,1.0,M
188.102,stepper_y,315,20,,0,300.0,80.46,142.15,1.0,M
188.102,stepper_y1,301,20,,0,300.0,80.46,142.15,1.0,M
188.123,stepper_x,238,20,,0,300.0,80.46,142.15,1.0,M
188.123,stepper_y,297,20,,0,300.0,80.46,142.15,1.0,M
188.123,stepper_y1,265,20,,0,300.0,80.46,142.15,1.0,M
188.143,stepper_x,238,20,,0,300.0,80.46,142.15,1.0,M
188.143,stepper_y,298,20,,0,300.0,80.46,142.15,1.0,M
188.143,stepper_y1,263,20,,0,300.0,80.46,142.15,1.0,M
188.164,stepper_x,236,20,,0,300.0,80.46,142.15,1.0,M
188.164,stepper_y,298,20,,0,300.0,80.46,142.15,1.0,M
188.164,stepper_y1,268,20,,0,300.0,80.46,142.15,1.0,M
188.184,stepper_x,236,20,,0,300.0,80.46,142.15,1.0,M
188.184,stepper_y,297,20,,0,300.0,80.46,142.15,1.0,M
188.184,stepper_y1,266,20,,0,300.0,80.46,142.15,1.0,M
188.205,stepper_x,238,20,,0,300.0,80.46,142.15,1.0,M
188.205,stepper_y,301,20,,0,300.0,80.46,142.15,1.0,M
188.205,stepper_y1,268,20,,0,300.0,80.46,142.15,1.0,M
188.226,stepper_x,228,20,,0,300.0,80.46,142.15,1.0,M
188.226,stepper_y,294,20,,0,300.0,80.46,142.15,1.0,M
188.226,stepper_y1,303,20,,0,300.0,80.46,142.15,1.0,M
188.246,stepper_x,241,20,,0,300.0,80.46,142.15,1.0,M
188.246,stepper_y,300,20,,0,300.0,80.46,142.15,1.0,M
188.246,stepper_y1,302,20,,0,300.0,80.46,142.15,1.0,M
188.267,stepper_x,236,20,,0,300.0,27.99,88.54,1.0,M
188.267,stepper_y,299,20,,0,300.0,27.99,88.54,1.0,M
188.267,stepper_y1,256,20,,0,300.0,27.99,88.54,1.0,M
188.288,stepper_x,240,20,,0,300.0,27.99,88.54,1.0,M
188.288,stepper_y,279,20,,0,300.0,27.99,88.54,1.0,M
188.288,stepper_y1,293,20,,0,300.0,27.99,88.54,1.0,M
188.308,stepper_x,239,20,,0,300.0,27.99,88.54,1.0,M
188.308,stepper_y,319,20,,0,300.0,27.99,88.54,1.0,M
188.308,stepper_y1,260,20,,0,300.0,27.99,88.54,1.0,M
188.329,stepper_x,241,20,,0,300.0,27.99,88.54,1.0,M
188.329,stepper_y,301,20,,0,300.0,27.99,88.54,1.0,M
188.329,stepper_y1,269,20,,0,300.0,27.99,88.54,1.0,M
188.35,stepper_x,243,20,,0,300.0,27.99,88.54,1.0,M
188.35,stepper_y,294,20,,0,300.0,27.99,88.54,1.0,M
188.35,stepper_y1,298,20,,0,300.0,27.99,88.54,1.0,M
188.371,stepper_x,114,20,,0,300.0,27.99,88.54,1.0,M
188.371,stepper_y,194,20,,0,300.0,27.99,88.54,1.0,M
188.371,stepper_y1,191,20,,0,300.0,27.99,88.54,1.0,M
188.392,stepper_x,0,20,,0,300.0,27.99,88.54,1.0,G
188.392,stepper_y,0,20,,0,300.0,27.99,88.54,1.0,G
188.392,stepper_y1,0,20,,0,300.0,27.99,88.54,1.0,G
188.412,stepper_x,0,20,0.0,1,300.0,27.99,88.54,1.0,G
188.412,stepper_y,0,20,0.0,1,300.0,27.99,88.54,1.0,G
188.412,stepper_y1,0,20,0.0,1,300.0,27.99,88.54,1.0,G
188.434,stepper_x,0,20,0.0,2,300.0,27.99,88.54,1.0,G
188.434,stepper_x,0,20,0.0,3,300.0,27.99,88.54,1.0,C
188.434,stepper_y,0,20,,0,300.0,27.99,88.54,1.0,A
188.761,stepper_x,,20,,0,0.0,3.0,63.0,1.0,D
188.761,stepper_y,,20,,0,0.0,3.0,63.0,1.0,D
188.761,stepper_y1,,20,,0,0.0,3.0,63.0,1.0,D
188.781,stepper_x,,20,,0,0.0,3.0,63.0,1.0,V
188.781,stepper_y,,20,,0,0.0,3.0,63.0,1.0,V
188.781,stepper_y1,,20,,0,0.0,3.0,63.0,1.0,V
188.801,stepper_x,,20,,0,0.0,3.0,63.0,1.0,V
188.801,stepper_y,,20,,0,0.0,3.0,63.0,1.0,V
188.801,stepper_y1,,20,,0,0.0,3.0,63.0,1.0,V
188.821,stepper_x,,20,,0,0.0,3.0,63.0,1.0,V
188.821,stepper_y,,20,,0,0.0,3.0,63.0,1.0,V
188.821,stepper_y1,,20,,0,0.0,3.0,63.0,1.0,V
188.842,stepper_x,,20,,0,0.0,3.0,63.0,1.0,V
188.842,stepper_y,,20,,0,0.0,3.0,63.0,1.0,V
188.842,stepper_y1,,20,,0,0.0,3.0,63.0,1.0,V
188.863,stepper_x,,20,,0,0.0,3.0,63.0,1.0,V
188.863,stepper_y,,20,,0,0.0,3.0,63.0,1.0,V
188.863,stepper_y1,,20,,0,0.0,3.0,63.0,1.0,V
188.884,stepper_x,,20,,0,0.0,3.0,63.0,1.0,V
188.884,stepper_y,,20,,0,0.0,3.0,63.0,1.0,V
188.884,stepper_y1,,20,,0,0.0,3.0,63.0,1.0,V
188.904,stepper_x,,20,,0,0.0,3.0,63.0,1.0,V
188.904,stepper_y,,20,,0,0.0,3.0,63.0,1.0,V
188.904,stepper_y1,,20,,0,0.0,3.0,63.0,1.0,V
188.925,stepper_x,,20,,0,0.0,3.0,63.0,1.0,V
188.925,stepper_y,,20,,0,0.0,3.0,63.0,1.0,V
188.925,stepper_y1,,20,,0,0.0,3.0,63.0,1.0,V
188.946,stepper_x,,20,,0,0.0,3.0,63.0,1.0,V
188.946,stepper_y,,20,,0,0.0,3.0,63.0,1.0,V
188.946,stepper_y1,,20,,0,0.0,3.0,63.0,1.0,V
188.966,stepper_x,,20,,0,0.0,3.0,63.0,1.0,V
188.966,stepper_y,,20,,0,0.0,3.0,63.0,1.0,V
188.966,stepper_y1,,20,,0,0.0,3.0,63.0,1.0,V
188.987,stepper_x,,20,,0,0.0,3.0,63.0,1.0,V
188.987,stepper_y,,20,,0,0.0,3.0,63.0,1.0,V
188.987,stepper_y1,,20,,0,0.0,3.0,63.0,1.0,V
189.008,stepper_x,,20,,0,0.0,3.0,63.0,1.0,V
189.008,stepper_y,,20,,0,0.0,3.0,63.0,1.0,V
189.008,stepper_y1,,20,,0,0.0,3.0,63.0,1.0,V
189.028,stepper_x,,20,,0,0.0,3.0,63.0,1.0,V
189.028,stepper_y,,20,,0,0.0,3.0,63.0,1.0,V
189.028,stepper_y1,,20,,0,0.0,3.0,63.0,1.0,V
189.048,stepper_x,,20,,0,0.0,3.0,63.0,1.0,V
189.048,stepper_y,,20,,0,0.0,3.0,63.0,1.0,V
189.048,stepper_y1,,20,,0,0.0,3.0,63.0,1.0,V
189.069,stepper_x,,20,,0,0.0,3.0,63.0,1.0,V
189.069,stepper_y,,20,,0,0.0,3.0,63.0,1.0,V
189.069,stepper_y1,,20,,0,0.0,3.0,63.0,1.0,V
189.09,stepper_x,,20,,0,0.0,3.0,63.0,1.0,V
189.09,stepper_y,,20,,0,0.0,3.0,63.0,1.0,V
189.09,stepper_y1,,20,,0,0.0,3.0,63.0,1.0,V
189.11,stepper_x,,20,,0,0.0,3.0,63.0,1.0,V
189.11,stepper_y,,20,,0,0.0,3.0,63.0,1.0,V
189.11,stepper_y1,,20,,0,0.0,3.0,63.0,1.0,V
189.13,stepper_x,,20,,0,0.0,3.0,63.0,1.0,V
189.13,stepper_y,,20,,0,0.0,3.0,63.0,1.0,V
189.13,stepper_y1,,20,,0,0.0,3.0,63.0,1.0,V
189.151,stepper_x,,20,,0,0.0,3.0,63.0,1.0,V
189.151,stepper_y,,20,,0,0.0,3.0,63.0,1.0,V
189.151,stepper_y1,,20,,0,0.0,3.0,63.0,1.0,V
189.172,stepper_x,,20,,0,0.0,3.0,63.0,1.0,V
189.172,stepper_y,,20,,0,0.0,3.0,63.0,1.0,V
189.172,stepper_y1,,20,,0,0.0,3.0,63.0,1.0,V
189.192,stepper_x,,20,,0,0.0,3.0,63.0,1.0,V
189.192,stepper_y,,20,,0,0.0,3.0,63.0,1.0,V
189.192,stepper_y1,,20,,0,0.0,3.0,63.0,1.0,V
189.212,stepper_x,,20,,0,0.0,3.0,63.0,1.0,V
189.212,stepper_y,,20,,0,0.0,3.0,63.0,1.0,V
189.212,stepper_y1,,20,,0,0.0,3.0,63.0,1.0,V
189.233,stepper_x,,20,,0,0.0,3.0,63.0,1.0,V
189.233,stepper_y,,20,,0,0.0,3.0,63.0,1.0,V
189.233,stepper_y1,,20,,0,0.0,3.0,63.0,1.0,V
189.254,stepper_x,,20,,0,0.0,3.0,63.0,1.0,V
189.254,stepper_y,,20,,0,0.0,3.0,63.0,1.0,V
189.254,stepper_y1,,20,,0,0.0,3.0,63.0,1.0,V
189.274,stepper_x,,20,,0,0.0,3.0,63.0,1.0,V
189.274,stepper_y,,20,,0,0.0,3.0,63.0,1.0,V
189.274,stepper_y1,,20,,0,0.0,3.0,63.0,1.0,V
189.294,stepper_x,,20,,0,0.0,3.0,63.0,1.0,V
189.294,stepper_y,,20,,0,0.0,3.0,63.0,1.0,V
189.294,stepper_y1,,20,,0,0.0,3.0,63.0,1.0,V
189.314,stepper_x,,20,,0,0.0,3.0,63.0,1.0,V
189.314,stepper_y,,20,,0,0.0,3.0,63.0,1.0,V
189.314,stepper_y1,,20,,0,0.0,3.0,63.0,1.0,V
189.335,stepper_x,,20,,0,0.0,3.0,63.0,1.0,V
189.335,stepper_y,,20,,0,0.0,3.0,63.0,1.0,V
189.335,stepper_y1,,20,,0,0.0,3.0,63.0,1.0,V
189.355,stepper_x,,20,,0,0.0,3.0,63.0,1.0,V
189.355,stepper_y,,20,,0,0.0,3.0,63.0,1.0,V
189.355,stepper_y1,,20,,0,0.0,3.0,63.0,1.0,V
189.375,stepper_x,,20,,0,0.0,3.0,63.0,1.0,V
189.375,stepper_y,,20,,0,0.0,3.0,63.0,1.0,V
189.375,stepper_y1,,20,,0,0.0,3.0,63.0,1.0,V
189.396,stepper_x,,20,,0,0.0,3.0,63.0,1.0,V
189.396,stepper_y,,20,,0,0.0,3.0,63.0,1.0,V
189.396,stepper_y1,,20,,0,0.0,3.0,63.0,1.0,V
189.416,stepper_x,,20,,0,0.0,3.0,63.0,1.0,V
189.416,stepper_y,,20,,0,0.0,3.0,63.0,1.0,V
189.416,stepper_y1,,20,,0,0.0,3.0,63.0,1.0,V
189.436,stepper_x,,20,,0,0.0,3.0,63.0,1.0,V
189.436,stepper_y,,20,,0,0.0,3.0,63.0,1.0,V
189.436,stepper_y1,,20,,0,0.0,3.0,63.0,1.0,V
189.456,stepper_x,,20,,0,0.0,3.0,63.0,1.0,V
189.456,stepper_y,,20,,0,0.0,3.0,63.0,1.0,V
189.456,stepper_y1,,20,,0,0.0,3.0,63.0,1.0,V
189.476,stepper_x,,20,,0,0.0,3.0,63.0,1.0,V
189.476,stepper_y,,20,,0,0.0,3.0,63.0,1.0,V
189.476,stepper_y1,,20,,0,0.0,3.0,63.0,1.0,V
189.496,stepper_x,,20,,0,0.0,3.0,63.0,1.0,V
189.496,stepper_y,,20,,0,0.0,3.0,63.0,1.0,V
189.496,stepper_y1,,20,,0,0.0,3.0,63.0,1.0,V
189.517,stepper_x,,20,,0,0.0,3.0,63.0,1.0,V
189.517,stepper_y,,20,,0,0.0,3.0,63.0,1.0,V
189.517,stepper_y1,,20,,0,0.0,3.0,63.0,1.0,V
189.538,stepper_x,,20,,0,0.0,3.0,63.0,1.0,V
189.538,stepper_y,,20,,0,0.0,3.0,63.0,1.0,V
189.538,stepper_y1,,20,,0,0.0,3.0,63.0,1.0,V
189.558,stepper_x,,20,,0,0.0,3.0,63.0,1.0,V
189.558,stepper_y,,20,,0,0.0,3.0,63.0,1.0,V
189.558,stepper_y1,,20,,0,0.0,3.0,63.0,1.0,V
189.578,stepper_x,,20,,0,0.0,3.0,63.0,1.0,V
189.578,stepper_y,,20,,0,0.0,3.0,63.0,1.0,V
189.578,stepper_y1,,20,,0,0.0,3.0,63.0,1.0,V
189.598,stepper_x,,20,,0,0.0,3.0,63.0,1.0,V
189.598,stepper_y,,20,,0,0.0,3.0,63.0,1.0,V
189.598,stepper_y1,,20,,0,0.0,3.0,63.0,1.0,V
189.619,stepper_x,,20,,0,0.0,3.0,63.0,1.0,V
189.619,stepper_y,,20,,0,0.0,3.0,63.0,1.0,V
189.619,stepper_y1,,20,,0,0.0,3.0,63.0,1.0,V
189.639,stepper_x,,20,,0,0.0,3.0,63.0,1.0,V
189.639,stepper_y,,20,,0,0.0,3.0,63.0,1.0,V
189.639,stepper_y1,,20,,0,0.0,3.0,63.0,1.0,V
189.659,stepper_x,,20,,0,0.0,3.0,63.0,1.0,V
189.659,stepper_y,,20,,0,0.0,3.0,63.0,1.0,V
189.659,stepper_y1,,20,,0,0.0,3.0,63.0,1.0,V
189.679,stepper_x,,20,,0,0.0,3.0,63.0,1.0,V
189.679,stepper_y,,20,,0,0.0,3.0,63.0,1.0,V
189.679,stepper_y1,,20,,0,0.0,3.0,63.0,1.0,V
189.699,stepper_x,,20,,0,0.0,3.0,63.0,1.0,V
189.699,stepper_y,,20,,0,0.0,3.0,63.0,1.0,V
189.699,stepper_y1,,20,,0,0.0,3.0,63.0,1.0,V
189.72,stepper_x,,20,,0,0.0,3.0,63.0,1.0,V
189.72,stepper_y,,20,,0,0.0,3.0,63.0,1.0,V
189.72,stepper_y1,,20,,0,0.0,3.0,63.0,1.0,V
189.74,stepper_x,,20,,0,0.0,3.0,63.0,1.0,V
189.74,stepper_y,,20,,0,0.0,3.0,63.0,1.0,V
189.74,stepper_y1,,20,,0,0.0,3.0,63.0,1.0,V
189.76,stepper_x,,20,,0,0.0,3.0,63.0,1.0,V
189.76,stepper_y,,20,,0,0.0,3.0,63.0,1.0,V
189.76,stepper_y1,,20,,0,0.0,3.0,63.0,1.0,V
189.78,stepper_x,,20,,0,0.0,3.0,63.0,1.0,V
189.78,stepper_y,,20,,0,0.0,3.0,63.0,1.0,V
189.78,stepper_y1,,20,,0,0.0,3.0,63.0,1.0,V
189.8,stepper_x,,20,,0,0.0,3.0,63.0,1.0,V
189.8,stepper_y,,20,,0,0.0,3.0,63.0,1.0,V
189.8,stepper_y1,,20,,0,0.0,3.0,63.0,1.0,V
189.821,stepper_x,,20,,0,0.0,3.0,63.0,1.0,V
189.821,stepper_y,,20,,0,0.0,3.0,63.0,1.0,V
189.821,stepper_y1,,20,,0,0.0,3.0,63.0,1.0,V
189.841,stepper_x,,20,,0,0.0,3.0,63.0,1.0,V
189.841,stepper_y,,20,,0,0.0,3.0,63.0,1.0,V
189.841,stepper_y1,,20,,0,0.0,3.0,63.0,1.0,V
189.861,stepper_x,,20,,0,0.0,3.0,63.0,1.0,V
189.861,stepper_y,,20,,0,0.0,3.0,63.0,1.0,V
189.861,stepper_y1,,20,,0,0.0,3.0,63.0,1.0,V
189.881,stepper_x,,20,,0,0.0,3.0,63.0,1.0,V
189.881,stepper_y,,20,,0,0.0,3.0,63.0,1.0,V
189.881,stepper_y1,,20,,0,0.0,3.0,63.0,1.0,V
189.901,stepper_x,,20,,0,0.0,3.0,63.0,1.0,V
189.901,stepper_y,,20,,0,0.0,3.0,63.0,1.0,V
189.901,stepper_y1,,20,,0,0.0,3.0,63.0,1.0,V
189.922,stepper_x,,20,,0,0.0,3.0,63.0,1.0,V
189.922,stepper_y,,20,,0,0.0,3.0,63.0,1.0,V
189.922,stepper_y1,,20,,0,0.0,3.0,63.0,1.0,V
189.942,stepper_x,,20,,0,0.0,3.0,63.0,1.0,V
189.942,stepper_y,,20,,0,0.0,3.0,63.0,1.0,V
189.942,stepper_y1,,20,,0,0.0,3.0,63.0,1.0,V
189.962,stepper_x,,20,,0,0.0,3.0,63.0,1.0,V
189.962,stepper_y,,20,,0,0.0,3.0,63.0,1.0,V
189.962,stepper_y1,,20,,0,0.0,3.0,63.0,1.0,V
189.982,stepper_x,,20,,0,0.0,3.0,63.0,1.0,V
189.982,stepper_y,,20,,0,0.0,3.0,63.0,1.0,V
189.982,stepper_y1,,20,,0,0.0,3.0,63.0,1.0,V
190.002,stepper_x,,20,,0,59.2,3.0,63.32,1.0,D
190.002,stepper_y,,20,,0,59.2,3.0,63.32,1.0,D
190.002,stepper_y1,,20,,0,59.2,3.0,63.32,1.0,D
190.022,stepper_x,,20,,0,59.2,3.0,63.32,1.0,V
190.022,stepper_y,,20,,0,59.2,3.0,63.32,1.0,V
190.022,stepper_y1,,20,,0,59.2,3.0,63.32,1.0,V
190.043,stepper_x,,20,,0,59.2,3.0,63.32,1.0,V
190.043,stepper_y,,20,,0,59.2,3.0,63.32,1.0,V
190.043,stepper_y1,,20,,0,59.2,3.0,63.32,1.0,V
190.063,stepper_x,,20,,0,59.2,3.0,63.32,1.0,V
190.063,stepper_y,,20,,0,59.2,3.0,63.32,1.0,V
190.063,stepper_y1,,20,,0,59.2,3.0,63.32,1.0,V
190.084,stepper_x,,20,,0,59.2,3.0,63.32,1.0,V
190.084,stepper_y,,20,,0,59.2,3.0,63.32,1.0,V
190.084,stepper_y1,,20,,0,59.2,3.0,63.32,1.0,V
190.104,stepper_x,,20,,0,59.2,3.0,63.32,1.0,V
190.104,stepper_y,,20,,0,59.2,3.0,63.32,1.0,V
190.104,stepper_y1,,20,,0,59.2,3.0,63.32,1.0,V
190.124,stepper_x,,20,,0,59.2,3.0,63.32,1.0,V
190.124,stepper_y,,20,,0,59.2,3.0,63.32,1.0,V
190.124,stepper_y1,,20,,0,59.2,3.0,63.32,1.0,V
190.144,stepper_x,,20,,0,59.2,3.0,63.32,1.0,V
190.144,stepper_y,,20,,0,59.2,3.0,63.32,1.0,V
190.144,stepper_y1,,20,,0,59.2,3.0,63.32,1.0,V
190.164,stepper_x,,20,,0,59.2,3.0,63.32,1.0,V
190.164,stepper_y,,20,,0,59.2,3.0,63.32,1.0,V
190.164,stepper_y1,,20,,0,59.2,3.0,63.32,1.0,V
190.184,stepper_x,,20,,0,59.2,3.0,63.32,1.0,V
190.184,stepper_y,,20,,0,59.2,3.0,63.32,1.0,V
190.184,stepper_y1,,20,,0,59.2,3.0,63.32,1.0,V
190.205,stepper_x,,20,,0,59.2,3.0,63.32,1.0,V
190.205,stepper_y,,20,,0,59.2,3.0,63.32,1.0,V
190.205,stepper_y1,,20,,0,59.2,3.0,63.32,1.0,V
190.225,stepper_x,,20,,0,59.2,3.0,63.32,1.0,V
190.225,stepper_y,,20,,0,59.2,3.0,63.32,1.0,V
190.225,stepper_y1,,20,,0,59.2,3.0,63.32,1.0,V
190.245,stepper_x,,20,,0,59.2,3.0,63.32,1.0,V
190.245,stepper_y,,20,,0,59.2,3.0,63.32,1.0,V
190.245,stepper_y1,,20,,0,59.2,3.0,63.32,1.0,V
190.265,stepper_x,,20,,0,300.0,3.0,133.35,1.0,D
190.265,stepper_y,,20,,0,300.0,3.0,133.35,1.0,D
190.265,stepper_y1,,20,,0,300.0,3.0,133.35,1.0,D
